TotalRelatorio,Codigo,Descricao_Produto,Categoria,Quantidade,Preco,Atributos,Deposito,Marca,ValorTotal,NCM,Unidade
"R$ 35.167.575,97",M2688-1,ACEM,Açougue,"198,00","R$ 39,90",,Loja,.,"R$ 7.900,20",02013000,UN
"R$ 35.167.575,97",000001,ACEM,Açougue,"-3626,09","R$ 39,90",,Loja,.,"-R$ 144.680,99",02013000,KG
"R$ 35.167.575,97",M988-1,ACEM,Açougue,"0,00","R$ 36,90",,Loja,GOLD BEEF,"R$ 0,00",02013000,UN
"R$ 35.167.575,97",100003,ACEM,Açougue,"-12,26","R$ 39,90",,Loja,VALENCIO,"-R$ 489,17",02013000,KG
"R$ 35.167.575,97",M2104-1,ACEM - CARNE RESFRIADA DE BOVINO SEM OSSO,Açougue,"1133,00","R$ 42,75",,Loja,FRIGORAÇA,"R$ 48.435,75",02013000,UN
"R$ 35.167.575,97",M1815-1,ACEM BOVINO RESFRIADO,Açougue,"0,00","R$ 36,90",,Loja,FUTURA GERAÇAO ,"R$ 0,00",02013000,UN
"R$ 35.167.575,97",M694-1,ACEM BOVINO RESFRIADO,Açougue,"0,00","R$ 36,90",,Loja,FUTURA GERAÇAO ,"R$ 0,00",02013000,KG
"R$ 35.167.575,97",M1816-1,ACEM BOVINO RESFRIADO,Açougue,"368,00","R$ 36,90",,Loja,FUTURA GERAÇAO ,"R$ 13.579,20",02013000,UN
"R$ 35.167.575,97",000048,ACEM COM OSSO,Açougue,"-0,51","R$ 31,90",,Loja,.,"-R$ 16,27",02012090,KG
"R$ 35.167.575,97",M66-1,ACEM PERDIGÃO,Açougue,"11,00","R$ 860,69",,Loja,PERDIGAO,"R$ 9.467,54",02013000,KG
"R$ 35.167.575,97",000002,ALCATRA,Açougue,"-822,33","R$ 58,90",,Loja,.,"-R$ 48.435,24",02013000,KG
"R$ 35.167.575,97",M1274-1,ALCATRA,Açougue,"0,00","R$ 49,90",,Loja,FUTURA GERAÇAO ,"R$ 0,00",02013000,KG
"R$ 35.167.575,97",M2338-1,ALCATRA,Açougue,"104,00","R$ 60,45",,Loja,JA,"R$ 6.286,80",02013000,UN
"R$ 35.167.575,97",M2234-1,ALCATRA COM MAMINHA,Açougue,"138,00","R$ 49,90",,Loja,FRIGORAÇA,"R$ 6.886,20",02013000,UN
"R$ 35.167.575,97",M2218-1,ALCATRA COM MAMINHA,Açougue,"0,00","R$ 59,90",,Loja,FRIGORAÇA,"R$ 0,00",02013000,UN
"R$ 35.167.575,97",000003,ALMONDEGAS,Açougue,"0,00","R$ 39,90",,Loja,.,"R$ 0,00",16025000,KG
"R$ 35.167.575,97",M1473-1,ALMONDEGAS 500G,Açougue,"0,00","R$ 22,90",,Loja,COMPADRE,"R$ 0,00",16025000,UN
"R$ 35.167.575,97",M2555-1,APRESUNTADO AURORA,Açougue,"4,00","R$ 35,00",,Loja,AURORA,"R$ 140,00",16024900,UN
"R$ 35.167.575,97",000090,ASA,Açougue,"-1002,61","R$ 16,90",,Loja,.,"-R$ 16.944,11",02071413,KG
"R$ 35.167.575,97",M2524-1,ASA,Açougue,"2,00","R$ 16,90",,Loja,ADORO,"R$ 33,80",02071413,UN
"R$ 35.167.575,97",M2608-1,ASA,Açougue,"2,00","R$ 15,00",,Loja,ADORO,"R$ 30,00",02071300,UN
"R$ 35.167.575,97",M2683-1,ASA,Açougue,"5,00","R$ 15,00",,Loja,ADORO,"R$ 75,00",02071413,UN
"R$ 35.167.575,97",M1282-1,ASA,Açougue,"-5,00","R$ 15,99",,Loja,Holambra,"-R$ 79,95",02071300,UN
"R$ 35.167.575,97",M60-1,ASA INTEIRA,Açougue,"0,00","R$ 14,90",,Loja,PERDIGAO,"R$ 0,00",02071413,KG
"R$ 35.167.575,97",M2783-1,AUROGGETS 275G,Açougue,"-9,00","R$ 9,99",,Loja,AURORA,"-R$ 89,91",16023230,UN
"R$ 35.167.575,97",7891164110635,AUROGGETS CROCANTE 275G,Açougue,"0,00","R$ 8,90",,Loja,AURORA,"R$ 0,00",16023230,UN
"R$ 35.167.575,97",M1832-1,AUROGGETS GRAN 900G,Açougue,"20,00","R$ 13,90",,Loja,AURORA,"R$ 278,00",16023230,UN
"R$ 35.167.575,97",7891164110727,AUROGGETS QUEIJO - 275G,Açougue,"0,00","R$ 8,90",,Loja,AURORA,"R$ 0,00",16023230,UN
"R$ 35.167.575,97",M2801-1,AUROGGETS TRADICIONAL 275G,Açougue,"1,00","R$ 9,99",,Loja,AURORA,"R$ 9,99",16023230,UN
"R$ 35.167.575,97",7891164110703,AUROGGETS TRADICIONAL 800G,Açougue,"-91,00","R$ 24,90",,Loja,AURORA,"-R$ 2.265,90",16023230,UN
"R$ 35.167.575,97",M2127-1,BABY BEEF,Açougue,"12,00","R$ 65,85",,Loja,FRIGORAÇA,"R$ 790,20",02013000,UN
"R$ 35.167.575,97",M2504-1,BABY BEEF BLACK ANGUS NOVILHO,Açougue,"15,00","R$ 64,90",,Loja,MEQSO,"R$ 973,50",02013000,UN
"R$ 35.167.575,97",000159,BACALHAU DESSALGADO,Açougue,"-27,72","R$ 55,90",,Loja,.,"-R$ 1.549,55",16010000,KG
"R$ 35.167.575,97",000060,BACON,Açougue,"-328,28","R$ 39,90",,Loja,.,"-R$ 13.098,37",16024900,KG
"R$ 35.167.575,97",061,BACON FATIADO 1K,Açougue,"-2,00","R$ 59,90",,Loja,sabor muneuro,"-R$ 119,80",16024900,KG
"R$ 35.167.575,97",M653-1,BACON INTEIRO PVAR,Açougue,"2,00","R$ 39,90",,Loja,SADIA,"R$ 79,80",02101200,KG
"R$ 35.167.575,97",000004,BANANINHA,Açougue,"-61,91","R$ 49,90",,Loja,.,"-R$ 3.089,31",02013000,KG
"R$ 35.167.575,97",M2126-1,BANANINHA,Açougue,"23,00","R$ 45,75",,Loja,FRIGORAÇA,"R$ 1.052,25",02013000,UN
"R$ 35.167.575,97",M2699-1,BANDA SUINA,Açougue,"653,00","R$ 11,70",,Loja,FRIUNA,"R$ 7.640,10",02031100,UN
"R$ 35.167.575,97",631911741135,BANHA SUINA POTE 400G,Açougue,"-17,00","R$ 12,90",,Loja,.,"-R$ 219,30",02031200,UN
"R$ 35.167.575,97",M2826-1,BARRIGA,Açougue,"48,00","R$ 21,30",,Loja,ESTRELA,"R$ 1.022,40",02032900,UN
"R$ 35.167.575,97",M2445-1,BARRIGA,Açougue,"43,00","R$ 28,49",,Loja,FUTURA,"R$ 1.224,86",02032900,UN
"R$ 35.167.575,97",M1273-1,BARRIGA,Açougue,"0,00","R$ 29,90",,Loja,FUTURA GERAÇAO ,"R$ 0,00",02032900,KG
"R$ 35.167.575,97",000120,BARRIGA SUINA,Açougue,"0,00","R$ 19,90",,Loja,.,"R$ 0,00",02101200,KG
"R$ 35.167.575,97",M2298-1,BATATA CURCUMA EASYCHEF 2KG,Açougue,"42,00","R$ 29,90",,Loja, EASYCHEF,"R$ 1.255,80",20041000,UN
"R$ 35.167.575,97",M2529-1,BATATA ECOFRIES 10MM MCCAIN 2KG,Açougue,"6,00","R$ 32,00",,Loja,ECOFRIES,"R$ 192,00",20041000,UN
"R$ 35.167.575,97",7897200607688,"BATATA PALITO 1,1KG",Açougue,"-17,00","R$ 14,90",,Loja,CANÇÃO,"-R$ 253,30",20041000,UN
"R$ 35.167.575,97",M2802-1,BATATA PALITO 2KG,Açougue,"2,00","R$ 29,90",,Loja,NOBRE,"R$ 59,80",20041000,UN
"R$ 35.167.575,97",7891164026707,"BATATA PALITO CONGELADA 1,05KG",Açougue,"-13,00","R$ 24,90",,Loja,AURORA,"-R$ 323,70",20041000,UN
"R$ 35.167.575,97",M62-1,BATATA PALITO CONGELADA 2KG,Açougue,"-0,63","R$ 22,00",,Loja,CANÇÃO ALIMENTOS,"-R$ 13,86",20041000,KG
"R$ 35.167.575,97",M2784-1,BATATA PALITO CONGELADA 2KG NOBRE,Açougue,"-4,00","R$ 29,90",,Loja,NOBRE,"-R$ 119,60",20041000,UN
"R$ 35.167.575,97",M1376-1,BATATA PALITO EASYCHEF 2KG,Açougue,"-64,00","R$ 29,90",,Loja,EASY CHEF,"-R$ 1.913,60",20041000,UN
"R$ 35.167.575,97",M2640-1,BATATA STAR FRITES 2KG,Açougue,"-5,00","R$ 24,90",,Loja,STAR FRITES,"-R$ 124,50",20041000,UN
"R$ 35.167.575,97",000005,BIFE A ROLE TEMPERADO,Açougue,"-36,15","R$ 49,90",,Loja,.,"-R$ 1.803,89",02013000,KG
"R$ 35.167.575,97",000006,BIFE ANCHO,Açougue,"-117,85","R$ 79,90",,Loja,.,"-R$ 9.416,22",02013000,KG
"R$ 35.167.575,97",000007,BIFE BOVINO EMPANADO,Açougue,"-180,63","R$ 49,90",,Loja,.,"-R$ 9.013,44",02013000,KG
"R$ 35.167.575,97",000008,BIFE BOVINO TEMPERADO,Açougue,"-730,00","R$ 49,90",,Loja,.,"-R$ 36.427,00",02013000,KG
"R$ 35.167.575,97",000121,BISTECA SUINA,Açougue,"-1212,57","R$ 16,90",,Loja,.,"-R$ 20.492,43",02032900,KG
"R$ 35.167.575,97",000122,BISTECA SUINA TEMPERADA,Açougue,"0,00","R$ 24,90",,Loja,.,"R$ 0,00",02032900,KG
"R$ 35.167.575,97",M2660-1,BOLINHA DE QUEIJO 500G,Açougue,"3,00","R$ 27,90",,Loja,A CASA DO SALGADO,"R$ 83,70",19022000,UN
"R$ 35.167.575,97",M2782-1,BOMBOM CHOCOBAR,Açougue,"1,00","R$ 9,00",,Loja,JUNDIA,"R$ 9,00",21050010,UN
"R$ 35.167.575,97",M1933-1,BOVINOS - MOCOTO,Açougue,"471,00","R$ 11,90",,Loja,COWPIG,"R$ 5.604,90",02062990,UN
"R$ 35.167.575,97",7891164149994,BROCOLIS,Açougue,"-60,00","R$ 9,90",,Loja,AURORA,"-R$ 594,00",07108000,UN
"R$ 35.167.575,97",M2727-1,BUCHO,Açougue,"67,00","R$ 19,90",,Loja,COWPIG,"R$ 1.333,30",05040011,UN
"R$ 35.167.575,97",000009,BUCHO BOVINO,Açougue,"-178,65","R$ 19,90",,Loja,.,"-R$ 3.555,14",02062990,KG
"R$ 35.167.575,97",M2334-1,BUCHO BOVINO,Açougue,"18,00","R$ 21,74",,Loja,FUTURA GERAÇAO ,"R$ 391,23",02062990,UN
"R$ 35.167.575,97",M2336-1,BUCHO BOVINO,Açougue,"103,00","R$ 20,90",,Loja,O REIZAO,"R$ 2.152,70",02022090,UN
"R$ 35.167.575,97",M2216-1,BUCHO BOVINO,Açougue,"74,00","R$ 20,99",,Loja,O REIZAO,"R$ 1.552,89",02022090,UN
"R$ 35.167.575,97",000010,CAPA DE FILE,Açougue,"-7,85","R$ 43,90",,Loja,.,"-R$ 344,62",02013000,KG
"R$ 35.167.575,97",M1280-1,CAPA DE FILE,Açougue,"0,00","R$ 34,90",,Loja,BF MEAT,"R$ 0,00",02013000,UN
"R$ 35.167.575,97",M2443-1,CARCAÇA,Açougue,"0,00","R$ 13,35",,Loja,FRIGOESTRELA,"R$ 0,00",02031100,UN
"R$ 35.167.575,97",M1814-1,CARCACA SUINA,Açougue,"1892947,00","R$ 18,90",,Loja,RAJA,"R$ 35.776.698,30",02031100,UN
"R$ 35.167.575,97",M1930-1,CARCACA SUINA SPCB,Açougue,"851,00","R$ 15,45",,Loja,RAJA,"R$ 13.147,95",02031100,UN
"R$ 35.167.575,97",000011,CARNE MOIDA BOVINA,Açougue,"-307,34","R$ 41,90",,Loja,.,"-R$ 12.877,55",02013000,KG
"R$ 35.167.575,97",M2118-1,CARNE RESFRIADA DE BOVINO SEM OSSO,Açougue,"674,00","R$ 46,50",,Loja,JA,"R$ 31.341,00",02013000,UN
"R$ 35.167.575,97",M2474-1,CARNE RESFRIADA DE FRANGO,Açougue,"179,00","R$ 8,70",,Loja,GTF,"R$ 1.557,30",02071300,UN
"R$ 35.167.575,97",M664-1,CARNE RESFRIADA DE FRANGO COM OSSO,Açougue,"0,00","R$ 16,20",,Loja,.,"R$ 0,00",02071300,UN
"R$ 35.167.575,97",M666-1,CARNE RESFRIADA DE FRANGO COM OSSO - MEIO DA ASA,Açougue,"0,00","R$ 23,90",,Loja,.,"R$ 0,00",02071300,KG
"R$ 35.167.575,97",M2470-1,CARNE RESFRIADA DE FRANGO S/ OSSO S/ PELE PEITO S/ SASSAMI PCT PV CX 20 KG,Açougue,"500,00","R$ 18,00",,Loja,GTF,"R$ 9.000,00",02071300,UN
"R$ 35.167.575,97",M2236-1,CARNE SALGADA CURADA DESSECADA DE BOVINO,Açougue,"180,00","R$ 56,90",,Loja,JA,"R$ 10.242,00",02102000,UN
"R$ 35.167.575,97",000012,CARNE SALGADA CURADA DESSECADA DE BOVINO,Açougue,"-390,76","R$ 56,90",,Loja,JA,"-R$ 22.234,24",02102000,KG
"R$ 35.167.575,97",M2235-1,CARNE SALGADA CURADA DESSECADA DE BOVINO,Açougue,"210,00","R$ 56,90",,Loja,JA,"R$ 11.949,00",02102000,UN
"R$ 35.167.575,97",M2296-1,CARNE SALGADA CURADA DESSECADA DE BOVINO,Açougue,"90,00","R$ 57,90",,Loja,JA,"R$ 5.211,00",02102000,UN
"R$ 35.167.575,97",M2374-1,CARNE SALGADA DE SUINO COM OSSO-RECORTES DE COSTELA-AURORA,Açougue,"8,00","R$ 23,90",,Loja,AURORA,"R$ 191,20",02101900,UN
"R$ 35.167.575,97",M57-1,CARRE,Açougue,"0,00","R$ 19,90",,Loja,ROSA PIG,"R$ 0,00",02031200,KG
"R$ 35.167.575,97",M2528-1,CARRE ROSA PIG,Açougue,"231,00","R$ 15,75",,Loja,O REIZAO,"R$ 3.638,25",02031200,UN
"R$ 35.167.575,97",M1874-1,CHICKEN CRISPY 300G,Açougue,"-33,00","R$ 11,90",,Loja,SEARA,"-R$ 392,70",16023230,UN
"R$ 35.167.575,97",000061,CHORIZO,Açougue,"-2,22","R$ 24,90",,Loja,.,"-R$ 55,28",16010000,KG
"R$ 35.167.575,97",000599,CHOURICO,Açougue,"-47,97","R$ 29,99",,Loja,.,"-R$ 1.438,62",16010000,KG
"R$ 35.167.575,97",000013,CHULETA,Açougue,"-854,06","R$ 45,90",,Loja,.,"-R$ 39.201,35",02013000,KG
"R$ 35.167.575,97",004990,CHULETA COM FILE MIGNON,Açougue,"0,00","R$ 49,90",,Loja,.,"R$ 0,00",02013000,KG
"R$ 35.167.575,97",000598,CODEGUIM,Açougue,"-15,13","R$ 29,99",,Loja,.,"-R$ 453,75",16010000,KG
"R$ 35.167.575,97",000014,CONTRA FILE,Açougue,"-2341,81","R$ 64,99",,Loja,.,"-R$ 152.194,23",02013000,KG
"R$ 35.167.575,97",M1825-1,CONTRA FILE,Açougue,"274,00","R$ 64,90",,Loja,FRIGORAÇA,"R$ 17.782,60",02013000,UN
"R$ 35.167.575,97",001488,CONTRA FILE,Açougue,"0,00","R$ 62,90",,Loja,GOLD BEEF (C/NOIX) ,"R$ 0,00",02013000,KG
"R$ 35.167.575,97",M2119-1,CONTRA FILE,Açougue,"167,00","R$ 67,50",,Loja,JA,"R$ 11.272,50",02013000,UN
"R$ 35.167.575,97",M87-1,CONTRA FILE,Açougue,"-4,54","R$ 49,90",,Loja,VALENCIO,"-R$ 226,55",02013000,KG
"R$ 35.167.575,97",M2700-1,CONTRA FILE GRANCARNES,Açougue,"139,00","R$ 64,90",,Loja,GRANCARNES ,"R$ 9.021,10",02013000,UN
"R$ 35.167.575,97",000015,CONTRA FILE GRILL,Açougue,"-2,99","R$ 69,90",,Loja,.,"-R$ 209,00",02013000,KG
"R$ 35.167.575,97",M1835-1,CONTRA FILE GRILL,Açougue,"94,00","R$ 64,90",,Loja,FUTURA,"R$ 6.100,60",02013000,UN
"R$ 35.167.575,97",M2656-1,CONTRA FILE GRILL,Açougue,"0,00","R$ 65,90",,Loja,GRAN CARNES ,"R$ 0,00",02013000,UN
"R$ 35.167.575,97",M2448-1,CONTRA FILE GRILL,Açougue,"26,00","R$ 65,00",,Loja,JA,"R$ 1.690,00",02013000,UN
"R$ 35.167.575,97",M958-1,CONTRA FILE GRILL,Açougue,"0,00","R$ 49,90",,Loja,VALENCIO,"R$ 0,00",02013000,UN
"R$ 35.167.575,97",M1988-1,CONTRA FILE INTEIRO,Açougue,"104,00","R$ 64,90",,Loja,PALADAR ,"R$ 6.749,60",02013000,UN
"R$ 35.167.575,97",M1989-1,CONTRA FILE RAMAX CHORIZO,Açougue,"690,00","R$ 64,90",,Loja,MILKO,"R$ 44.781,00",02013000,UN
"R$ 35.167.575,97",M2704-1,CONTRA FILET GRILL,Açougue,"24,00","R$ 64,90",,Loja,KBG,"R$ 1.557,60",02013000,UN
"R$ 35.167.575,97",M699-1,CONTRA-FILE,Açougue,"0,00","R$ 62,43",,Loja,GOLD BEEF,"R$ 0,00",02013000,KG
"R$ 35.167.575,97",000016,CONTRAFILE BOV CHORIZO BASSI,Açougue,"-23,79","R$ 79,90",,Loja,SADIA,"-R$ 1.900,82",02013000,KG
"R$ 35.167.575,97",M2818-1,COPA LOMBO COM OSSO,Açougue,"41,00","R$ 16,35",,Loja,ROSA PIG,"R$ 670,35",02031200,UN
"R$ 35.167.575,97",000124,COPA LOMBO SEM OSSO,Açougue,"-59,78","R$ 29,90",,Loja,.,"-R$ 1.787,42",02032900,KG
"R$ 35.167.575,97",M2473-1,CORACAO,Açougue,"120,00","R$ 45,89",,Loja,SANTA CECILIA,"R$ 5.506,20",02071433,UN
"R$ 35.167.575,97",M2809-1,CORACAO DA ALCATRA,Açougue,"1,00","R$ 59,90",,Loja,PERDIGAO,"R$ 59,90",02013000,UN
"R$ 35.167.575,97",M2000-1,CORACAO DA ALCATRA - CARNE RESF DE BOV S/ OSSO,Açougue,"67,00","R$ 61,50",,Loja,FRIGORAÇA,"R$ 4.120,50",02013000,UN
"R$ 35.167.575,97",000091,CORACAO DE FRANGO,Açougue,"-237,42","R$ 45,90",,Loja,.,"-R$ 10.897,58",02071433,KG
"R$ 35.167.575,97",M54-1,CORACAO DO ALCATRA,Açougue,"0,00","R$ 49,90",,Loja,VALENCIO,"R$ 0,00",02013000,KG
"R$ 35.167.575,97",M2553-1,CORTE DE FRANGO COXA E SOBRE COXA PCT RESFRIAD,Açougue,"15,00","R$ 10,90",,Loja,ADORO,"R$ 163,50",02071300,UN
"R$ 35.167.575,97",M2-1,CORTES CONG FRANGO (COXINHA DAS ASAS DRUMETTE),Açougue,"0,00","R$ 16,50",,Loja,Holambra,"R$ 0,00",02071419,UN
"R$ 35.167.575,97",M3-1,CORTES RESF FRANGO (PES),Açougue,"0,00","R$ 9,30",,Loja,Holambra,"R$ 0,00",02071300,KG
"R$ 35.167.575,97",000017,COSTELA BOVINA,Açougue,"-2531,89","R$ 26,99",,Loja,.,"-R$ 68.335,71",02013000,KG
"R$ 35.167.575,97",M2106-1,COSTELA COM COURO ROSA PIG,Açougue,"135,00","R$ 28,35",,Loja,O REIZAO,"R$ 3.827,25",02032900,UN
"R$ 35.167.575,97",000087,COSTELA DE LEiTAO,Açougue,"-0,40","R$ 29,90",,Loja,.,"-R$ 11,96",02101100,KG
"R$ 35.167.575,97",000018,COSTELA DESSOSSADA,Açougue,"-42,56","R$ 39,90",,Loja,.,"-R$ 1.698,14",02013000,KG
"R$ 35.167.575,97",M1966-1,COSTELA GRILL,Açougue,"0,00","R$ 26,99",,Loja,GRILL,"R$ 0,00",02013000,KG
"R$ 35.167.575,97",000086,COSTELA RECHEADA,Açougue,"-6,17","R$ 49,90",,Loja,.,"-R$ 307,88",02013000,KG
"R$ 35.167.575,97",M58-1,COSTELA SUINA,Açougue,"856,80","R$ 29,90",,Loja,ROSA PIG,"R$ 25.618,32",02032900,KG
"R$ 35.167.575,97",M2444-1,COSTELA SUINA CONGELADA,Açougue,"76,00","R$ 26,99",,Loja,FUTURA,"R$ 2.050,86",02032900,UN
"R$ 35.167.575,97",M1305-1,COSTELA SUINA TEMPERADA SABOR BARBECUE,Açougue,"0,00","R$ 18,00",,Loja,PERDIGAO,"R$ 0,00",02032900,UN
"R$ 35.167.575,97",000125,COSTELINHA SUINA,Açougue,"-1347,11","R$ 27,90",,Loja,.,"-R$ 37.584,37",02031200,KG
"R$ 35.167.575,97",M2376-1,COSTELINHA SUINA,Açougue,"2,00","R$ 25,35",,Loja,MBRF,"R$ 50,70",02101900,UN
"R$ 35.167.575,97",M1283-1,COSTELINHA SUINA,Açougue,"0,00","R$ 24,90",,Loja,SADIA,"R$ 0,00",02032900,UN
"R$ 35.167.575,97",000126,COSTELINHA SUINA SALGADA,Açougue,"-78,95","R$ 29,90",,Loja,.,"-R$ 2.360,61",02101900,KG
"R$ 35.167.575,97",000092,COXA COM SOBRECOXA,Açougue,"-1752,91","R$ 10,90",,Loja,.,"-R$ 19.106,72",02071423,KG
"R$ 35.167.575,97",M665-1,COXA COM SOBRECOXA,Açougue,"0,00","R$ 11,90",,Loja,.,"R$ 0,00",02071300,UN
"R$ 35.167.575,97",M2684-1,COXA COM SOBRECOXA,Açougue,"5,00","R$ 11,90",,Loja,ADORO,"R$ 59,50",02071412,UN
"R$ 35.167.575,97",M1823-1,COXA COM SOBRECOXA,Açougue,"10,00","R$ 336,00",,Loja,ADORO,"R$ 3.360,00",02071423,UN
"R$ 35.167.575,97",M1836-1,COXA COM SOBRECOXA,Açougue,"80,00","R$ 11,90",,Loja,FUTURA,"R$ 952,00",02071412,UN
"R$ 35.167.575,97",M2705-1,COXA E SOBRECOXA,Açougue,"5,00","R$ 11,90",,Loja,ADORO,"R$ 59,50",02071412,UN
"R$ 35.167.575,97",M2503-1,COXA E SOBRECOXA,Açougue,"99,00","R$ 9,75",,Loja,SANTA CECILIA,"R$ 965,25",02071412,UN
"R$ 35.167.575,97",000019,COXAO DURO,Açougue,"-597,61","R$ 47,90",,Loja,.,"-R$ 28.625,52",02013000,KG
"R$ 35.167.575,97",M2124-1,COXAO DURO,Açougue,"188,00","R$ 51,60",,Loja,FRIGORAÇA,"R$ 9.700,80",02013000,UN
"R$ 35.167.575,97",M1834-1,COXAO DURO,Açougue,"169,00","R$ 46,90",,Loja,FUTURA,"R$ 7.926,10",02013000,UN
"R$ 35.167.575,97",M2695-1,COXAO DURO,Açougue,"80,00","R$ 46,90",,Loja,GOLDEN,"R$ 3.752,00",02013000,UN
"R$ 35.167.575,97",M2120-1,COXAO DURO,Açougue,"722,00","R$ 51,75",,Loja,JA,"R$ 37.363,50",02013000,UN
"R$ 35.167.575,97",M2328-1,COXAO DURO,Açougue,"13,00","R$ 47,90",,Loja,PERDIGAO,"R$ 622,70",02013000,UN
"R$ 35.167.575,97",M2701-1,COXAO DURO BOVINO,Açougue,"94,00","R$ 49,50",,Loja,RAMAX,"R$ 4.653,00",02013000,UN
"R$ 35.167.575,97",000020,COXAO MOLE,Açougue,"-1066,23","R$ 49,90",,Loja,.,"-R$ 53.204,88",02013000,KG
"R$ 35.167.575,97",M1833-1,COXAO MOLE,Açougue,"11500,00","R$ 48,90",,Loja,FRIGORAÇA,"R$ 562.350,00",02013000,UN
"R$ 35.167.575,97",M2799-1,COXAO MOLE,Açougue,"65,00","R$ 55,50",,Loja,GOLDEN,"R$ 3.607,50",02013000,UN
"R$ 35.167.575,97",M2402-1,COXÃO MOLE,Açougue,"408,00","R$ 53,85",,Loja,JA,"R$ 21.970,80",02013000,UN
"R$ 35.167.575,97",M67-1,COXAO MOLE,Açougue,"5,00","R$ 905,13",,Loja,MONTANA PERDIGÃO,"R$ 4.525,65",02013000,UN
"R$ 35.167.575,97",M1931-1,COXAO MOLE BOVINO RESFRIADO,Açougue,"128,00","R$ 48,90",,Loja,FUTURA GERAÇAO ,"R$ 6.259,20",02013000,UN
"R$ 35.167.575,97",6363,COXAO MOLE SEM CAPA,Açougue,"0,00","R$ 54,90",,Loja,.,"R$ 0,00",02013000,UN
"R$ 35.167.575,97",M1826-1,COXAS COM SOBRECOXAS,Açougue,"116,00","R$ 11,90",,Loja,Holambra,"R$ 1.380,40",02071300,UN
"R$ 35.167.575,97",M2337-1,COXAS SOBRECOXAS SEM OSSO,Açougue,"109,00","R$ 17,25",,Loja,Holambra,"R$ 1.880,25",02071423,UN
"R$ 35.167.575,97",000093,COXINHA DA ASA,Açougue,"-446,70","R$ 16,90",,Loja,.,"-R$ 7.549,23",02071413,KG
"R$ 35.167.575,97",000115,COXINHA DA ASA,Açougue,"-51,15","R$ 19,99",,Loja,.,"-R$ 1.022,49",02071413,KG
"R$ 35.167.575,97",M2607-1,COXINHA DA ASA,Açougue,"10,00","R$ 15,00",,Loja,ADORO,"R$ 150,00",02071413,UN
"R$ 35.167.575,97",M2522-1,COXINHA DA ASA,Açougue,"4,00","R$ 16,90",,Loja,ADORO,"R$ 67,60",02071413,UN
"R$ 35.167.575,97",M1353-1,COXINHA DA ASA,Açougue,"0,00","R$ 15,90",,Loja,ALLIZ,"R$ 0,00",02071300,UN
"R$ 35.167.575,97",M1277-1,COXINHA DA ASA,Açougue,"0,00","R$ 15,99",,Loja,COPACOL,"R$ 0,00",02071413,UN
"R$ 35.167.575,97",M2511-1,COXINHA DA ASA,Açougue,"40,00","R$ 13,60",,Loja,GTF,"R$ 544,00",02071300,UN
"R$ 35.167.575,97",7891164110826,COXINHA DA ASA EMPANADA 360G,Açougue,"0,00","R$ 18,90",,Loja,AURORA,"R$ 0,00",16023220,UN
"R$ 35.167.575,97",M1604-1,COXINHA DA ASA SADIA 1KG,Açougue,"0,00","R$ 16,90",,Loja,SADIA,"R$ 0,00",02071419,UN
"R$ 35.167.575,97",M2659-1,COXINHA DE FRANGO  500G,Açougue,"4,00","R$ 27,90",,Loja,A CASA DO SALGADO,"R$ 111,60",19022000,UN
"R$ 35.167.575,97",M1450-1,CUIABANA BOVINA COM QUEIJO 800 GR,Açougue,"0,00","R$ 32,99",,Loja,CUMPADRE,"R$ 0,00",16010000,UN
"R$ 35.167.575,97",M1465-1,CUIABANA BOVINA COM QUEIJO E PIMENTA BIQUINHO 800 GR,Açougue,"-1,00","R$ 32,99",,Loja,CUMPADRE,"-R$ 32,99",16010000,UN
"R$ 35.167.575,97",M1468-1,CUIABANA DE FRANGO COM QUEIJO 800 GR,Açougue,"-2,00","R$ 31,99",,Loja,COMPADRE,"-R$ 63,98",16010000,UN
"R$ 35.167.575,97",M1467-1,CUIABANA SUINA C RUCULA E TOMATE SECO 800 GR,Açougue,"0,00","R$ 31,99",,Loja,DO COMPADRE,"R$ 0,00",16010000,UN
"R$ 35.167.575,97",000021,CUPIM,Açougue,"-174,33","R$ 49,90",,Loja,.,"-R$ 8.699,07",02013000,KG
"R$ 35.167.575,97",M2519-1,CUPIM,Açougue,"88,00","R$ 50,99",,Loja,FUTURA GERAÇAO ,"R$ 4.486,68",02062990,UN
"R$ 35.167.575,97",M2439-1,CUPIM CONGELADO (A),Açougue,"42,00","R$ 49,90",,Loja,FUTURA,"R$ 2.095,80",02062990,UN
"R$ 35.167.575,97",5,DELIVERY,Açougue,"-46,00","R$ 5,00",,Loja,.,"-R$ 230,00",22011000,UN
"R$ 35.167.575,97",M2505-1,DIANTEIRO COM OSSO DE BOI,Açougue,"258,00","R$ 30,75",,Loja,FRIGORAÇA,"R$ 7.933,50",02012010,UN
"R$ 35.167.575,97",M2432-1,DIANTEIRO DE BOVINO,Açougue,"47,00","R$ 29,90",,Loja,COPWPIG,"R$ 1.405,30",02012010,UN
"R$ 35.167.575,97",M1156-1,EMPANADO DE FRANGO (FUT CHICKEN) 300G,Açougue,"0,00","R$ 8,99",,Loja,.,"R$ 0,00",16023230,UN
"R$ 35.167.575,97",M63-1,EMPANADO DE FRANGO CONGELADO,Açougue,"-4,06","R$ 24,90",,Loja,CRISPTY CHCKEN,"-R$ 101,09",16023220,KG
"R$ 35.167.575,97",M2661-1,ESFIHA DE CARNE MINI 500 G,Açougue,"11,00","R$ 35,90",,Loja,A CASA DO SALGADO,"R$ 394,90",19022000,UN
"R$ 35.167.575,97",M2673-1,ESFIRRA DE CARNE 500G,Açougue,"-10,00","R$ 36,90",,Loja,A CASA DO SALGADO,"-R$ 369,00",19022000,UN
"R$ 35.167.575,97",M1577-1,ESPETINHO DE QUEIJO COALHI COM GOIABADA,Açougue,"-13,00","R$ 49,90",,Loja,EMPORIO CAIPIRA,"-R$ 648,70",21069090,UN
"R$ 35.167.575,97",000022,ESPETO BOVINO,Açougue,"-251,07","R$ 55,00",,Loja,.,"-R$ 13.808,85",16025000,KG
"R$ 35.167.575,97",000023,ESPETO DE CAFTA,Açougue,"-77,72","R$ 46,90",,Loja,.,"-R$ 3.645,07",16025000,KG
"R$ 35.167.575,97",000024,ESPETO DE CORACAO,Açougue,"-33,70","R$ 55,00",,Loja,.,"-R$ 1.853,50",16023210,KG
"R$ 35.167.575,97",000094,ESPETO DE FRANGO,Açougue,"-139,60","R$ 39,90",,Loja,.,"-R$ 5.570,04",16023210,KG
"R$ 35.167.575,97",000062,ESPETO DE LINGUICA,Açougue,"-131,75","R$ 45,00",,Loja,.,"-R$ 5.928,75",16010000,KG
"R$ 35.167.575,97",003132,ESPETO DE LINGUICA DE FRANGO,Açougue,"0,00","R$ 39,90",,Loja,.,"R$ 0,00",16010000,KG
"R$ 35.167.575,97",000123,ESPETO DE PANCETA,Açougue,"-22,32","R$ 39,90",,Loja,.,"-R$ 890,57",02032900,KG
"R$ 35.167.575,97",000127,ESPETO DE PERNIL,Açougue,"-2,18","R$ 35,00",,Loja,.,"-R$ 76,30",16010000,KG
"R$ 35.167.575,97",003131,ESPETO LINGUICA DE FRANGO,Açougue,"0,00","R$ 39,90",,Loja,.,"R$ 0,00",16010000,KG
"R$ 35.167.575,97",M2645-1,FIGADO,Açougue,"72,00","R$ 16,95",,Loja,COWPIG,"R$ 1.220,40",02062200,UN
"R$ 35.167.575,97",M1428-1,FIGADO BANDEIJA,Açougue,"-5,00","R$ 9,90",,Loja,COPACOL,"-R$ 49,50",02071431,UN
"R$ 35.167.575,97",000025,FIGADO BOVINO,Açougue,"-519,72","R$ 19,90",,Loja,.,"-R$ 10.342,43",02062200,KG
"R$ 35.167.575,97",M2214-1,FIGADO BOVINO,Açougue,"219,00","R$ 19,90",,Loja,O REIZAO,"R$ 4.358,10",02062200,UN
"R$ 35.167.575,97",M2471-1,FIGADO BOVINO JBS,Açougue,"286,00","R$ 17,69",,Loja,O REIZAO,"R$ 5.057,91",02062200,UN
"R$ 35.167.575,97",M2335-1,FIGADO CONGELADO,Açougue,"26,00","R$ 21,29",,Loja,FUTURA,"R$ 553,41",02062200,UN
"R$ 35.167.575,97",M44-1,FIGADO CONGELADO,Açougue,"0,00","R$ 16,34",,Loja,FUTURA GERAÇAO ,"R$ 0,00",02062200,KG
"R$ 35.167.575,97",M2348-1,FIGADO CONGELADO,Açougue,"20,00","R$ 6,02",,Loja,SANTA CECILIA,"R$ 120,30",02071431,UN
"R$ 35.167.575,97",000095,FIGADO DE FRANGO,Açougue,"-51,28","R$ 7,50",,Loja,.,"-R$ 384,60",02071431,KG
"R$ 35.167.575,97",000026,FILE COSTELA BOV ANCHO BASSI,Açougue,"-2,70","R$ 79,90",,Loja,SADIA,"-R$ 215,73",02013000,KG
"R$ 35.167.575,97",000096,FILE COXA TEMPERADO,Açougue,"-352,90","R$ 21,90",,Loja,.,"-R$ 7.728,51",02071300,KG
"R$ 35.167.575,97",M2340-1,FILE DE COSTELA,Açougue,"63,00","R$ 75,75",,Loja,JA,"R$ 4.772,25",02013000,UN
"R$ 35.167.575,97",M1352-1,FILE DE COXA SOBRECOXA,Açougue,"-1,00","R$ 19,90",,Loja,ALLIZ,"-R$ 19,90",02071423,UN
"R$ 35.167.575,97",000097,FILE DE FRANGO,Açougue,"-1265,05","R$ 23,90",,Loja,.,"-R$ 30.234,70",02071411,KG
"R$ 35.167.575,97",M2551-1,FILE DE FRANGO SEM OSSO,Açougue,"5,00","R$ 23,90",,Loja,ADORO,"R$ 119,50",02071300,UN
"R$ 35.167.575,97",000098,FILE DE FRANGO TEMPERADO,Açougue,"-432,53","R$ 26,90",,Loja,.,"-R$ 11.635,06",02071411,KG
"R$ 35.167.575,97",000160,FILE DE MERLUZA,Açougue,"-140,84","R$ 36,90",,Loja,.,"-R$ 5.197,00",16010000,KG
"R$ 35.167.575,97",M1304-1,FILE DE MERLUZA PLANATO 800G,Açougue,"0,00","R$ 39,99",,Loja,PLANALTO,"R$ 0,00",16010000,UN
"R$ 35.167.575,97",M2521-1,FILE DE PEITO,Açougue,"20,00","R$ 23,90",,Loja,ADORO,"R$ 478,00",02071422,UN
"R$ 35.167.575,97",M691-1,FILE DE PEITO,Açougue,"0,00","R$ 22,49",,Loja,PIONEIRO,"R$ 0,00",02071411,UN
"R$ 35.167.575,97",M2817-1,FILE DE PEITO,Açougue,"5,00","R$ 23,90",,Loja,SEM LIMITE,"R$ 119,50",02071411,UN
"R$ 35.167.575,97",M2552-1,FILE DE PEITO SEM OSSO,Açougue,"26,00","R$ 23,90",,Loja,ADORO,"R$ 621,40",02071422,UN
"R$ 35.167.575,97",M1275-1,FILE DE SOBRECOXA,Açougue,"119,00","R$ 19,90",,Loja,SANTA CECILIA,"R$ 2.368,10",02071423,UN
"R$ 35.167.575,97",M968-1,FILE DE TILAPIA  AURORA 800G,Açougue,"-3,00","R$ 49,90",,Loja,AURORA,"-R$ 149,70",03046100,UN
"R$ 35.167.575,97",M1677-1,FILE DE TILAPIA 800G,Açougue,"-9,00","R$ 46,90",,Loja,CANÇÃO,"-R$ 422,10",03046100,UN
"R$ 35.167.575,97",M935-1,FILE DE TILAPIA AURORA,Açougue,"-14,00","R$ 49,90",,Loja,AURORA,"-R$ 698,60",16010000,UN
"R$ 35.167.575,97",009999,FILE DE TILAPIA SEM PELE,Açougue,"-33,38","R$ 54,90",,Loja,.,"-R$ 1.832,56",03046100,KG
"R$ 35.167.575,97",000099,FILE EMPANADO,Açougue,"-331,32","R$ 27,90",,Loja,.,"-R$ 9.243,83",16023220,KG
"R$ 35.167.575,97",M2496-1,FILE FRANGO,Açougue,"1,00","R$ 15,00",,Loja,MBRF,"R$ 15,00",02071422,UN
"R$ 35.167.575,97",000027,FILE MIGNON,Açougue,"-26,12","R$ 110,00",,Loja,.,"-R$ 2.873,20",02013000,KG
"R$ 35.167.575,97",M1818-1,FILE MIGNON,Açougue,"12,00","R$ 115,50",,Loja,FRIGORAÇA,"R$ 1.386,00",02013000,UN
"R$ 35.167.575,97",000100,FILE SOBRECOXA,Açougue,"-111,60","R$ 19,90",,Loja,.,"-R$ 2.220,84",02071300,KG
"R$ 35.167.575,97",M2412-1,FILEZINHO DE FRANGO EMPANADO 1KG,Açougue,"-11,00","R$ 32,90",,Loja,BAITA,"-R$ 361,90",16023230,UN
"R$ 35.167.575,97",M64-1,FILEZINHO DE FRANGO EMPANADO CONGELADO,Açougue,"-4,04","R$ 28,90",,Loja,CT,"-R$ 116,76",16023220,KG
"R$ 35.167.575,97",M1383-1,FILEZINHO SASSAMI,Açougue,"0,00","R$ 23,90",,Loja,SADIA,"R$ 0,00",02071411,UN
"R$ 35.167.575,97",M2339-1,FRALDA,Açougue,"269,00","R$ 63,60",,Loja,JA,"R$ 17.108,40",02013000,UN
"R$ 35.167.575,97",00047,FRALDA (GRILL)..,Açougue,"98,00","R$ 55,35",,Loja,.,"R$ 5.424,30",02013000,UN
"R$ 35.167.575,97",M2396-1,FRALDA BOVINO RESFRIADO,Açougue,"26,00","R$ 55,90",,Loja,FUTURA GERAÇAO ,"R$ 1.453,40",02013000,UN
"R$ 35.167.575,97",M2122-1,FRALDA MONTANA PERDIGAO,Açougue,"4,00","R$ 48,90",,Loja,SADIA,"R$ 195,60",02013000,UN
"R$ 35.167.575,97",M2103-1,FRALDA RESF,Açougue,"96,00","R$ 54,00",,Loja,FRIGORAÇA,"R$ 5.184,00",02013000,UN
"R$ 35.167.575,97",000028,FRALDINHA,Açougue,"-1009,60","R$ 59,99",,Loja,.,"-R$ 60.565,90",02013000,KG
"R$ 35.167.575,97",M2803-1,FRALDINHA,Açougue,"29,00","R$ 52,49",,Loja,BOI BRASIL ,"R$ 1.522,07",02013000,UN
"R$ 35.167.575,97",M2657-1,FRALDINHA,Açougue,"0,00","R$ 56,90",,Loja,GRANCARNES ,"R$ 0,00",02013000,UN
"R$ 35.167.575,97",000047,FRALDINHA (GRILL),Açougue,"-16,92","R$ 66,90",,Loja,.,"-R$ 1.131,95",02013000,KG
"R$ 35.167.575,97",M2212-1,FRALDINHA BOVINA,Açougue,"50,00","R$ 49,90",,Loja,GOLDEN,"R$ 2.495,00",02013000,UN
"R$ 35.167.575,97",M692-1,FRANGO,Açougue,"0,00","R$ 9,90",,Loja,FLAMBOIA,"R$ 0,00",02071411,KG
"R$ 35.167.575,97",000101,FRANGO A PASSARINHO,Açougue,"-11,35","R$ 10,90",,Loja,.,"-R$ 123,72",02071210,KG
"R$ 35.167.575,97",000102,FRANGO A PASSARINHO TEMPERADO,Açougue,"-831,43","R$ 13,90",,Loja,.,"-R$ 11.556,88",02071210,KG
"R$ 35.167.575,97",7891164018696,FRANGO COZIDO DESFIADO 360G,Açougue,"0,00","R$ 17,90",,Loja,AURORA,"R$ 0,00",16023220,UN
"R$ 35.167.575,97",000103,FRANGO INTEIRO,Açougue,"-1089,54","R$ 10,90",,Loja,.,"-R$ 11.875,99",02071100,KG
"R$ 35.167.575,97",M2520-1,FRANGO INTEIRO,Açougue,"5,00","R$ 10,90",,Loja,ADORO,"R$ 54,50",02071100,UN
"R$ 35.167.575,97",M2606-1,FRANGO INTEIRO,Açougue,"12,00","R$ 10,90",,Loja,ADORO,"R$ 130,80",02071100,UN
"R$ 35.167.575,97",M2554-1,FRANGO INTEIRO,Açougue,"3,00","R$ 10,90",,Loja,ADORO,"R$ 32,70",02071210,UN
"R$ 35.167.575,97",M48-1,FRANGO INTEIRO,Açougue,"0,00","R$ 12,74",,Loja,FUTURA GERAÇAO ,"R$ 0,00",02071210,KG
"R$ 35.167.575,97",M1276-1,FRANGO INTEIRO,Açougue,"60,00","R$ 10,90",,Loja,SANTA CECILIA,"R$ 654,00",02071210,UN
"R$ 35.167.575,97",M1354-1,FRANGO RESFRIADO,Açougue,"0,00","R$ 10,90",,Loja,ALLIZ,"R$ 0,00",02071100,UN
"R$ 35.167.575,97",M2605-1,FRANGO RESFRIADO,Açougue,"60,00","R$ 9,45",,Loja,GTF,"R$ 567,00",02071100,UN
"R$ 35.167.575,97",M1837-1,FRANGO RESFRIADO,Açougue,"74,00","R$ 9,60",,Loja,Holambra,"R$ 710,40",02071100,UN
"R$ 35.167.575,97",M667-1,FRANGO RESFRIADO COM MIUDOS,Açougue,"0,00","R$ 11,55",,Loja,.,"R$ 0,00",02071100,UN
"R$ 35.167.575,97",M655-1,FRIO DE FILE MIGNON COZ,Açougue,"0,00","R$ 29,90",,Loja,SADIA,"R$ 0,00",16024900,KG
"R$ 35.167.575,97",7897200607855,FUT CHICKEN 1KG,Açougue,"-21,00","R$ 19,90",,Loja,CANÇÃO,"-R$ 417,90",16023230,UN
"R$ 35.167.575,97",M1446-1,HAMBURGUE DE FRANGO,Açougue,"-14,00","R$ 22,90",,Loja,SADIA,"-R$ 320,60",16023230,UN
"R$ 35.167.575,97",008080,HAMBURGUE STEAK HOUSE,Açougue,"-74,00","R$ 9,20",,Loja,STEAK HOUSE,"-R$ 680,80",16023210,UN
"R$ 35.167.575,97",7893000387096,HAMBURGUER BOVINO SADIA,Açougue,"-46,00","R$ 26,90",,Loja,SADIA,"-R$ 1.237,40",16023210,UN
"R$ 35.167.575,97",7891515554224,HAMBURGUER CARNE DE AVES E BOVINA 56GR,Açougue,"-6,00","R$ 2,00",,Loja,SADIA,"-R$ 12,00",16023230,UN
"R$ 35.167.575,97",M1905-1,HAMBURGUER DE BOVINO  175/185g,Açougue,"14,00","R$ 9,50",,Loja,WINSTON,"R$ 133,00",02023000,UN
"R$ 35.167.575,97",M2819-1,HAMBURGUER DE CARNE BOVINA,Açougue,"-3,00","R$ 23,90",,Loja,AURORA,"-R$ 71,70",16025000,UN
"R$ 35.167.575,97",7891164020286,HAMBURGUER SABOR CHURRASCO 12 UNIDADES,Açougue,"-2,00","R$ 22,90",,Loja,AURORA,"-R$ 45,80",16023210,UN
"R$ 35.167.575,97",7894904002450,HAMBURGUER TEXAS 12 UNIDADES,Açougue,"-18,00","R$ 22,90",,Loja,TEXAS SEARA ,"-R$ 412,20",16023210,UN
"R$ 35.167.575,97",7893000043213,HOT POCKET CHEDDAR E BACON 145G,Açougue,"-32,00","R$ 9,60",,Loja,SADIA,"-R$ 307,20",16025000,UN
"R$ 35.167.575,97",000128,JOELHO SUINO,Açougue,"-189,01","R$ 16,90",,Loja,.,"-R$ 3.194,27",02101100,KG
"R$ 35.167.575,97",M2736-1,JOELHO SUINO,Açougue,"41,00","R$ 11,99",,Loja,ESTRELA,"R$ 491,39",02031200,UN
"R$ 35.167.575,97",M1469-1,KAFTA BOVINA 500G,Açougue,"0,00","R$ 23,99",,Loja,COMPADRE,"R$ 0,00",16025000,UN
"R$ 35.167.575,97",M1472-1,KAFTA BOVINA COSTELA COM BACON 500G,Açougue,"0,00","R$ 23,99",,Loja,COMPADRE,"R$ 0,00",16025000,UN
"R$ 35.167.575,97",M1470-1,KAFTA BOVINA GOURMET RECHEADA 500 G,Açougue,"0,00","R$ 23,99",,Loja,COMPADRE,"R$ 0,00",16025000,UN
"R$ 35.167.575,97",M1471-1,KAFTA DE COSTELA GOURMET 500G,Açougue,"0,00","R$ 23,99",,Loja,COMPADRE,"R$ 0,00",16025000,UN
"R$ 35.167.575,97",618341078307,KAFTA DE MANDIOCA RECHEADA COM MUSSARELA,Açougue,"-6,00","R$ 36,50",,Loja,EMPORIO CAIPIRA,"-R$ 219,00",21069090,UN
"R$ 35.167.575,97",M1474-1,KIBE TRADICIONAL 500 GR,Açougue,"0,00","R$ 22,90",,Loja,.,"R$ 0,00",16025000,UN
"R$ 35.167.575,97",M1459-1,KIBE TRADICIONAL 500 GR,Açougue,"0,00","R$ 25,00",,Loja,.,"R$ 0,00",16025000,UN
"R$ 35.167.575,97",M457-1,KIT FEIJOADA,Açougue,"-75,00","R$ 43,90",,Loja,.,"-R$ 3.292,50",16024900,UN
"R$ 35.167.575,97",000029,LAGARTO,Açougue,"-45,89","R$ 44,90",,Loja,.,"-R$ 2.060,46",02013000,KG
"R$ 35.167.575,97",M2500-1,LAGARTO BOVINO RESFRIADO,Açougue,"177,00","R$ 49,90",,Loja,FUTURA,"R$ 8.832,30",02013000,UN
"R$ 35.167.575,97",7891164026530,LASANHA BOLONHESA  600G,Açougue,"0,00","R$ 17,90",,Loja,AURORA,"R$ 0,00",19022000,UN
"R$ 35.167.575,97",7891515475703,LASANHA BOLONHESA 600G,Açougue,"-230,00","R$ 9,99",,Loja,SADIA,"-R$ 2.297,70",19022000,UN
"R$ 35.167.575,97",M707-1,LASANHA DE PRESUNTO E QUEIJO AO SUGO 600G,Açougue,"0,00","R$ 17,90",,Loja,AURORA,"R$ 0,00",19022000,UN
"R$ 35.167.575,97",7891515475697,LASANHA PRESUNTO E QJO AO SUGO 600G,Açougue,"0,00","R$ 19,90",,Loja,SADIA,"R$ 0,00",19022000,UN
"R$ 35.167.575,97",7891515476212,LASANHA PTO DE PERU DEFUMADO 600G,Açougue,"0,00","R$ 19,90",,Loja,SADIA,"R$ 0,00",19022000,UN
"R$ 35.167.575,97",000063,LINGUICA AURORA,Açougue,"-597,10","R$ 29,99",,Loja,AURORA,"-R$ 17.907,03",16010000,KG
"R$ 35.167.575,97",M2509-1,LINGUICA CALABRESA APIMENTADA,Açougue,"140,00","R$ 38,90",,Loja,CATABY,"R$ 5.446,00",16010000,UN
"R$ 35.167.575,97",7891164004828,LINGUICA CALABRESA AURORA 700G,Açougue,"0,00","R$ 24,90",,Loja,AURORA,"R$ 0,00",16010000,UN
"R$ 35.167.575,97",000064,LINGUICA CAMBUI,Açougue,"-217,49","R$ 19,90",,Loja,.,"-R$ 4.328,05",16010000,KG
"R$ 35.167.575,97",M49-1,LINGUIÇA CARNE MISTA CAMBUI,Açougue,"177,46","R$ 19,90",,Loja,ALTA DISTRIBUIDORA DE AVES ,"R$ 3.531,45",16010000,KG
"R$ 35.167.575,97",7891164014773,LINGUICA CARNE SUINA RECHEADA COM QUEIJO COALHO 500G,Açougue,"-1,00","R$ 25,90",,Loja,AURORA,"-R$ 25,90",16010000,UN
"R$ 35.167.575,97",M2693-1,LINGUICA CHURRASCO GRILL,Açougue,"200,00","R$ 18,90",,Loja,FRIELLA,"R$ 3.780,00",16010000,UN
"R$ 35.167.575,97",000065,LINGUICA COSTELA DA CASA,Açougue,"-197,22","R$ 32,90",,Loja,.,"-R$ 6.488,54",16010000,KG
"R$ 35.167.575,97",M1768-1,LINGUICA CUIABA BOVINA 600G,Açougue,"-14,00","R$ 23,99",,Loja,FRIGO ESPANHA ,"-R$ 335,86",16010000,UN
"R$ 35.167.575,97",M1769-1,LINGUIÇA CUIABANA SUINA 600G,Açougue,"-4,00","R$ 22,99",,Loja,FRIGO ESPANHA ,"-R$ 91,96",16010000,UN
"R$ 35.167.575,97",7891164018436,LINGUICA DE FRANGO COM BACON 500G,Açougue,"0,00","R$ 24,90",,Loja,AURORA,"R$ 0,00",16010000,UN
"R$ 35.167.575,97",M2548-1,LINGUICA DE FRANGO FINA,Açougue,"90,00","R$ 39,90",,Loja,CATABY,"R$ 3.591,00",16010000,UN
"R$ 35.167.575,97",M1477-1,LINGUICA DE LOMBO COM PROVOLONE 800GR,Açougue,"0,00","R$ 32,99",,Loja,COMPADRE,"R$ 0,00",16010000,UN
"R$ 35.167.575,97",000084,LINGUICA DE PERNIL APIMENTADA,Açougue,"0,00","R$ 39,90",,Loja,.,"R$ 0,00",16010000,KG
"R$ 35.167.575,97",M2510-1,LINGUICA DE PERNIL SUINO,Açougue,"290,00","R$ 38,90",,Loja,CATABY,"R$ 11.281,00",16010000,UN
"R$ 35.167.575,97",M1479-1,LINGUICA DE PERNIL SUINO PCT 800 GR,Açougue,"0,00","R$ 22,99",,Loja,.,"R$ 0,00",16010000,UN
"R$ 35.167.575,97",M1464-1,LINGUICA DE PERNIL SUINO PCT 800 GR,Açougue,"-1,00","R$ 22,99",,Loja,.,"-R$ 22,99",16010000,UN
"R$ 35.167.575,97",000066,LINGUICA FINA APIMENTADA,Açougue,"-346,85","R$ 39,90",,Loja,.,"-R$ 13.839,32",16010000,KG
"R$ 35.167.575,97",000067,LINGUICA FINA DE FRANGO,Açougue,"-261,32","R$ 39,90",,Loja,.,"-R$ 10.426,67",16010000,KG
"R$ 35.167.575,97",M1828-1,LINGUICA FINA DE FRANGO,Açougue,"24,00","R$ 35,90",,Loja,ALTA DISTRIBUIDORA DE AVES ,"R$ 861,60",16010000,UN
"R$ 35.167.575,97",M1829-1,LINGUICA FINA DE PERNIL,Açougue,"36,00","R$ 35,90",,Loja,ALTA DISTRIBUIDORA DE AVES ,"R$ 1.292,40",16010000,UN
"R$ 35.167.575,97",000068,LINGUICA FINA PERNIL,Açougue,"-709,19","R$ 39,90",,Loja,.,"-R$ 28.296,68",16010000,KG
"R$ 35.167.575,97",M1478-1,LINGUICA MISTA COM CEBOLA APIMENTADA 800G,Açougue,"-1,00","R$ 22,99",,Loja,COMPADRE,"-R$ 22,99",16010000,UN
"R$ 35.167.575,97",M1123-1,LINGUIÇA PAIO SADIA 370G,Açougue,"0,00","R$ 11,00",,Loja,SADIA,"R$ 0,00",16010000,UN
"R$ 35.167.575,97",000070,LINGUICA PARA CHURRASCO,Açougue,"-135,05","R$ 19,90",,Loja,SUINCO,"-R$ 2.687,50",16010000,KG
"R$ 35.167.575,97",000069,LINGUICA PERDIGAO,Açougue,"-96,15","R$ 24,90",,Loja,.,"-R$ 2.394,14",16010000,KG
"R$ 35.167.575,97",000071,LINGUICA PERDIGAO NA BRASA,Açougue,"-368,25","R$ 26,90",,Loja,.,"-R$ 9.905,93",16010000,KG
"R$ 35.167.575,97",000072,LINGUICA PURA SUINA,Açougue,"-138,39","R$ 25,90",,Loja,.,"-R$ 3.584,30",16010000,KG
"R$ 35.167.575,97",000085,LINGUICA SADIA DE FRANGO,Açougue,"0,00","R$ 24,90",,Loja,SADIA,"R$ 0,00",16010000,UN
"R$ 35.167.575,97",000074,LINGUICA SECA,Açougue,"-204,30","R$ 39,90",,Loja,.,"-R$ 8.151,57",16010000,KG
"R$ 35.167.575,97",M539-1,LINGUICA SUINCO,Açougue,"-2,86","R$ 19,90",,Loja,.,"-R$ 56,91",16010000,KG
"R$ 35.167.575,97",M2690-1,"LINGUIÇA TIPO CALABRESA 2,5 KG",Açougue,"3,00","R$ 25,90",,Loja,SEARA,"R$ 77,70",16010000,UN
"R$ 35.167.575,97",000075,LINGUICA TIPO CALABRESA PERDIGAO,Açougue,"-23,27","R$ 29,90",,Loja,PERDIGAO,"-R$ 695,77",16010000,KG
"R$ 35.167.575,97",000076,LINGUICA TIPO CALABRESA SADIA,Açougue,"-429,50","R$ 29,90",,Loja,SADIA,"-R$ 12.842,05",16010000,KG
"R$ 35.167.575,97",M2110-1,LINGUICA TOSCANA,Açougue,"85,00","R$ 144,18",,Loja,AURORA,"R$ 12.255,30",16010000,UN
"R$ 35.167.575,97",M2121-1,LINGUICA TOSCANA,Açougue,"-1,00","R$ 26,90",,Loja,SADIA,"-R$ 26,90",16010000,UN
"R$ 35.167.575,97",M2123-1,LINGUICA TOSCANA,Açougue,"41,00","R$ 26,00",,Loja,SADIA,"R$ 1.066,00",16010000,UN
"R$ 35.167.575,97",7891164004842,LINGUICA TOSCANA  AURORA 700G,Açougue,"0,00","R$ 25,90",,Loja,AURORA,"R$ 0,00",16010000,UN
"R$ 35.167.575,97",M2644-1,LINGUICA TOSCANA AURORA,Açougue,"50,00","R$ 26,99",,Loja,AURORA,"R$ 1.349,25",16010000,UN
"R$ 35.167.575,97",000077,LINGUICA TOSCANA SADIA,Açougue,"-1031,11","R$ 25,90",,Loja,.,"-R$ 26.705,75",16010000,KG
"R$ 35.167.575,97",M2598-1,LINGUICA TOSCANA SADIA,Açougue,"165,00","R$ 25,90",,Loja,SADIA,"R$ 4.273,50",16010000,UN
"R$ 35.167.575,97",000073,LINGUICA TOSCANA SEARA,Açougue,"-100,64","R$ 24,90",,Loja,SEARA,"-R$ 2.505,94",16010000,KG
"R$ 35.167.575,97",000129,LOMBO SUINO COM OSSO,Açougue,"0,00","R$ 24,90",,Loja,.,"R$ 0,00",02032900,KG
"R$ 35.167.575,97",000130,LOMBO SUINO SEM OSSO,Açougue,"-80,26","R$ 18,90",,Loja,.,"-R$ 1.516,91",02032900,KG
"R$ 35.167.575,97",000030,MAMINHA,Açougue,"-110,48","R$ 63,90",,Loja,.,"-R$ 7.059,67",02013000,KG
"R$ 35.167.575,97",M2808-1,MAMINHA,Açougue,"1,00","R$ 63,90",,Loja,PERDIGAO,"R$ 63,90",02013000,UN
"R$ 35.167.575,97",000131,MASCARA SUINA SALGADA,Açougue,"-41,87","R$ 15,00",,Loja,.,"-R$ 628,05",02064900,KG
"R$ 35.167.575,97",M2777-1,MAX AVELA 75G,Açougue,"1,00","R$ 14,50",,Loja,JUNDIA,"R$ 14,50",21050010,UN
"R$ 35.167.575,97",M2776-1,MAX PISTACHE 275G,Açougue,"0,00","R$ 15,90",,Loja,JUNDIA,"R$ 0,00",21050010,UN
"R$ 35.167.575,97",618341078338,MEDALHAO DE ABOBRINHA COM MANDIOCA,Açougue,"-13,00","R$ 36,90",,Loja,EMPORIO CAIPIRA,"-R$ 479,70",21069090,UN
"R$ 35.167.575,97",000104,MEDALHAO DE FRANGO,Açougue,"-212,66","R$ 42,90",,Loja,.,"-R$ 9.123,11",02071413,KG
"R$ 35.167.575,97",M1475-1,MEDALHAO DE FRANGO NO ESPETO 500G,Açougue,"-4,00","R$ 29,99",,Loja,COMPADRE,"-R$ 119,96",16023210,UN
"R$ 35.167.575,97",M1476-1,MEDALHAO DE FRANGO PORCIONADO 500 GR,Açougue,"-2,00","R$ 29,99",,Loja,.,"-R$ 59,98",16023210,UN
"R$ 35.167.575,97",M1435-1,MEDALHAO DE MANDIOCA COM COSTELA PCT,Açougue,"-23,00","R$ 42,90",,Loja,EMPORIO CAIPIRA,"-R$ 986,70",02071413,UN
"R$ 35.167.575,97",M1437-1,MEDALHAO DE MANDIOCA COM GORGONZOLA PCT,Açougue,"-20,00","R$ 42,90",,Loja,EMPORIO CAIPIRA,"-R$ 858,00",02071413,UN
"R$ 35.167.575,97",M1436-1,MEDALHAO DE MANDIOCA COM QUATRO QUEIJOS PCT,Açougue,"0,00","R$ 35,99",,Loja,EMPORIO CAIPIRA,"R$ 0,00",02071413,UN
"R$ 35.167.575,97",M1434-1,MEDALHAO DE MANDIOCA TRADICIONAL,Açougue,"-24,00","R$ 36,90",,Loja,EMPORIO CAIPIRA,"-R$ 885,60",02071413,UN
"R$ 35.167.575,97",M1433-1,"MEDALHÃO DE MANDIOCACOM RUCULA ,TOMATE SECO E QUEIJO COALHO PCT",Açougue,"-19,00","R$ 42,90",,Loja,EMPORIO CAIPIRA,"-R$ 815,10",02071413,UN
"R$ 35.167.575,97",618341078222,MEDALHÃO DE QUEIJO COALHO,Açougue,"-17,00","R$ 48,90",,Loja,EMPORIO CAIPIRA,"-R$ 831,30",02071413,UN
"R$ 35.167.575,97",M2219-1,MEDALHAO FRANGO COM BACON,Açougue,"74,00","R$ 42,90",,Loja,ASTRAPLUS,"R$ 3.174,60",16023900,UN
"R$ 35.167.575,97",M2213-1,MEIA CARCAÇA,Açougue,"153,00","R$ 19,90",,Loja,COWPIG,"R$ 3.044,70",02031100,UN
"R$ 35.167.575,97",M2117-1,MEIA CARCACA SUINA,Açougue,"870,00","R$ 14,54",,Loja,FUTURA,"R$ 12.645,45",02031100,UN
"R$ 35.167.575,97",M1272-1,MEIA CARCACA SUINA,Açougue,"0,00","R$ 19,90",,Loja,FUTURA GERAÇAO ,"R$ 0,00",02031100,UN
"R$ 35.167.575,97",M2523-1,MEIO DA ASA,Açougue,"10,00","R$ 29,90",,Loja,ADORO,"R$ 299,00",02071413,UN
"R$ 35.167.575,97",M2498-1,MEIO DA ASA,Açougue,"700,00","R$ 28,50",,Loja,CANÇÃO,"R$ 19.950,00",02071413,UN
"R$ 35.167.575,97",M2600-1,MEIO PEITO FRANGO,Açougue,"160,00","R$ 19,43",,Loja,SEM LIMITES ,"R$ 3.108,00",02071422,UN
"R$ 35.167.575,97",M2839-1,MEIO PEITO SEM FILEZINHO SEM PELE,Açougue,"13,00","R$ 23,90",,Loja,AURORA,"R$ 310,70",02071422,UN
"R$ 35.167.575,97",000132,MIGNON SUINO,Açougue,"-18,90","R$ 30,00",,Loja,.,"-R$ 567,00",02032900,KG
"R$ 35.167.575,97",7893000674073,MINI LASANHA 4 QUEIJOS 350G,Açougue,"0,00","R$ 13,90",,Loja,SADIA,"R$ 0,00",19022000,UN
"R$ 35.167.575,97",M2472-1,MIOLO ALCATRA,Açougue,"72,00","R$ 58,50",,Loja,JA,"R$ 4.212,00",02013000,UN
"R$ 35.167.575,97",000046,MIOLO DA PALETA,Açougue,"-22,40","R$ 45,90",,Loja,.,"-R$ 1.028,16",02013000,KG
"R$ 35.167.575,97",M2658-1,MIOLO DO ALCATRA GRILL,Açougue,"0,00","R$ 59,90",,Loja,GRANCARNES ,"R$ 0,00",02013000,UN
"R$ 35.167.575,97",46,MIOLO PALETA,Açougue,"-1,00","R$ 44,90",,Loja,.,"-R$ 44,90",02013000,UN
"R$ 35.167.575,97",M1882-1,MIUDO BOVINO CONG RABO,Açougue,"517,00","R$ 34,50",,Loja,FRIGORAÇA,"R$ 17.836,50",02062990,UN
"R$ 35.167.575,97",M2001-1,MIUDOS CONGELADOS DE BOVINO,Açougue,"38,00","R$ 18,75",,Loja,FRIGORAÇA,"R$ 712,50",02012090,UN
"R$ 35.167.575,97",M2682-1,MIUDOS CONGELADOS DE FRANGO CORACAO,Açougue,"2,00","R$ 35,00",,Loja,ADORO,"R$ 70,00",02071433,UN
"R$ 35.167.575,97",M2546-1,MIUDOS SALGADOS DE SUINO - RABO - AURORA,Açougue,"4,00","R$ 31,10",,Loja,AURORA,"R$ 124,40",02101900,UN
"R$ 35.167.575,97",000031,MOCOTO,Açougue,"-548,24","R$ 19,90",,Loja,.,"-R$ 10.909,98",02062990,KG
"R$ 35.167.575,97",M2215-1,MOCOTO,Açougue,"225,00","R$ 12,90",,Loja,O REIZAO,"R$ 2.902,50",02062990,UN
"R$ 35.167.575,97",M2364-1,MOCOTO BOVINO,Açougue,"74,00","R$ 16,49",,Loja,FUTURA,"R$ 1.219,89",02062990,UN
"R$ 35.167.575,97",M72-1,MOCOTO BOVINO CONGELADO,Açougue,"0,00","R$ 16,49",,Loja,FUTURA GERAÇAO ,"R$ 0,00",02062990,KG
"R$ 35.167.575,97",M2349-1,MOELA CONGELADA,Açougue,"40,00","R$ 19,90",,Loja,SANTA CECILIA,"R$ 796,00",02071432,UN
"R$ 35.167.575,97",000105,MOELA DE FRANGO,Açougue,"-131,44","R$ 19,90",,Loja,.,"-R$ 2.615,66",02071431,KG
"R$ 35.167.575,97",M695-1,MOELA DE FRANGO,Açougue,"0,00","R$ 12,74",,Loja,FUTURA GERAÇAO ,"R$ 0,00",02071432,KG
"R$ 35.167.575,97",M2689-1,MOELA DE FRANGO,Açougue,"24,00","R$ 11,91",,Loja,SEM LIMITE,"R$ 285,84",02071411,UN
"R$ 35.167.575,97",000078,MORTADELA,Açougue,"-53,63","R$ 35,00",,Loja,.,"-R$ 1.877,05",16010000,KG
"R$ 35.167.575,97",M61-1,MORTADELA DEFUMADA OURO PERDIGAO,Açougue,"0,00","R$ 251,87",,Loja,PERDIGAO,"R$ 0,00",16010000,KG
"R$ 35.167.575,97",M2362-1,MORTADELA OURO PERDIGAO,Açougue,"24,00","R$ 29,69",,Loja,PERDIGAO,"R$ 712,44",16010000,UN
"R$ 35.167.575,97",000032,MUSCULO,Açougue,"-421,72","R$ 41,90",,Loja,.,"-R$ 17.670,07",02013000,KG
"R$ 35.167.575,97",M2557-1,MUSCULO,Açougue,"51,00","R$ 46,50",,Loja,JA,"R$ 2.371,50",02013000,UN
"R$ 35.167.575,97",M2502-1,MUSCULO BOVINO RESFRIADO,Açougue,"24,00","R$ 44,99",,Loja,FUTURA GERAÇAO ,"R$ 1.079,64",02013000,UN
"R$ 35.167.575,97",M2327-1,MUSCULO DO DIANTEIRO,Açougue,"26,00","R$ 39,90",,Loja,FRIGORAÇA,"R$ 1.037,40",02013000,UN
"R$ 35.167.575,97",000079,MUSSARELA,Açougue,"-223,80","R$ 55,00",,Loja,.,"-R$ 12.309,00",04061010,KG
"R$ 35.167.575,97",000106,NUGGET DE FRANGO,Açougue,"-0,91","R$ 25,90",,Loja,DIVERSOS,"-R$ 23,57",16023230,KG
"R$ 35.167.575,97",7893000949270,NUGGETS FGO CROC CONG PT 300G,Açougue,"0,00","R$ 11,90",,Loja,SADIA,"R$ 0,00",16023230,UN
"R$ 35.167.575,97",7893000949355,NUGGETS FGO TRAD CONG PT 300G,Açougue,"0,00","R$ 12,06",,Loja,SADIA,"R$ 0,00",16023230,UN
"R$ 35.167.575,97",000133,ORELHA SUINA SALGADA,Açougue,"-46,78","R$ 14,90",,Loja,.,"-R$ 697,02",02101100,KG
"R$ 35.167.575,97",M2108-1,ORELHA SUINA SALGADA,Açougue,"100,00","R$ 14,99",,Loja,O REIZAO,"R$ 1.498,50",02101900,UN
"R$ 35.167.575,97",M2545-1,ORELHAS COM PORCAO DA MASCARA SALGADAS DE SUINO - AURORA,Açougue,"2,00","R$ 24,90",,Loja,AURORA,"R$ 49,80",02101900,KG
"R$ 35.167.575,97",000033,OSSOBUCO,Açougue,"-104,41","R$ 29,90",,Loja,.,"-R$ 3.121,86",02013000,KG
"R$ 35.167.575,97",M2297-1,OSSOBUCO,Açougue,"44,00","R$ 39,90",,Loja,FRIGORAÇA,"R$ 1.755,60",02022090,UN
"R$ 35.167.575,97",000049,PALETA BOV COM OSSO,Açougue,"0,00","R$ 36,90",,Loja,.,"R$ 0,00",02012090,KG
"R$ 35.167.575,97",000034,PALETA BOVINA SEM OSSO,Açougue,"-220,39","R$ 45,90",,Loja,.,"-R$ 10.115,90",02013000,KG
"R$ 35.167.575,97",000035,PALETA COM OSSO,Açougue,"-84,35","R$ 29,90",,Loja,.,"-R$ 2.522,07",02013000,KG
"R$ 35.167.575,97",000134,PALETA SUINA,Açougue,"-69,83","R$ 14,99",,Loja,.,"-R$ 1.046,75",02101100,KG
"R$ 35.167.575,97",000135,PANCETA,Açougue,"-1830,12","R$ 24,90",,Loja,.,"-R$ 45.569,99",02101200,KG
"R$ 35.167.575,97",M56-1,PANCETA,Açougue,"1089,80","R$ 19,99",,Loja,ROSA PIG,"R$ 21.785,10",02031200,KG
"R$ 35.167.575,97",M1306-1,PANCETA SUINA AO TOQUE DE LIMAO,Açougue,"0,00","R$ 18,00",,Loja,PERDIGAO,"R$ 0,00",02032900,UN
"R$ 35.167.575,97",M2513-1,PAO BAGUETE 3 QUEIJOS PREA 330G,Açougue,"-3,00","R$ 14,50",,Loja,PREA,"-R$ 43,50",19059090,UN
"R$ 35.167.575,97",M697-1,PAO BAGUETE ALHO 330G,Açougue,"-23,00","R$ 14,50",,Loja,PREA,"-R$ 333,50",19059090,UN
"R$ 35.167.575,97",M2512-1,PAO BAGUETE ALHO PREA 330G,Açougue,"23,00","R$ 14,50",,Loja,PREA,"R$ 333,50",19059090,UN
"R$ 35.167.575,97",M1564-1,PAO DE ALHO AURORA,Açougue,"-16,00","R$ 12,00",,Loja,AURORA,"-R$ 192,00",19059090,UN
"R$ 35.167.575,97",7898337980262,PAO DE ALHO PUCANTE 300G,Açougue,"-8,00","R$ 15,90",,Loja,ZINHO,"-R$ 127,20",19059090,UN
"R$ 35.167.575,97",M2707-1,PAO DE ALHO TRADICIONAL,Açougue,"4,00","R$ 12,99",,Loja,AUORA,"R$ 51,96",19059090,UN
"R$ 35.167.575,97",7898337980064,PAO DE ALHO TRADICIONAL BOLINHA 300G,Açougue,"-20,00","R$ 15,90",,Loja,ZINHO,"-R$ 318,00",19052090,UN
"R$ 35.167.575,97",M587-1,PÃO DE ALHO TRADICIONAL TIPO BAGUETE,Açougue,"-12,00","R$ 12,90",,Loja,.RESERVA ONE,"-R$ 154,80",19059090,UN
"R$ 35.167.575,97",M1105-1,PÃO DE ALHO TRADICIONAL TIPO BOLINHA,Açougue,"0,00","R$ 8,90",,Loja,RESERVA ONE,"R$ 0,00",19059090,UN
"R$ 35.167.575,97",M1104-1,PÃO DE ALHO TRADICIONAL ZINHO 300G,Açougue,"-155,00","R$ 15,90",,Loja,ZINHO,"-R$ 2.464,50",19052090,UN
"R$ 35.167.575,97",1234,PAO DE QUEIJO 300G,Açougue,"-10,00","R$ 13,90",,Loja,CANÇÃO,"-R$ 139,00",19012010,UN
"R$ 35.167.575,97",M1647-1,PAO DE QUEIJO TRADICIONAL CONGELADO 800 G,Açougue,"-14,00","R$ 15,90",,Loja,CANÇÃO,"-R$ 222,60",19012010,UN
"R$ 35.167.575,97",7898208484295,PAO DE QUEIJO TRADICIONAL CONGELADO PACOTE 300 G,Açougue,"0,00","R$ 13,90",,Loja,CANÇÃO,"R$ 0,00",19012010,UN
"R$ 35.167.575,97",M1356-1,PAPADA,Açougue,"0,00","R$ 21,90",,Loja,COWPIG,"R$ 0,00",02064900,UN
"R$ 35.167.575,97",M2109-1,PAPADA SUINA COM PELE,Açougue,"41,00","R$ 13,35",,Loja,O REIZAO,"R$ 547,35",02064900,UN
"R$ 35.167.575,97",000036,PATINHO,Açougue,"-575,82","R$ 49,99",,Loja,.,"-R$ 28.785,24",02013000,KG
"R$ 35.167.575,97",M2800-1,PATINHO,Açougue,"45,00","R$ 52,50",,Loja,GOLDEN,"R$ 2.362,50",02013000,UN
"R$ 35.167.575,97",M2403-1,PATINHO,Açougue,"434,00","R$ 54,00",,Loja,JA,"R$ 23.436,00",02013000,UN
"R$ 35.167.575,97",M1987-1,PATINHO - CARNE RESFRIADA DE BOVINO SEM OSSO,Açougue,"729,00","R$ 48,90",,Loja,FRIGORAÇA,"R$ 35.648,10",02013000,UN
"R$ 35.167.575,97",M2494-1,PATINHO BOVINO RESFRIADO,Açougue,"50,00","R$ 48,90",,Loja,FUTURA GERAÇAO ,"R$ 2.445,00",02013000,UN
"R$ 35.167.575,97",M2525-1,PE CONGELADO,Açougue,"4,00","R$ 13,50",,Loja,ADORO,"R$ 54,00",02071434,UN
"R$ 35.167.575,97",M2350-1,PE CONGELADO,Açougue,"59,00","R$ 10,90",,Loja,SANTA CECILIA,"R$ 643,10",02071434,UN
"R$ 35.167.575,97",000107,PE DE FRANGO,Açougue,"-184,28","R$ 10,90",,Loja,.,"-R$ 2.008,65",02071434,KG
"R$ 35.167.575,97",000148,PE DE PORCO,Açougue,"-5,40","R$ 9,90",,Loja,.,"-R$ 53,46",02032900,KG
"R$ 35.167.575,97",M2437-1,PE SALGADO SUINO,Açougue,"23,00","R$ 16,35",,Loja,FRIGOESTRELA,"R$ 376,05",02101900,UN
"R$ 35.167.575,97",000136,PE SUINO,Açougue,"-164,38","R$ 9,90",,Loja,.,"-R$ 1.627,36",02101100,KG
"R$ 35.167.575,97",M2735-1,PE SUINO,Açougue,"64,00","R$ 7,35",,Loja,ROSA PIG,"R$ 470,40",02031200,UN
"R$ 35.167.575,97",000137,PE SUINO SALGADO,Açougue,"-152,68","R$ 15,90",,Loja,.,"-R$ 2.427,61",02101900,KG
"R$ 35.167.575,97",M2438-1,PE SUINO SALGADO,Açougue,"21,00","R$ 17,99",,Loja,.,"R$ 377,69",02101900,UN
"R$ 35.167.575,97",M2330-1,PE SUINO SALGADO,Açougue,"59,00","R$ 14,99",,Loja,O REIZAO,"R$ 884,12",02101900,UN
"R$ 35.167.575,97",M2373-1,PE SUINO SALGADO,Açougue,"3,00","R$ 26,90",,Loja,SADIA,"R$ 80,70",02101900,UN
"R$ 35.167.575,97",M2807-1,PEITO,Açougue,"1,00","R$ 39,90",,Loja,PERDIGAO,"R$ 39,90",02013000,UN
"R$ 35.167.575,97",M2125-1,PEITO BOVINO,Açougue,"52,00","R$ 44,25",,Loja,FRIGORAÇA,"R$ 2.301,00",02013000,UN
"R$ 35.167.575,97",000037,PEITO BOVINO COM OSSO,Açougue,"-78,86","R$ 29,90",,Loja,.,"-R$ 2.357,91",02013000,KG
"R$ 35.167.575,97",000038,PEITO BOVINO SEM OSSO,Açougue,"-458,43","R$ 42,90",,Loja,.,"-R$ 19.666,65",02013000,KG
"R$ 35.167.575,97",M2401-1,PEITO BOVINO SEM OSSO,Açougue,"182,00","R$ 43,50",,Loja,JA,"R$ 7.917,00",02013000,UN
"R$ 35.167.575,97",M2816-1,PEITO COM OSSO,Açougue,"2,00","R$ 14,90",,Loja,ADORO,"R$ 29,80",02071300,UN
"R$ 35.167.575,97",M2685-1,PEITO COM OSSO,Açougue,"3,00","R$ 14,90",,Loja,ADORO,"R$ 44,70",02071411,UN
"R$ 35.167.575,97",M2604-1,PEITO COM OSSO,Açougue,"90,00","R$ 11,85",,Loja,GTF,"R$ 1.066,50",02071300,UN
"R$ 35.167.575,97",000108,PEITO DE FRANGO COM OSSO,Açougue,"-747,15","R$ 14,90",,Loja,.,"-R$ 11.132,54",02071300,KG
"R$ 35.167.575,97",000109,PEITO DE FRANGO SEM OSSO,Açougue,"-501,80","R$ 23,90",,Loja,.,"-R$ 11.993,02",02071300,KG
"R$ 35.167.575,97",M2501-1,PEITO DE FRANGO SEM OSSO,Açougue,"20,00","R$ 21,90",,Loja,FUTURA GERAÇAO ,"R$ 438,00",02071411,UN
"R$ 35.167.575,97",000180,PEITO DE PERU,Açougue,"-1,77","R$ 39,99",,Loja,.,"-R$ 70,78",16010000,KG
"R$ 35.167.575,97",M1278-1,PEITO FRANGO,Açougue,"0,00","R$ 16,90",,Loja,COPACOL,"R$ 0,00",02071411,UN
"R$ 35.167.575,97",M2211-1,PEITO OSSO SEM PELE,Açougue,"100,00","R$ 22,90",,Loja,ALLIZ,"R$ 2.290,00",02071422,UN
"R$ 35.167.575,97",M1827-1,PEITO SEM OSSO,Açougue,"73,00","R$ 23,90",,Loja,Holambra,"R$ 1.744,70",02071422,UN
"R$ 35.167.575,97",M2248-1,PEITO SEM OSSO BOVINO,Açougue,"47,00","R$ 47,99",,Loja,FRIGORAÇA,"R$ 2.255,30",02013000,UN
"R$ 35.167.575,97",M2514-1,PEITO SEM OSSO SEM PELE,Açougue,"360,00","R$ 23,90",,Loja,ALLIZ,"R$ 8.604,00",02071300,UN
"R$ 35.167.575,97",M1155-1,PEIXE TEMPERADO (ISCAS DE TILAPIA) PCT 400G,Açougue,"0,00","R$ 22,90",,Loja,.,"R$ 0,00",16042090,UN
"R$ 35.167.575,97",7891515605773,PENNE AO MOLHO PARISIENSE 300G,Açougue,"0,00","R$ 11,99",,Loja,PERDIGAO,"R$ 0,00",19023000,UN
"R$ 35.167.575,97",000138,PERNIL COM OSSO,Açougue,"-517,03","R$ 14,99",,Loja,.,"-R$ 7.750,28",02032900,KG
"R$ 35.167.575,97",M2550-1,PERNIL COM OSSO ROSA PIG,Açougue,"124,00","R$ 11,85",,Loja,O REIZAO,"R$ 1.469,40",02031200,UN
"R$ 35.167.575,97",000147,PERNIL CUBOS OU BIFE,Açougue,"-110,06","R$ 15,99",,Loja,.,"-R$ 1.759,86",02032900,KG
"R$ 35.167.575,97",000139,PERNIL SEM OSSO,Açougue,"-843,66","R$ 18,00",,Loja,.,"-R$ 15.185,88",02032900,KG
"R$ 35.167.575,97",M2734-1,PERNIL SEM OSSO,Açougue,"22,00","R$ 17,25",,Loja,ROSA PIG,"R$ 379,50",02031200,UN
"R$ 35.167.575,97",M2814-1,PES SUINO,Açougue,"5,00","R$ 14,00",,Loja,.,"R$ 70,00",02101900,UN
"R$ 35.167.575,97",M2737-1,PICANHA A,Açougue,"36,00","R$ 99,90",,Loja,KBG,"R$ 3.596,40",02013000,UN
"R$ 35.167.575,97",M1892-1,PICANHA A RESFRIADA,Açougue,"30,00","R$ 99,00",,Loja,FRIGORAÇA,"R$ 2.970,00",02013000,UN
"R$ 35.167.575,97",000039,PICANHA BOV BASSI,Açougue,"-20,95","R$ 149,90",,Loja,SADIA,"-R$ 3.140,41",02013000,KG
"R$ 35.167.575,97",000040,PICANHA BOVINA,Açougue,"-174,20","R$ 99,90",,Loja,.,"-R$ 17.402,58",02013000,KG
"R$ 35.167.575,97",000045,PICANHA GRILL,Açougue,"-48,76","R$ 99,90",,Loja,FRIGORAÇA/KBG,"-R$ 4.871,12",22030000,KG
"R$ 35.167.575,97",M2300-1,PICANHA KBG,Açougue,"127,86","R$ 99,99",,Loja,KBG,"R$ 12.784,72",02013000,KG
"R$ 35.167.575,97",M2780-1,PICOLE COCO,Açougue,"1,00","R$ 7,90",,Loja,JUNDIA,"R$ 7,90",21050010,UN
"R$ 35.167.575,97",M2781-1,PICOLE MILHO VERDE,Açougue,"1,00","R$ 7,90",,Loja,JUNDIAI ,"R$ 7,90",21050010,UN
"R$ 35.167.575,97",M762-1,PIZZA CALABRESA 460G,Açougue,"0,00","R$ 26,90",,Loja,SADIA,"R$ 0,00",19059090,UN
"R$ 35.167.575,97",7891164026424,PIZZA DE CALABRESA MUSS AZEIT PRETAS E CEBOLA CONG,Açougue,"0,00","R$ 17,90",,Loja,AURORA,"R$ 0,00",19059090,UN
"R$ 35.167.575,97",7891164026271,PIZZA DE LOMBO COM REQUEIJAO E MUSSARELA,Açougue,"0,00","R$ 17,90",,Loja,AURORA,"R$ 0,00",19059090,UN
"R$ 35.167.575,97",7891515621063,PIZZA FRANGO COM BACON 460G,Açougue,"0,00","R$ 17,90",,Loja,PERDIGAO,"R$ 0,00",19059090,UN
"R$ 35.167.575,97",M763-1,PIZZA FRANGO COM REQUEIJAO E MUSSRELA 460G,Açougue,"0,00","R$ 26,90",,Loja,SADIA,"R$ 0,00",19059090,UN
"R$ 35.167.575,97",M764-1,PIZZA LOMBO COM REQUEIJAO E MUSSARELA 460G,Açougue,"0,00","R$ 26,90",,Loja,SADIA,"R$ 0,00",19059090,UN
"R$ 35.167.575,97",M644-1,PIZZAS MISTA 3 SABORES,Açougue,"0,00","R$ 26,90",,Loja,SADIA,"R$ 0,00",19059090,UN
"R$ 35.167.575,97",7898208483731,POLENTA PALITO TRADICIONAL 1KG,Açougue,"-15,00","R$ 13,90",,Loja,CANÇÃO,"-R$ 208,50",19019090,UN
"R$ 35.167.575,97",M1279-1,PONTA DE AGULHA,Açougue,"90,00","R$ 24,90",,Loja,BF MEAT,"R$ 2.241,00",02012090,UN
"R$ 35.167.575,97",M1355-1,PONTA DE AGULHA,Açougue,"0,00","R$ 24,90",,Loja,COWPIG,"R$ 0,00",02012020,UN
"R$ 35.167.575,97",M2405-1,PONTA DE AGULHA,Açougue,"187,00","R$ 29,90",,Loja,COWPIG,"R$ 5.591,30",02012020,UN
"R$ 35.167.575,97",M2755-1,PONTA DE AGULHA,Açougue,"9,00","R$ 29,85",,Loja,COWPIG,"R$ 268,65",02012020,UN
"R$ 35.167.575,97",M2756-1,PONTA DE AGULHA,Açougue,"59,00","R$ 29,85",,Loja,COWPIG,"R$ 1.761,15",02012020,UN
"R$ 35.167.575,97",M2806-1,PONTA DE AGULHA,Açougue,"146,00","R$ 28,35",,Loja,COWPIG,"R$ 4.139,10",02012020,UN
"R$ 35.167.575,97",M1824-1,PONTA DE AGULHA,Açougue,"791,00","R$ 26,90",,Loja,FUTURA GERAÇAO ,"R$ 21.277,90",02012090,UN
"R$ 35.167.575,97",000041,PONTA DE AGULHA BOVINO,Açougue,"0,00","R$ 25,90",,Loja,FUTURA GERAÇAO ,"R$ 0,00",02012090,KG
"R$ 35.167.575,97",M1862-1,PONTA DE AGULHA COM OSSO DE BOI,Açougue,"1015,00","R$ 29,25",,Loja,FRIGORAÇA,"R$ 29.688,75",02012090,UN
"R$ 35.167.575,97",M2018-1,PONTA DE AGULHA COMPLETA DE BOI,Açougue,"105,00","R$ 26,99",,Loja,LACIELLA ,"R$ 2.833,95",02012090,UN
"R$ 35.167.575,97",M2105-1,PONTA DE AGULHA COMPLETA DE VACA,Açougue,"69,00","R$ 29,55",,Loja,FRIGOESTRELA,"R$ 2.038,95",02012090,UN
"R$ 35.167.575,97",M2210-1,PONTA DE AGULHA DE BOVINO,Açougue,"203,00","R$ 29,90",,Loja,COWPIG,"R$ 6.069,70",02012010,UN
"R$ 35.167.575,97",M2810-1,PONTA DE AGULHA DE BOVINO,Açougue,"23,00","R$ 32,25",,Loja,COWPIG,"R$ 741,75",02012020,UN
"R$ 35.167.575,97",M2731-1,PONTA DE PEITO,Açougue,"23,00","R$ 39,90",,Loja,BF MEAT,"R$ 917,70",02013000,UN
"R$ 35.167.575,97",M2778-1,POTE ABACAXI VINHO 2L,Açougue,"2,00","R$ 35,88",,Loja,JUNDIA,"R$ 71,76",21050010,UN
"R$ 35.167.575,97",M2779-1,POTE BRIGADEIRO 2L,Açougue,"2,00","R$ 35,88",,Loja,JUNDIAI ,"R$ 71,76",21050010,UN
"R$ 35.167.575,97",000080,PRESUNTO,Açougue,"-114,77","R$ 35,00",,Loja,.,"-R$ 4.016,95",16024100,KG
"R$ 35.167.575,97",000802,PRESUNTO,Açougue,"0,00","R$ 35,00",,Loja,.,"R$ 0,00",16024100,KG
"R$ 35.167.575,97",M2694-1,PRESUNTO OVAL MIGNONETO SADIA,Açougue,"6,00","R$ 32,88",,Loja,SADIA,"R$ 197,28",16024900,UN
"R$ 35.167.575,97",M1384-1,PRESUNTO SADIA 200G,Açougue,"0,00","R$ 12,90",,Loja,SADIA,"R$ 0,00",16024100,UN
"R$ 35.167.575,97",088850,QUEIJO CANASTRA,Açougue,"-102,00","R$ 50,00",,Loja,CANASTRA,"-R$ 5.100,00",04061090,UN
"R$ 35.167.575,97",M1572-1,QUEIJO COALHO CRIOULO,Açougue,"-96,00","R$ 32,99",,Loja,CRIOULO,"-R$ 3.167,04",16010000,UN
"R$ 35.167.575,97",7898186910014,QUEIJO COALHO ESPETO,Açougue,"-60,00","R$ 33,50",,Loja,LIRA ,"-R$ 2.010,00",16010000,UN
"R$ 35.167.575,97",M586-1,QUEIJO COALHO ESPETO FORMOSA,Açougue,"-71,00","R$ 25,90",,Loja,.,"-R$ 1.838,90",04069020,UN
"R$ 35.167.575,97",M2556-1,QUEIJO COALHO LIRA,Açougue,"1,00","R$ 0,00",,Loja,LIRA ,"R$ 0,00",04069020,UN
"R$ 35.167.575,97",M1107-1,QUEIJO COALHO QUERO QUERO,Açougue,"-1,00","R$ 24,90",,Loja,QUERO QUERO,"-R$ 24,90",16010000,UN
"R$ 35.167.575,97",M1583-1,QUEIJO DE COALHO QUATA 300G,Açougue,"0,00","R$ 28,90",,Loja,QUATA,"R$ 0,00",16010000,UN
"R$ 35.167.575,97",001000,QUEIJO FRESCO G,Açougue,"-603,00","R$ 40,00",,Loja,.,"-R$ 24.120,00",04061090,UN
"R$ 35.167.575,97",001001,QUEIJO FRESCO P,Açougue,"-25,00","R$ 25,00",,Loja,.,"-R$ 625,00",04061090,UN
"R$ 35.167.575,97",001002,QUEIJO MEIA CURA,Açougue,"-283,41","R$ 55,00",,Loja,.,"-R$ 15.587,55",04069020,KG
"R$ 35.167.575,97",M2115-1,QUEIJO MUSSARELA,Açougue,"23,00","R$ 52,94",,Loja,FENIX FOODS,"R$ 1.217,51",04061010,UN
"R$ 35.167.575,97",M2815-1,QUEIJO MUSSARELA,Açougue,"20,00","R$ 51,45",,Loja,LATELLI ,"R$ 1.029,00",04061010,UN
"R$ 35.167.575,97",M1378-1,QUEIJO MUSSARELA  SADIA150G,Açougue,"0,00","R$ 9,90",,Loja,SADIA,"R$ 0,00",04061010,UN
"R$ 35.167.575,97",M2599-1,QUEIJO MUSSARELA DAVACA,Açougue,"48,00","R$ 55,29",,Loja,DAVACA ,"R$ 2.653,92",04061010,UN
"R$ 35.167.575,97",7891164027117,QUEIJO MUSSARELA FATIADO 150G,Açougue,"0,00","R$ 10,90",,Loja,AURORA,"R$ 0,00",04061010,UN
"R$ 35.167.575,97",M2813-1,RABO,Açougue,"5,00","R$ 18,00",,Loja,.,"R$ 90,00",02101900,UN
"R$ 35.167.575,97",000042,RABO BOVINO,Açougue,"-207,96","R$ 43,90",,Loja,.,"-R$ 9.129,44",02062910,KG
"R$ 35.167.575,97",M698-1,RABO BOVINO,Açougue,"0,00","R$ 29,03",,Loja,GOLD BEEF,"R$ 0,00",02102000,KG
"R$ 35.167.575,97",M2217-1,RABO BOVINO,Açougue,"56,00","R$ 39,90",,Loja,O REIZAO,"R$ 2.234,40",02062990,UN
"R$ 35.167.575,97",M2655-1,RABO BOVINO CONGELADO,Açougue,"28,00","R$ 48,74",,Loja,FUTURA GERAÇAO ,"R$ 1.364,58",02062910,UN
"R$ 35.167.575,97",000140,RABO SUINO SALGADO,Açougue,"-92,54","R$ 26,90",,Loja,.,"-R$ 2.489,33",16024900,KG
"R$ 35.167.575,97",M2329-1,RABO SUINO SALGADO,Açougue,"143,00","R$ 26,99",,Loja,O REIZAO,"R$ 3.858,86",02101100,UN
"R$ 35.167.575,97",000764,ROCOMBOLE DA CASA,Açougue,"-6,63","R$ 49,90",,Loja,.,"-R$ 330,84",02013000,KG
"R$ 35.167.575,97",006090,SALAME,Açougue,"-3,00","R$ 59,00",,Loja,.,"-R$ 177,00",16010000,UN
"R$ 35.167.575,97",7893000124912,SALAME ITALIANO,Açougue,"-86,00","R$ 69,00",,Loja,SADIA,"-R$ 5.934,00",16010000,UN
"R$ 35.167.575,97",7894904555659,SALAME ITALIANO FATIADO SEARA GOURME,Açougue,"-169,00","R$ 9,90",,Loja,SEARA,"-R$ 1.673,10",16010000,UN
"R$ 35.167.575,97",M969-1,SALAME NOBRE,Açougue,"0,00","R$ 65,00",,Loja,NOBRE,"R$ 0,00",16010000,UN
"R$ 35.167.575,97",M1648-1,SALAME PREMIUM AURORA,Açougue,"0,00","R$ 53,99",,Loja,AURORA,"R$ 0,00",16010000,UN
"R$ 35.167.575,97",M970-1,SALAME SUINO NOBRE,Açougue,"-1,00","R$ 59,90",,Loja,NOBRE,"-R$ 59,90",16010000,UN
"R$ 35.167.575,97",M1616-1,SALAME TRADICIONAL DEFUMADO OURO,Açougue,"-1,00","R$ 69,90",,Loja,PERDIGAO,"-R$ 69,90",16010000,UN
"R$ 35.167.575,97",789003689299,SALAMEX,Açougue,"0,00","R$ 39,00",,Loja,.,"R$ 0,00",19041000,UN
"R$ 35.167.575,97",M798-1,SALAMITOS LEMONASTICO 36G,Açougue,"0,00","R$ 4,50",,Loja,SADIA,"R$ 0,00",16010000,UN
"R$ 35.167.575,97",000300,SALSICHA  HOT DOG  500G,Açougue,"0,00","R$ 19,90",,Loja,AURORA,"R$ 0,00",16010000,KG
"R$ 35.167.575,97",000081,SALSICHA  SEARA,Açougue,"-234,79","R$ 14,99",,Loja,.,"-R$ 3.519,50",16010000,KG
"R$ 35.167.575,97",M1239-1,SALSICHA AURORA 500G,Açougue,"-1,00","R$ 16,90",,Loja,AURORA,"-R$ 16,90",16010000,UN
"R$ 35.167.575,97",000083,SALSICHA HOT DOG CONG,Açougue,"-325,49","R$ 14,99",,Loja,SADIA,"-R$ 4.879,10",16010000,KG
"R$ 35.167.575,97",000082,SALSICHA HOT DOG PERDIGAO,Açougue,"-15,81","R$ 19,90",,Loja,PERDIGAO,"-R$ 314,62",16010000,KG
"R$ 35.167.575,97",M651-1,SALSICHA HOT DOG RESF 500G,Açougue,"0,00","R$ 16,90",,Loja,SADIA,"R$ 0,00",16010000,UN
"R$ 35.167.575,97",M2113-1,SALSICHA SADIA,Açougue,"95,00","R$ 14,99",,Loja,SADIA,"R$ 1.423,58",16010000,UN
"R$ 35.167.575,97",M2404-1,SALSICHA SEARA,Açougue,"10,00","R$ 19,90",,Loja,SEARA,"R$ 199,00",16010000,UN
"R$ 35.167.575,97",M1831-1,SALSICHA SUINA,Açougue,"34,00","R$ 14,31",,Loja,AURORA,"R$ 486,54",16010000,UN
"R$ 35.167.575,97",M1672-1,SARDINHA COM OLEO 125G,Açougue,"-48,00","R$ 7,30",,Loja,COQUEIRO,"-R$ 350,40",16041310,UN
"R$ 35.167.575,97",999,SARDINHA LIMPA,Açougue,"0,00","R$ 19,99",,Loja,.,"R$ 0,00",16010000,UN
"R$ 35.167.575,97",008888,SARDINHA LIMPA,Açougue,"-6,11","R$ 19,99",,Loja,.,"-R$ 122,14",03035300,KG
"R$ 35.167.575,97",M1673-1,SARDINHAS COM MOLHO DE TOMATE 120G,Açougue,"-6,00","R$ 7,30",,Loja,COQUEIRO,"-R$ 43,80",16041310,UN
"R$ 35.167.575,97",000043,SHORT RIB,Açougue,"-0,90","R$ 44,90",,Loja,.,"-R$ 40,41",02022090,KG
"R$ 35.167.575,97",000110,SOBRECOXA,Açougue,"-117,28","R$ 13,90",,Loja,.,"-R$ 1.630,19",02071423,KG
"R$ 35.167.575,97",M2495-1,SOBRECOXA,Açougue,"1,00","R$ 11,90",,Loja,MBRF,"R$ 11,90",02071419,UN
"R$ 35.167.575,97",000044,STROGONOFF DE CARNE,Açougue,"-4,36","R$ 58,90",,Loja,.,"-R$ 256,80",02102000,KG
"R$ 35.167.575,97",000111,STROGONOFF DE FRANGO,Açougue,"-343,04","R$ 29,90",,Loja,.,"-R$ 10.256,90",16023220,KG
"R$ 35.167.575,97",000143,SUAN DE PORCO,Açougue,"-1,00","R$ 14,90",,Loja,.,"-R$ 14,90",16010000,UN
"R$ 35.167.575,97",M1830-1,SUINO,Açougue,"691,00","R$ 19,90",,Loja,FRIUNA,"R$ 13.750,90",02031100,UN
"R$ 35.167.575,97",M2017-1,SUINOS MEIA CARCACA DE SUINO,Açougue,"1575,00","R$ 19,90",,Loja,COWPIG,"R$ 31.342,50",02031100,UN
"R$ 35.167.575,97",M1932-1,SUINOS PAPADA,Açougue,"217,00","R$ 19,90",,Loja,COWPIG,"R$ 4.318,30",02064900,UN
"R$ 35.167.575,97",000141,TOUCINHO,Açougue,"-982,00","R$ 16,90",,Loja,.,"-R$ 16.595,80",02091011,KG
"R$ 35.167.575,97",M2687-1,TOUCINHO,Açougue,"19,00","R$ 14,85",,Loja,O REIZAO,"R$ 282,15",02031100,UN
"R$ 35.167.575,97",M2107-1,TOUCINHO ROSA PIG,Açougue,"395,00","R$ 17,99",,Loja,O REIZAO,"R$ 7.104,08",02031100,UN
"R$ 35.167.575,97",M696-1,TOUCINHO SUINO LOMBAR C/ PELE,Açougue,"0,00","R$ 24,29",,Loja,FUTURA GERAÇAO ,"R$ 0,00",02091011,KG
"R$ 35.167.575,97",M2706-1,TRAS FILE,Açougue,"152,00","R$ 53,99",,Loja,FUTURA,"R$ 8.205,72",02012020,UN
"R$ 35.167.575,97",M70-1,TULIPA DE FRANGO,Açougue,"0,00","R$ 22,65",,Loja,CANÇÃO ALIMENTOS,"R$ 0,00",02071413,KG
"R$ 35.167.575,97",M59-1,TULIPA DE FRANGO,Açougue,"-0,12","R$ 21,54",,Loja,PERDIGAO,"-R$ 2,58",02071413,KG
"R$ 35.167.575,97",000113,TULIPA MEIO DA ASA FRANGO,Açougue,"-571,26","R$ 29,90",,Loja,.,"-R$ 17.080,67",02071413,KG
"R$ 35.167.575,97",100101,TULIPA MEIO DAS ASAS TULIPA,Açougue,"42,60","R$ 29,90",,Loja,Holambra,"R$ 1.273,74",02071419,KG
"R$ 35.167.575,97",000114,TULIPA TEMPERADA,Açougue,"-909,52","R$ 34,90",,Loja,.,"-R$ 31.742,25",02071413,KG
"R$ 35.167.575,97",M1851-1,PEDIGRE CARNE 100G,Animal,"-61,00","R$ 3,99",,Loja,PEDIGRE,"-R$ 243,39",23091000,UN
"R$ 35.167.575,97",M1852-1,PEDIGRE FRANGO 100G,Animal,"-5,00","R$ 3,99",,Loja,PEDIGRE,"-R$ 19,95",23091000,UN
"R$ 35.167.575,97",001020,RACAO CACHORRO,Animal,"-290,12","R$ 9,99",,Loja,.,"-R$ 2.898,30",23091000,KG
"R$ 35.167.575,97",001010,RACAO GATO,Animal,"-234,00","R$ 10,99",,Loja,.,"-R$ 2.571,66",23091000,KG
"R$ 35.167.575,97",M1849-1,WHISKAS CARNE 85G,Animal,"-49,00","R$ 3,99",,Loja,whiskas,"-R$ 195,51",23091000,UN
"R$ 35.167.575,97",M1850-1,WHISKAS FRANGO 85G,Animal,"-35,00","R$ 3,99",,Loja,whiskas,"-R$ 139,65",23091000,UN
"R$ 35.167.575,97",M1646-1,ABSOLUTO AVELA SUIÇO 65G,Bebidas,"-2,00","R$ 9,90",,Loja,VIVOLI,"-R$ 19,80",21050010,UN
"R$ 35.167.575,97",M1645-1,ABSOLUTTO PISTACHE 75G,Bebidas,"-12,00","R$ 9,99",,Loja,VIVOLI,"-R$ 119,88",21050010,UN
"R$ 35.167.575,97",M1653-1,ACHOC PRONTO NESCAU 180ML,Bebidas,"0,00","R$ 2,99",,Loja,.,"R$ 0,00",22029900,UN
"R$ 35.167.575,97",M1076-1,ACHOC PRONTO NESCAU 180ML,Bebidas,"0,00","R$ 2,99",,Loja,NESCAU,"R$ 0,00",22029900,UN
"R$ 35.167.575,97",M13-1,ACHOCOLATADO PRONTO TODDYNHO 200ML,Bebidas,"-56,00","R$ 3,50",,Loja,Toddynho,"-R$ 196,00",22029900,UN
"R$ 35.167.575,97",7896828000017,AGUA COCO KERO COCO 200ML,Bebidas,"0,00","R$ 4,00",,Loja,KERO COCO,"R$ 0,00",20098921,UN
"R$ 35.167.575,97",M1886-1,"AGUA COM GAS 1,5 L FERRASPARI",Bebidas,"-42,00","R$ 5,00",,Loja,Ferraspari,"-R$ 210,00",22011000,UN
"R$ 35.167.575,97",M1631-1,"AGUA COM GAS 1,5LITROS",Bebidas,"0,00","R$ 5,50",,Loja,PARAQUA,"R$ 0,00",22011000,UN
"R$ 35.167.575,97",M1373-1,"AGUA COM GAS 1,5LITROS",Bebidas,"-4,00","R$ 5,50",,Loja,POMPEIA,"-R$ 22,00",22011000,UN
"R$ 35.167.575,97",M1401-1,AGUA COM GAS 500ML,Bebidas,"-86,00","R$ 3,00",,Loja,LINDOYA,"-R$ 258,00",22011000,UN
"R$ 35.167.575,97",M1486-1,AGUA COM GAS 510ML,Bebidas,"-76,00","R$ 3,00",,Loja,CRYSTAL,"-R$ 228,00",22011000,UN
"R$ 35.167.575,97",M1491-1,"AGUA CRYSTAL 1,5L",Bebidas,"-37,00","R$ 5,50",,Loja,CRYSTAL,"-R$ 203,50",22011000,UN
"R$ 35.167.575,97",M1512-1,AGUA CRYSTAL 500ML,Bebidas,"-78,00","R$ 2,50",,Loja,CRYSTAL,"-R$ 195,00",22011000,UN
"R$ 35.167.575,97",7896000593764,AGUA DE COCO 180ML,Bebidas,"-1,00","R$ 3,50",,Loja,PURO COCO ,"-R$ 3,50",20098921,UN
"R$ 35.167.575,97",M1125-1,AGUA DE COCO DUCOCO,Bebidas,"2,00","R$ 2,99",,Loja,DUCOCO,"R$ 5,98",20098921,UN
"R$ 35.167.575,97",M163-1,AGUA DE COCO DUCOCO 1L,Bebidas,"0,00","R$ 9,80",,Loja,DUCOCO,"R$ 0,00",20098921,UN
"R$ 35.167.575,97",7896089500202,AGUA LINDOYA 510ML,Bebidas,"-35,00","R$ 2,50",,Loja,LINDOYA,"-R$ 87,50",22011000,UN
"R$ 35.167.575,97",M2723-1,"AGUA MINERAL FERRASPARI  1,5L",Bebidas,"0,00","R$ 5,00",,Loja,Ferraspari,"R$ 0,00",22011000,UN
"R$ 35.167.575,97",M2641-1,AGUA MINERAL FERRASPARI 500 ML,Bebidas,"-18,00","R$ 2,50",,Loja,Ferraspari,"-R$ 45,00",22011000,UN
"R$ 35.167.575,97",M2480-1,"AGUA MINERAL FERRASPARI C/GAS 1,5L",Bebidas,"3,00","R$ 5,50",,Loja,Ferraspari,"R$ 16,50",22011000,UN
"R$ 35.167.575,97",7896087705302,AGUA MINERAL FERRASPARI C/GAS 510ML,Bebidas,"-6,00","R$ 2,50",,Loja,Ferraspari,"-R$ 15,00",22011000,UN
"R$ 35.167.575,97",7896008005306,AGUA MINERAL LINDOYA 500ML,Bebidas,"-38,00","R$ 2,50",,Loja,LINDOYA,"-R$ 95,00",22011000,UN
"R$ 35.167.575,97",M946-1,AGUA MINERAL NATURAL 510ML,Bebidas,"-16,00","R$ 2,50",,Loja,BIO,"-R$ 40,00",22011000,UN
"R$ 35.167.575,97",M1404-1,AGUA MINERAL SEM GAS 350ML,Bebidas,"0,00","R$ 3,00",,Loja,MAMBA WATER,"R$ 0,00",22011000,UN
"R$ 35.167.575,97",M2466-1,AGUA MONTES CLARO 500ML,Bebidas,"-11,00","R$ 2,50",,Loja,MONTES CLARO,"-R$ 27,50",22011000,UN
"R$ 35.167.575,97",7898994957102,AGUA NA CAIXA AGUA MIN S GAS TETRAPAK 500ML,Bebidas,"-3,00","R$ 6,30",,Loja,TETRAPAK,"-R$ 18,90",22011000,UN
"R$ 35.167.575,97",M947-1,"AGUA NATURAL MINERAL SEM GAS 1,5L",Bebidas,"-48,00","R$ 5,50",,Loja,LINDOYA,"-R$ 264,00",22011000,UN
"R$ 35.167.575,97",M2037-1,AGUA PETROPOLIS 510ML,Bebidas,"-4,00","R$ 2,50",,Loja,MOLICO ,"-R$ 10,00",22011000,UN
"R$ 35.167.575,97",M1671-1,AGUA TONICA SEM AÇUCAR 350ML,Bebidas,"-5,00","R$ 4,50",,Loja,TONICA,"-R$ 22,50",22021000,UN
"R$ 35.167.575,97",M569-1,AGUARDENTE DE CANA,Bebidas,"-157,00","R$ 4,50",,Loja,.,"-R$ 706,50",22084000,UN
"R$ 35.167.575,97",M996-1,AGUARDENTE JAPI DE CANA,Bebidas,"-6,00","R$ 24,90",,Loja,JAPI,"-R$ 149,40",22084000,UN
"R$ 35.167.575,97",M1008-1,AGUARDENTE PITU 965ML,Bebidas,"-14,00","R$ 19,50",,Loja,PITU,"-R$ 273,00",22084000,UN
"R$ 35.167.575,97",M1175-1,AMSTEL 269ML,Bebidas,"-111,00","R$ 4,00",,Loja,AMSTEL,"-R$ 444,00",22030000,UN
"R$ 35.167.575,97",M1299-1,AMSTEL 269ML 12UND,Bebidas,"-45,00","R$ 38,00",,Loja,AMSTEL,"-R$ 1.710,00",22030000,UN
"R$ 35.167.575,97",M1300-1,AMSTEL 350ML C/12UND,Bebidas,"-22,00","R$ 52,00",,Loja,AMSTEL,"-R$ 1.144,00",22030000,UN
"R$ 35.167.575,97",M1139-1,AMSTEL LONGNECK PURO MALTE 350ML,Bebidas,"-2,00","R$ 6,00",,Loja,AMSTEL,"-R$ 12,00",22030000,UN
"R$ 35.167.575,97",7891136057012,APEROL 750ml,Bebidas,"2,00","R$ 72,90",,Loja,APEROL ,"R$ 145,80",22089000,UN
"R$ 35.167.575,97",M2708-1,AURO PRO WHEY,Bebidas,"-1,00","R$ 8,50",,Loja,AURORA,"-R$ 8,50",22029900,UN
"R$ 35.167.575,97",7891164027353,AURORA MORANGO 170G,Bebidas,"0,00","R$ 2,80",,Loja,AURORA,"R$ 0,00",22029900,UN
"R$ 35.167.575,97",M2070-1,BEB MIST CABARE ICE FRAM LN 275ML,Bebidas,"-6,00","R$ 8,00",,Loja,CABARE,"-R$ 48,00",22060090,UN
"R$ 35.167.575,97",M1861-1,BEB MIST CRY ICE LIMAO LN 275ML,Bebidas,"8,00","R$ 106,94",,Loja,TNT,"R$ 855,48",22060090,UN
"R$ 35.167.575,97",M78-1,BEBIDA  MORANGO 800G,Bebidas,"0,00","R$ 7,90",,Loja,CAROLINA,"R$ 0,00",22029900,UN
"R$ 35.167.575,97",7896691104492,BEBIDA ACAI COM BANANA 150G,Bebidas,"0,00","R$ 2,30",,Loja,CAROLINA,"R$ 0,00",22029900,UN
"R$ 35.167.575,97",7897395000509,BEBIDA CABARE ICE FRUTAS VERMELHAS 275ML,Bebidas,"-36,00","R$ 8,50",,Loja,.,"-R$ 306,00",22060090,UN
"R$ 35.167.575,97",7898377661848,BEBIDA CABARE ICE LIMAO 275ML,Bebidas,"-12,00","R$ 8,50",,Loja,.,"-R$ 102,00",22060090,UN
"R$ 35.167.575,97",7896691103129,BEBIDA COCO,Bebidas,"0,00","R$ 2,30",,Loja,CAROLINA,"R$ 0,00",22029900,UN
"R$ 35.167.575,97",M1632-1,BEBIDA FRUTAS VERMELHAS 150G,Bebidas,"0,00","R$ 2,30",,Loja,CAROLINA,"R$ 0,00",22029900,UN
"R$ 35.167.575,97",M75-1,BEBIDA LACTEA ACAI COM BANANA GARRAFA 800G,Bebidas,"0,00","R$ 7,90",,Loja,CAROLINA,"R$ 0,00",22029900,UN
"R$ 35.167.575,97",M2491-1,BEBIDA LACTEA FERM SAB SALADA DE FRUTA - 850GR,Bebidas,"-15,00","R$ 9,99",,Loja,AURORA,"-R$ 149,85",22029900,UN
"R$ 35.167.575,97",7898016050866,BEBIDA LACTEA MORANGO,Bebidas,"-1,00","R$ 6,90",,Loja,JAMAVA,"-R$ 6,90",22029900,UN
"R$ 35.167.575,97",7891164028695,BEBIDA LACTEA MORANGO 850G,Bebidas,"-19,00","R$ 11,50",,Loja,AURORA,"-R$ 218,50",22029900,UN
"R$ 35.167.575,97",M76-1,BEBIDA LACTEA MORANGO BANDEJA 510G,Bebidas,"0,00","R$ 4,90",,Loja,CAROLINA,"R$ 0,00",22029900,UN
"R$ 35.167.575,97",7898016050965,BEBIDA LACTEA POLPA MORANGO 470G,Bebidas,"6,00","R$ 4,90",,Loja,JAMAVA,"R$ 29,40",22029900,UN
"R$ 35.167.575,97",M80-1,BEBIDA LACTEA SALADA DE FRUTAS GARRAFA 800G,Bebidas,"0,00","R$ 7,91",,Loja,CAROLINA,"R$ 0,00",22029900,UN
"R$ 35.167.575,97",7897395002589,BEBIDA MISTA CRY ICE 275 ML,Bebidas,"7,00","R$ 8,00",,Loja,CRYSTAL,"R$ 56,00",22060090,UN
"R$ 35.167.575,97",7898016050934,BEBIDA MORANGO 130G,Bebidas,"7,00","R$ 2,20",,Loja,JAMAVA,"R$ 15,40",22029900,UN
"R$ 35.167.575,97",M77-1,BEBIDA MORANGO 150G,Bebidas,"0,00","R$ 2,30",,Loja,CAROLINA,"R$ 0,00",22029900,UN
"R$ 35.167.575,97",7891164029319,BEBIDA SABOR CHOCOLATE COM 15 G DE PROTEINA - 250ML,Bebidas,"-8,00","R$ 8,50",,Loja,AURORA,"-R$ 68,00",22029900,UN
"R$ 35.167.575,97",7891164029302,BEBIDA SABOR MORANGO COM 15 G DE PROTEINA - 250ML,Bebidas,"-2,00","R$ 8,50",,Loja,AURORA,"-R$ 17,00",22029900,UN
"R$ 35.167.575,97",7896691103242,BEBIDA SALADA DE FRUTA 800G,Bebidas,"0,00","R$ 7,90",,Loja,CAROLINA,"R$ 0,00",22029900,UN
"R$ 35.167.575,97",M79-1,BEBIDA SALADA DE FRUTAS 150G,Bebidas,"0,00","R$ 2,30",,Loja,CAROLINA,"R$ 0,00",22029900,UN
"R$ 35.167.575,97",M973-1,BENEDITO SAUVIGNON BLANC 750ML,Bebidas,"-2,00","R$ 22,00",,Loja,BENEDITO ,"-R$ 44,00",22042100,UN
"R$ 35.167.575,97",M838-1,BRAHMA CHOPP 1 LITRO,Bebidas,"-4,00","R$ 12,00",,Loja,BRAHMA,"-R$ 48,00",22030000,UN
"R$ 35.167.575,97",M2581-1,BRAHMA CHOPP ZERO LATA 350ML,Bebidas,"5,00","R$ 50,00",,Loja,BRAHMA,"R$ 250,00",22029100,UN
"R$ 35.167.575,97",M1431-1,BRAHMA ZERO LATA 350ML,Bebidas,"-235,00","R$ 6,50",,Loja,BRAHMA,"-R$ 1.527,50",22029100,UN
"R$ 35.167.575,97",M2594-1,BUDWEISER 330ML,Bebidas,"3,00","R$ 8,00",,Loja,BUDWEISER,"R$ 24,00",22030000,UN
"R$ 35.167.575,97",M1389-1,BUDWEISER LATA 269ML,Bebidas,"-62,00","R$ 4,50",,Loja,BUDWEISER,"-R$ 279,00",22030000,UN
"R$ 35.167.575,97",M1372-1,BUDWEISER ZERO 350ML,Bebidas,"-18,00","R$ 7,50",,Loja,BUD,"-R$ 135,00",22030000,UN
"R$ 35.167.575,97",M2580-1,BUDWEISER ZERO 350ML,Bebidas,"2,00","R$ 7,50",,Loja,BUDWEISER,"R$ 15,00",22029100,UN
"R$ 35.167.575,97",7891991298421,BUDWEISER ZERO LONG NECK 330ML,Bebidas,"-48,00","R$ 7,50",,Loja,AMBEV,"-R$ 360,00",22029100,UN
"R$ 35.167.575,97",M1164-1,CABARE FRUTAS AMARELAS 269ML,Bebidas,"-6,00","R$ 6,50",,Loja,CABARE,"-R$ 39,00",22060090,UN
"R$ 35.167.575,97",M1165-1,CABARE FRUTAS VERMELHAS 269ML,Bebidas,"0,00","R$ 6,50",,Loja,CABARE,"R$ 0,00",22060090,UN
"R$ 35.167.575,97",M1377-1,CABARE ICE FRUTAS AMARELA 275ML,Bebidas,"-33,00","R$ 8,50",,Loja,CABARE,"-R$ 280,50",22060090,UN
"R$ 35.167.575,97",M1153-1,CACAU TAVERNA 900ML,Bebidas,"-2,00","R$ 17,50",,Loja,TAVERNA,"-R$ 35,00",22060090,UN
"R$ 35.167.575,97",M565-1,CACHACA 51,Bebidas,"-31,00","R$ 17,00",,Loja,.,"-R$ 527,00",22084000,UN
"R$ 35.167.575,97",M997-1,CACHAÇA ITUPEVA,Bebidas,"-40,00","R$ 24,99",,Loja,.,"-R$ 999,60",22084000,UN
"R$ 35.167.575,97",M1160-1,CAIXA ANTARTICA 350ML 12LATAS,Bebidas,"-1,00","R$ 49,99",,Loja,ANTARTICA,"-R$ 49,99",22030000,UN
"R$ 35.167.575,97",M1393-1,CAIXA BHAMA DUPLO MALTE 350ML 12LATAS,Bebidas,"-3,00","R$ 57,99",,Loja,BRAHMA,"-R$ 173,97",22030000,UN
"R$ 35.167.575,97",M1610-1,CAIXA BUDWEISER LATA 269ML,Bebidas,"-13,00","R$ 33,00",,Loja,BUDWEISER,"-R$ 429,00",22030000,UN
"R$ 35.167.575,97",M1627-1,CAIXA BUDWEISER LATA 350ML,Bebidas,"4,00","R$ 66,00",,Loja,BUDWEISER,"R$ 264,00",22030000,UN
"R$ 35.167.575,97",M1674-1,CAIXA C/ 12 - LEITE INTEGRAL,Bebidas,"-4,00","R$ 72,00",,Loja,AURORA,"-R$ 288,00",04012010,UN
"R$ 35.167.575,97",M1264-1,CAIXA CERVEJA BRAHMA CHOPP 12UND,Bebidas,"-15,00","R$ 48,00",,Loja,BRAHMA,"-R$ 720,00",22030000,UN
"R$ 35.167.575,97",M1581-1,CAIXA CERVEJA IMPERIO PILSEN 12UND 350ML,Bebidas,"-12,00","R$ 48,00",,Loja,IMPERIO ,"-R$ 576,00",22030000,UN
"R$ 35.167.575,97",17896256600220,CAIXA DE LEITE TIROL,Bebidas,"-3,00","R$ 70,00",,Loja,TIROL,"-R$ 210,00",04012010,UN
"R$ 35.167.575,97",M1252-1,"CAIXA ESTRELA GALICIA 0,0% LONGNECK 330ML 6UND",Bebidas,"0,00","R$ 48,50",,Loja,COCA COLA,"R$ 0,00",22029100,UN
"R$ 35.167.575,97",M1159-1,CAIXA HEINEKEN 269ML 8LATAS,Bebidas,"-20,00","R$ 36,00",,Loja,HEINEKEN,"-R$ 720,00",22030000,UN
"R$ 35.167.575,97",M1485-1,CAIXA HEINEKEN 350ML 12LATAS,Bebidas,"-36,00","R$ 74,00",,Loja,HEINEKEN,"-R$ 2.664,00",22030000,UN
"R$ 35.167.575,97",7891991016001,CAIXA ORIGINAL 12 UND LATA 350ML,Bebidas,"-37,00","R$ 65,00",,Loja,ORIGINAL,"-R$ 2.405,00",22030000,UN
"R$ 35.167.575,97",M2223-1,CAIXA ORIGINAL 269ML 15 LATAS,Bebidas,"-89,00","R$ 60,00",,Loja,ORIGINAL,"-R$ 5.340,00",22030000,UN
"R$ 35.167.575,97",M1158-1,CAIXA ORIGINAL 269ML 8LATAS,Bebidas,"-204,00","R$ 33,00",,Loja,ORIGINAL,"-R$ 6.732,00",22030000,UN
"R$ 35.167.575,97",M1161-1,CAIXA SKOL 269ML 15UND,Bebidas,"-200,00","R$ 48,00",,Loja,SKOL,"-R$ 9.600,00",22030000,UN
"R$ 35.167.575,97",M1162-1,CAIXA SPATEN 350ML 12UND,Bebidas,"-1,00","R$ 68,00",,Loja,SPATEN,"-R$ 68,00",22030000,UN
"R$ 35.167.575,97",7891000409282,CALDA DE FRUTAS VERMELHAS NESTLE 90G,Bebidas,"-11,00","R$ 2,99",,Loja,NESTLE,"-R$ 32,89",04039000,UN
"R$ 35.167.575,97",7891000390214,CALDA DE PESSEGO NESTLE 90G,Bebidas,"-2,00","R$ 2,99",,Loja,NESTLE,"-R$ 5,98",04039000,UN
"R$ 35.167.575,97",M971-1,CAMPARI 748ML,Bebidas,"-1,00","R$ 75,00",,Loja,.,"-R$ 75,00",22089000,UN
"R$ 35.167.575,97",M2299-1,CAMPARI GARRAFA 748ml,Bebidas,"1,00","R$ 60,29",,Loja,CAMPARI,"R$ 60,29",22089000,UN
"R$ 35.167.575,97",M1152-1,CANELINHA TAVERNA 900ML,Bebidas,"-1,00","R$ 17,50",,Loja,TAVERNA,"-R$ 17,50",22060090,UN
"R$ 35.167.575,97",M564-1,CATUABA SELVAGEM,Bebidas,"-42,00","R$ 18,00",,Loja,.,"-R$ 756,00",22060090,UN
"R$ 35.167.575,97",M2129-1,CC Zero LT 220ml 6U FI MAINLINE,Bebidas,"1,00","R$ 4,50",,Loja,COCA,"R$ 4,50",22021000,UN
"R$ 35.167.575,97",M2133-1,CC Zero LT 350ml,Bebidas,"3,00","R$ 4,50",,Loja,COCA COLA,"R$ 13,50",22021000,UN
"R$ 35.167.575,97",M2130-1,CC Zero PET 600ml,Bebidas,"5,00","R$ 8,50",,Loja,COCA COLA,"R$ 42,50",22021000,UN
"R$ 35.167.575,97",M840-1,CERVEJA  ANTARCTICA PILSEN 1 LITRO,Bebidas,"0,00","R$ 12,00",,Loja,ANTARCTICA,"R$ 0,00",22030000,UN
"R$ 35.167.575,97",M869-1,CERVEJA AMSTEL LAFER 350ML,Bebidas,"-211,00","R$ 5,00",,Loja,AMSTER ,"-R$ 1.055,00",22030000,UN
"R$ 35.167.575,97",M1028-1,CERVEJA ANTARTICA LATA 350ML,Bebidas,"-56,00","R$ 4,50",,Loja,AMBEV,"-R$ 252,00",22030000,UN
"R$ 35.167.575,97",M865-1,CERVEJA BHAMA DUPLO MALTE 350ML,Bebidas,"-187,00","R$ 5,50",,Loja,BRAHMA,"-R$ 1.028,50",22030000,UN
"R$ 35.167.575,97",M860-1,CERVEJA BRAHMA CHOPP 350 ML,Bebidas,"-75,00","R$ 4,50",,Loja,BRAHMA,"-R$ 337,50",22030000,UN
"R$ 35.167.575,97",M866-1,CERVEJA BRAHMA MALZBIER 350ML,Bebidas,"-57,00","R$ 6,00",,Loja,BRAHMA,"-R$ 342,00",22030000,UN
"R$ 35.167.575,97",M1200-1,CERVEJA BUDWEISER LATA 350ML,Bebidas,"-81,00","R$ 5,50",,Loja,BUDWEISER,"-R$ 445,50",22030000,UN
"R$ 35.167.575,97",M836-1,CERVEJA BUDWEISER LONG NECK 330ML,Bebidas,"-2,00","R$ 8,00",,Loja,BUDWEISER,"-R$ 16,00",22030000,UN
"R$ 35.167.575,97",M841-1,CERVEJA ESCURA CARACU 350ML,Bebidas,"-90,00","R$ 6,00",,Loja,CARACU,"-R$ 540,00",22030000,UN
"R$ 35.167.575,97",M1169-1,CERVEJA HEINEKEN 330ML LONGNECK 6UN,Bebidas,"-24,00","R$ 45,00",,Loja,HEINEKEN,"-R$ 1.080,00",22030000,UN
"R$ 35.167.575,97",M1138-1,CERVEJA IMPERIO GOLD 269ML,Bebidas,"-7,00","R$ 4,00",,Loja,IMPERIO ,"-R$ 28,00",22030000,UN
"R$ 35.167.575,97",M2680-1,CERVEJA IMPERIO PILSEN 350ML,Bebidas,"75,00","R$ 4,50",,Loja,IMPERIO ,"R$ 337,50",22030000,UN
"R$ 35.167.575,97",M993-1,CERVEJA IMPERIO PILSEN 350ML,Bebidas,"-282,00","R$ 4,50",,Loja,IMPERIO ,"-R$ 1.269,00",22030000,UN
"R$ 35.167.575,97",M2637-1,CERVEJA IMPERIO SEM ALCOOL 330ML,Bebidas,"-19,00","R$ 6,90",,Loja,IMPERIO ,"-R$ 131,10",22029100,UN
"R$ 35.167.575,97",M844-1,CERVEJA ITAIPAVA 350 ML 12 UNIDADES,Bebidas,"262,00","R$ 40,00",,Loja,ITAIPAVA,"R$ 10.480,00",22030000,UN
"R$ 35.167.575,97",M73-1,CERVEJA ITAIPAVA PILSEN 350ML,Bebidas,"-1883,00","R$ 4,00",,Loja,ITAIPAVA,"-R$ 7.532,00",22030000,UN
"R$ 35.167.575,97",M1137-1,CERVEJA ITAIPAVA PREMIUM LAGER 269ML,Bebidas,"0,00","R$ 4,00",,Loja,ITAIPAVA,"R$ 0,00",22030000,UN
"R$ 35.167.575,97",M849-1,CERVEJA ITAIPAVA SEM ALCOOL 350ML,Bebidas,"-113,00","R$ 5,00",,Loja,ITAIPAVA,"-R$ 565,00",22030000,UN
"R$ 35.167.575,97",M919-1,CERVEJA ITAIPAVA SEM ALCOOL LONG NECK 330ML,Bebidas,"0,00","R$ 5,99",,Loja,ITAIPAVA,"R$ 0,00",22030000,UN
"R$ 35.167.575,97",M597-1,CERVEJA PETRA 350ML,Bebidas,"-220,00","R$ 4,50",,Loja,PETRA,"-R$ 990,00",22030000,UN
"R$ 35.167.575,97",M74-1,CERVEJA PETRA STARK GARRAFA 500ML,Bebidas,"0,00","R$ 15,90",,Loja,PETRA,"R$ 0,00",22030000,UN
"R$ 35.167.575,97",M1406-1,CERVEJA PRAYA 355ML,Bebidas,"0,00","R$ 8,50",,Loja,PRAYA,"R$ 0,00",22030000,UN
"R$ 35.167.575,97",M1340-1,CERVEJA SKOL 269 ML 12 UND,Bebidas,"-75,00","R$ 48,00",,Loja,SKOL,"-R$ 3.600,00",22030000,UN
"R$ 35.167.575,97",7891991307680,CERVEJA SKOL 350ML 12 UNIDADES,Bebidas,"-216,00","R$ 48,00",,Loja,SKOL,"-R$ 10.368,00",22030000,UN
"R$ 35.167.575,97",M824-1,CERVEJA SKOL PILSEN 350ML,Bebidas,"-1569,00","R$ 4,50",,Loja,SKOL,"-R$ 7.060,50",22030000,UN
"R$ 35.167.575,97",M2441-1,CERVEJA SKOL SEM ALCOOL 350ML,Bebidas,"-65,00","R$ 6,00",,Loja,AMBEV,"-R$ 390,00",22030000,UN
"R$ 35.167.575,97",M1166-1,CERVEJA SPATEN 330ML,Bebidas,"-31,00","R$ 8,00",,Loja,SPATEN,"-R$ 248,00",22030000,UN
"R$ 35.167.575,97",M1024-1,CERVEJA SPATEN 350ML,Bebidas,"-29,00","R$ 6,50",,Loja,SPATEN,"-R$ 188,50",22030000,UN
"R$ 35.167.575,97",M899-1,CERVEJA STELLA ARTOIS 330ML,Bebidas,"-53,00","R$ 8,50",,Loja,.,"-R$ 450,50",22030000,UN
"R$ 35.167.575,97",M904-1,CERVEJA VOLD X LAGER 250ML,Bebidas,"0,00","R$ 3,00",,Loja,.,"R$ 0,00",22030000,UN
"R$ 35.167.575,97",M1960-1,CHAMYTO 100G,Bebidas,"-7,00","R$ 3,50",,Loja,CHAMYTO,"-R$ 24,50",04039000,UN
"R$ 35.167.575,97",M1951-1,CHAMYTO 6 UN 450G,Bebidas,"-4,00","R$ 10,00",,Loja,CHAMYTO,"-R$ 40,00",04039000,UN
"R$ 35.167.575,97",M1952-1,CHAMYTO 80G,Bebidas,"-2,00","R$ 1,80",,Loja,CHAMYTO,"-R$ 3,60",04039000,UN
"R$ 35.167.575,97",7891000360668,CHAMYTO FRUTAS 100G,Bebidas,"-22,00","R$ 2,99",,Loja,CHAMYTO,"-R$ 65,78",04039000,UN
"R$ 35.167.575,97",7891000252819,CHAMYTO MORANGO 100G,Bebidas,"-17,00","R$ 2,99",,Loja,CHAMYTO,"-R$ 50,83",04039000,UN
"R$ 35.167.575,97",7896025992887,CHINOTTO 269ML,Bebidas,"-3,00","R$ 5,00",,Loja,CHINOTTO ,"-R$ 15,00",22021000,UN
"R$ 35.167.575,97",M2131-1,COCA 1L VDRO RETORNAVEL,Bebidas,"-23,00","R$ 5,50",,Loja,COCA COLA,"-R$ 126,50",22021000,UN
"R$ 35.167.575,97",M2400-1,COCA COLA 200ML,Bebidas,"-24,00","R$ 2,50",,Loja,COCA COLA,"-R$ 60,00",22021000,UN
"R$ 35.167.575,97",7894900010398,COCA COLA 220ml,Bebidas,"-56,00","R$ 4,00",,Loja,COCA COLA,"-R$ 224,00",22021000,UN
"R$ 35.167.575,97",M1764-1,COCA COLA 220ML ZERO,Bebidas,"-13,00","R$ 4,00",,Loja,COCA COLA,"-R$ 52,00",22021000,UN
"R$ 35.167.575,97",M1380-1,COCA COLA 2L RETORNAVEL,Bebidas,"-264,00","R$ 9,80",,Loja,COA COLA,"-R$ 2.587,20",22021000,UN
"R$ 35.167.575,97",7894900701593,COCA COLA 3 LITROS ZERO AÇUCAR,Bebidas,"-22,00","R$ 14,99",,Loja,COCA COLA,"-R$ 329,78",22021000,UN
"R$ 35.167.575,97",7894900010015,COCA COLA 350ML,Bebidas,"-149,00","R$ 4,50",,Loja,COCA COLA FEMSA,"-R$ 670,50",22021000,UN
"R$ 35.167.575,97",7894900027013,COCA COLA ORIGINAL  2L,Bebidas,"-538,00","R$ 14,50",,Loja,COCA COLA,"-R$ 7.801,00",22021000,UN
"R$ 35.167.575,97",78908901,COCA COLA PET 200ml,Bebidas,"-338,00","R$ 2,60",,Loja,COCA COLA FEMSA,"-R$ 878,80",22021000,UN
"R$ 35.167.575,97",M92-1,Coca Cola Pet Retornável 2 Litros,Bebidas,"18,00","R$ 9,50",,Loja,COCA COLA FEMSA,"R$ 171,00",22021000,UN
"R$ 35.167.575,97",M97-1,Coca Cola Pet Retornável 2L,Bebidas,"86,00","R$ 9,50",,Loja,COCA COLA FEMSA,"R$ 817,00",22021000,UN
"R$ 35.167.575,97",7894900014211,COCA COLA RET 2L,Bebidas,"-959,00","R$ 9,50",,Loja,COCA COLA,"-R$ 9.110,50",22021000,UN
"R$ 35.167.575,97",M96-1,Coca Cola Retornável Vidro 1L,Bebidas,"-215,00","R$ 5,99",,Loja,COCA COLA FEMSA,"-R$ 1.287,85",22021000,UN
"R$ 35.167.575,97",7894900701609,COCA COLA ZERO 600ML,Bebidas,"-63,00","R$ 8,50",,Loja,COCA COLA,"-R$ 535,50",22021000,UN
"R$ 35.167.575,97",M398-1,COCA COLA ZERO PET 2L,Bebidas,"37,00","R$ 14,90",,Loja,COCA COLA,"R$ 551,30",22021000,UN
"R$ 35.167.575,97",M94-1,COCA COLA ZERO PET 2L,Bebidas,"-277,84","R$ 14,90",,Loja,COCA COLA FEMSA,"-R$ 4.139,82",22021000,UN
"R$ 35.167.575,97",M2446-1,"COCA ZERO PET 1,5L",Bebidas,"-3,00","R$ 11,90",,Loja,COCA COLA FEMSA,"-R$ 35,70",22021000,UN
"R$ 35.167.575,97",M1244-1,"COCA-COLA ORIGINAL PET 2,5L",Bebidas,"0,00","R$ 15,50",,Loja,COCA-COLA,"R$ 0,00",22021000,UN
"R$ 35.167.575,97",7894900027037,COCA-COLA ORIGINAL PET 3L,Bebidas,"0,00","R$ 17,50",,Loja,COCA COLA,"R$ 0,00",22021000,UN
"R$ 35.167.575,97",M1251-1,COCA-COLA ZERO LATA 350ML,Bebidas,"-61,00","R$ 4,50",,Loja,COCA COLA,"-R$ 274,50",22021000,UN
"R$ 35.167.575,97",M2136-1,Coca-Cola Zero PET 200ml,Bebidas,"5,00","R$ 4,50",,Loja,COCA COLA,"R$ 22,50",22021000,UN
"R$ 35.167.575,97",001566,COCO VERDE,Bebidas,"0,00","R$ 7,00",,Loja,.,"R$ 0,00",20098921,UN
"R$ 35.167.575,97",M567-1,CONHAQUE DREHER,Bebidas,"-11,00","R$ 24,99",,Loja,.,"-R$ 274,89",22082000,UN
"R$ 35.167.575,97",M1151-1,CONTINI COQUETEL BIANCO 900ML,Bebidas,"-7,00","R$ 36,90",,Loja,CONTINI,"-R$ 258,30",22042910,UN
"R$ 35.167.575,97",M1023-1,CONVENÇÃO ABACAXI 2L,Bebidas,"-63,00","R$ 7,80",,Loja,CONVENÇÃO,"-R$ 491,40",22021000,UN
"R$ 35.167.575,97",M1136-1,CONVENCAO ABACAXI PET 350ML,Bebidas,"-16,00","R$ 3,50",,Loja,CONVENÇÃO,"-R$ 56,00",22021000,UN
"R$ 35.167.575,97",M1020-1,CONVENÇAO GUARANA 2L,Bebidas,"-82,00","R$ 7,80",,Loja,CONVENÇÃO,"-R$ 639,60",22021000,UN
"R$ 35.167.575,97",M1135-1,CONVENCAO GUARANA PET 350ML,Bebidas,"-10,00","R$ 3,50",,Loja,CONVENÇÃO,"-R$ 35,00",22021000,UN
"R$ 35.167.575,97",M1022-1,CONVENÇÃO LIMÃO 2L,Bebidas,"-51,00","R$ 7,80",,Loja,CONVENÇÃO,"-R$ 397,80",22021000,UN
"R$ 35.167.575,97",M1637-1,CONVENÇAO LIMAO VITTS 2L,Bebidas,"-39,00","R$ 7,80",,Loja,CONVENÇÃO,"-R$ 304,20",22021000,UN
"R$ 35.167.575,97",M1092-1,CORONA EXTRA 330ML,Bebidas,"-65,00","R$ 8,50",,Loja,AMBEV,"-R$ 552,50",22030000,UN
"R$ 35.167.575,97",M2177-1,CORONA EXTRA 350ML,Bebidas,"-9,00","R$ 7,90",,Loja,CORONA,"-R$ 71,10",22030000,UN
"R$ 35.167.575,97",M1085-1,CORONA EXTRA N LONG NECK 330ML,Bebidas,"1,00","R$ 8,50",,Loja,CORONA,"R$ 8,50",22030000,UN
"R$ 35.167.575,97",M2692-1,CRY ICE FRAM 275ML,Bebidas,"1,00","R$ 7,90",,Loja,ICE,"R$ 7,90",22060090,UN
"R$ 35.167.575,97",M1554-1,CRYSTAL FRUTAS VERMELHA  275ML,Bebidas,"-37,00","R$ 7,50",,Loja,CRYSTAL,"-R$ 277,50",22060090,UN
"R$ 35.167.575,97",M1744-1,CRYSTAL ICE FRUTAS AMARELAS 275ML,Bebidas,"-7,00","R$ 7,50",,Loja,CRYSTAL,"-R$ 52,50",22060090,UN
"R$ 35.167.575,97",M1743-1,CRYSTAL ICE LIMAO  275ML,Bebidas,"-60,00","R$ 8,00",,Loja,CRYSTAL,"-R$ 480,00",22060090,UN
"R$ 35.167.575,97",7891136065208,CYNAR 900ML,Bebidas,"2,00","R$ 41,99",,Loja,CYNAR,"R$ 83,98",22089000,UN
"R$ 35.167.575,97",M2191-1,DEL VALE 1ML,Bebidas,"1,00","R$ 11,90",,Loja,DEL VALE,"R$ 11,90",22029900,UN
"R$ 35.167.575,97",M2194-1,DEL VALE MARACUJA 1L,Bebidas,"1,00","R$ 11,99",,Loja,DEL VALE,"R$ 11,99",22029900,UN
"R$ 35.167.575,97",M2193-1,DEL VALE PESSEGO 1L,Bebidas,"1,00","R$ 11,99",,Loja,DEL VALE,"R$ 11,99",22029900,UN
"R$ 35.167.575,97",M2192-1,DEL VALE UVA 1L,Bebidas,"1,00","R$ 11,99",,Loja,DEL VALE,"R$ 11,99",22029900,UN
"R$ 35.167.575,97",7894900550030,DEL VALLE FRUT 1L,Bebidas,"0,00","R$ 7,99",,Loja,DEL VALLE,"R$ 0,00",22021000,UN
"R$ 35.167.575,97",7898341430111,DEL VALLE LARANJA 1L,Bebidas,"0,00","R$ 11,99",,Loja,DEL VALLE,"R$ 0,00",22021000,UN
"R$ 35.167.575,97",7894900556032,DEL VALLE LARANJA FRUT 1L,Bebidas,"0,00","R$ 7,99",,Loja,DEL VALLE,"R$ 0,00",22021000,UN
"R$ 35.167.575,97",7894900660357,DEL VALLE MANGA 1L,Bebidas,"-9,00","R$ 11,99",,Loja,DEL VALLE,"-R$ 107,91",22021000,UN
"R$ 35.167.575,97",7898341430074,DEL VALLE MARACUJA,Bebidas,"-12,00","R$ 11,99",,Loja,DEL VALLE,"-R$ 143,88",22021000,UN
"R$ 35.167.575,97",7898341430036,DEL VALLE PESSEGO 1L,Bebidas,"-11,00","R$ 11,99",,Loja,DEL VALLE,"-R$ 131,89",22021000,UN
"R$ 35.167.575,97",7898341430098,DEL VALLE UVA 1L,Bebidas,"-5,00","R$ 11,99",,Loja,DEL VALLE,"-R$ 59,95",22021000,UN
"R$ 35.167.575,97",M1643-1,DIVINE CONE BISCOITO 70G,Bebidas,"-5,00","R$ 9,50",,Loja,VIVOLI,"-R$ 47,50",21050010,UN
"R$ 35.167.575,97",M1285-1,EISENBAHN 350ML C/12 LATA,Bebidas,"0,00","R$ 60,00",,Loja,EISENBAHN,"R$ 0,00",22030000,UN
"R$ 35.167.575,97",M1286-1,EISENBAHN 350ML UN,Bebidas,"-9,00","R$ 5,50",,Loja,EISENBAHN,"-R$ 49,50",22030000,UN
"R$ 35.167.575,97",M1559-1,EISENBAHN CAIXA 12 LATAS 350ML,Bebidas,"0,00","R$ 65,00",,Loja,EISENBAHN,"R$ 0,00",22030000,UN
"R$ 35.167.575,97",M2447-1,ENERG MONSTER ULTRA STRAWBERRY,Bebidas,"-3,00","R$ 12,00",,Loja,MONSTER,"-R$ 36,00",22029900,UN
"R$ 35.167.575,97",M1860-1,ENERG TNT JUICE MANGO LT 473ML PACK 6,Bebidas,"1,00","R$ 64,94",,Loja,TNT,"R$ 64,94",22029900,UN
"R$ 35.167.575,97",M2760-1,ENERGETICO,Bebidas,"-2,00","R$ 8,90",,Loja,TNT,"-R$ 17,80",22029900,UN
"R$ 35.167.575,97",M2759-1,ENERGETICO ACAI COM GUARANA 269ML,Bebidas,"-1,00","R$ 8,90",,Loja,TNT,"-R$ 8,90",22029900,UN
"R$ 35.167.575,97",M1501-1,ENERGETICO BALY MELANCIA 2 L,Bebidas,"0,00","R$ 12,50",,Loja,BALY,"R$ 0,00",22029900,UN
"R$ 35.167.575,97",M1133-1,ENERGETICO BALY SEM AÇUCAR 473ML,Bebidas,"0,00","R$ 9,00",,Loja,BALY,"R$ 0,00",22029900,UN
"R$ 35.167.575,97",M1134-1,ENERGETICO BALY TRADICIONAL 473ML,Bebidas,"0,00","R$ 9,00",,Loja,BALY,"R$ 0,00",22029900,UN
"R$ 35.167.575,97",M1500-1,ENERGETICO BALY TRADIONAL 2L,Bebidas,"0,00","R$ 12,50",,Loja,BALY,"R$ 0,00",22029900,UN
"R$ 35.167.575,97",M1502-1,ENERGETICO BALY TROPICAL 2L,Bebidas,"0,00","R$ 12,50",,Loja,BALY,"R$ 0,00",22029900,UN
"R$ 35.167.575,97",M1424-1,ENERGETICO MSX 269ML,Bebidas,"-9,00","R$ 7,00",,Loja,MSX,"-R$ 63,00",22029900,UN
"R$ 35.167.575,97",M1879-1,ENERGETICO NITRIX 1L,Bebidas,"-5,00","R$ 9,99",,Loja,NITRIX,"-R$ 49,95",22029900,UN
"R$ 35.167.575,97",M2182-1,ENERGETICO ORIGINAL TNT,Bebidas,"0,00","R$ 9,90",,Loja,TNT,"R$ 0,00",22029900,UN
"R$ 35.167.575,97",M2691-1,ENERGETICO TNT 269ML,Bebidas,"1,00","R$ 12,00",,Loja,TNT,"R$ 12,00",22029900,UN
"R$ 35.167.575,97",M2754-1,ENERGETICO TNT ACAIGUAR Z,Bebidas,"1,00","R$ 8,90",,Loja,TNT,"R$ 8,90",22029900,UN
"R$ 35.167.575,97",7897395031626,ENERGETICO TNT ORIGINAL 473ML,Bebidas,"-3,00","R$ 9,90",,Loja,TNT,"-R$ 29,70",22029900,UN
"R$ 35.167.575,97",M1333-1,ENERGY DRINK FURIA 2L,Bebidas,"-5,00","R$ 9,99",,Loja,FURIA,"-R$ 49,95",22029900,UN
"R$ 35.167.575,97",7896023082993,ESPUMANTE SALTON BRUT 750ML,Bebidas,"-1,00","R$ 36,90",,Loja,SALTON,"-R$ 36,90",22041010,UN
"R$ 35.167.575,97",7896023082634,ESPUMANTE SALTON MOSCATEL 750ML,Bebidas,"0,00","R$ 36,90",,Loja,SALTON,"R$ 0,00",22041090,UN
"R$ 35.167.575,97",M1259-1,"ESTRELA GALICIA 0,0% LONGNECK 330ML",Bebidas,"0,00","R$ 8,00",,Loja,COCA COLA,"R$ 0,00",22029100,UN
"R$ 35.167.575,97",7894900034219,FANTA 2LITROS RET,Bebidas,"-4,00","R$ 9,50",,Loja,FANTA,"-R$ 38,00",22021000,UN
"R$ 35.167.575,97",7894900097023,FANTA 350ML,Bebidas,"-4,00","R$ 4,50",,Loja,FANTA,"-R$ 18,00",22021000,UN
"R$ 35.167.575,97",7894900031515,FANTA LARANJA  2L,Bebidas,"-147,00","R$ 12,50",,Loja,COCA COLA,"-R$ 1.837,50",22021000,UN
"R$ 35.167.575,97",M2549-1,FANTA LARANJA 1L,Bebidas,"-10,00","R$ 5,50",,Loja,FANTA,"-R$ 55,00",22021000,UN
"R$ 35.167.575,97",M2811-1,FANTA LARANJA 350ML,Bebidas,"1,00","R$ 4,50",,Loja,FANTA,"R$ 4,50",22021000,UN
"R$ 35.167.575,97",7894900031607,FANTA LARANJA 600ml,Bebidas,"-9,00","R$ 7,30",,Loja,COCA COLA FEMSA,"-R$ 65,70",22021000,UN
"R$ 35.167.575,97",M1422-1,FANTA LARANJA LATA 350ML,Bebidas,"-12,00","R$ 4,50",,Loja,FANTA,"-R$ 54,00",22021000,UN
"R$ 35.167.575,97",78936478,FANTA LARANJA PET 200ml,Bebidas,"0,00","R$ 2,60",,Loja,COCA COLA,"R$ 0,00",22021000,UN
"R$ 35.167.575,97",M2128-1,FANTA LARANJA PET RETORNAVEL 2 LITROS,Bebidas,"2,00","R$ 9,50",,Loja,FANTA,"R$ 19,00",22021000,UN
"R$ 35.167.575,97",7894900054217,FANTA LARANJA RETORNAVEL 2L,Bebidas,"-1,00","R$ 9,50",,Loja,COCA COLA FEMSA,"-R$ 9,50",22021000,UN
"R$ 35.167.575,97",M2812-1,FANTA UVA,Bebidas,"1,00","R$ 11,90",,Loja,FANTA,"R$ 11,90",22021000,UN
"R$ 35.167.575,97",7894900051513,FANTA UVA 2L,Bebidas,"-86,00","R$ 12,50",,Loja,COCA COLA,"-R$ 1.075,00",22021000,UN
"R$ 35.167.575,97",7894900050011,FANTA UVA 350ML,Bebidas,"-2,00","R$ 4,50",,Loja,FANTA,"-R$ 9,00",22021000,UN
"R$ 35.167.575,97",M1494-1,FERRASPARI GUARANA COM PESSEGO 2L,Bebidas,"-5,00","R$ 8,00",,Loja,LEPZ,"-R$ 40,00",22021000,UN
"R$ 35.167.575,97",7896052607167,FYS REFRIGERANTE LIMAO SICILIANO,Bebidas,"-26,00","R$ 4,50",,Loja,CHAMYTO,"-R$ 117,00",22021000,UN
"R$ 35.167.575,97",M1763-1,GATORADE  TANGERINA,Bebidas,"-7,00","R$ 7,50",,Loja,GATORADE,"-R$ 52,50",22029900,UN
"R$ 35.167.575,97",M2593-1,GATORADE BERRY BLUE  500ML,Bebidas,"0,00","R$ 7,50",,Loja,GATORADE,"R$ 0,00",22029900,UN
"R$ 35.167.575,97",M1187-1,GATORADE BERRYBLUE 500ML,Bebidas,"-25,00","R$ 7,50",,Loja,GATORADE,"-R$ 187,50",22029900,UN
"R$ 35.167.575,97",M1391-1,GATORADE FRUTAS CITRICAS 500ML,Bebidas,"-2,00","R$ 7,50",,Loja,GATORADE,"-R$ 15,00",22029900,UN
"R$ 35.167.575,97",M912-1,GATORADE LARANJA 500ML,Bebidas,"-25,00","R$ 7,50",,Loja,.,"-R$ 187,50",22029900,UN
"R$ 35.167.575,97",M2587-1,GATORADE LARANJA 500ML,Bebidas,"1,00","R$ 7,50",,Loja,GATORADE,"R$ 7,50",22029900,UN
"R$ 35.167.575,97",M2036-1,GATORADE LARANJA LIMA ZERO,Bebidas,"-8,00","R$ 6,50",,Loja,GATORADE,"-R$ 52,00",22029900,UN
"R$ 35.167.575,97",M907-1,GATORADE LIMAO 500ML,Bebidas,"-25,00","R$ 7,50",,Loja,.,"-R$ 187,50",22029900,UN
"R$ 35.167.575,97",M2589-1,GATORADE LIMAO PET 500ML,Bebidas,"1,00","R$ 7,50",,Loja,GATORADE,"R$ 7,50",22029900,UN
"R$ 35.167.575,97",M1170-1,GATORADE MARACUJA 500ML,Bebidas,"0,00","R$ 7,50",,Loja,.,"R$ 0,00",22029900,UN
"R$ 35.167.575,97",M911-1,GATORADE MORANGO E MARACUJA 500ML,Bebidas,"-17,00","R$ 7,50",,Loja,.,"-R$ 127,50",22029900,UN
"R$ 35.167.575,97",M909-1,GATORADE UVA 500ML,Bebidas,"-19,00","R$ 7,50",,Loja,.,"-R$ 142,50",22029900,UN
"R$ 35.167.575,97",M2588-1,GATORADE UVA PET 500ML,Bebidas,"1,00","R$ 7,50",,Loja,GATORADE,"R$ 7,50",22029900,UN
"R$ 35.167.575,97",M2827-1,GATORADE ZERO FRUSTAS SILV,Bebidas,"-1,00","R$ 4,50",,Loja,GATORADE,"-R$ 4,50",22029900,UN
"R$ 35.167.575,97",000333,GELO,Bebidas,"-213,00","R$ 12,99",,Loja,GELO DRINK,"-R$ 2.766,87",20098921,UN
"R$ 35.167.575,97",M2341-1,GUARA LEAO ACAI PET 450ML,Bebidas,"1,00","R$ 5,00",,Loja,LEAO ,"R$ 5,00",22021000,UN
"R$ 35.167.575,97",M2584-1,GUARANA ANTARCTICA 2L,Bebidas,"1,00","R$ 12,50",,Loja,ANTARTICA,"R$ 12,50",22021000,UN
"R$ 35.167.575,97",M1371-1,GUARANA ANTARTICA 200ML,Bebidas,"-38,00","R$ 2,50",,Loja,ANTARTICA,"-R$ 95,00",22021000,UN
"R$ 35.167.575,97",M1213-1,GUARANA ANTARTICA 2L,Bebidas,"-46,00","R$ 12,50",,Loja,ANTARTICA,"-R$ 575,00",22021000,UN
"R$ 35.167.575,97",M1611-1,GUARANA ANTARTICA 600ML,Bebidas,"-1,00","R$ 6,00",,Loja,GUARANA,"-R$ 6,00",22021000,UN
"R$ 35.167.575,97",7891991000826,GUARANA LATA 350ML,Bebidas,"-29,00","R$ 4,50",,Loja,GUARANA,"-R$ 130,50",22021000,UN
"R$ 35.167.575,97",M1498-1,GUARANA LEAO 450ML,Bebidas,"-12,00","R$ 5,50",,Loja,COCA COLA,"-R$ 66,00",22021000,UN
"R$ 35.167.575,97",7891098037015,GUARANA LEÃO AÇAI 300ML,Bebidas,"-4,00","R$ 4,50",,Loja,LEAO ,"-R$ 18,00",22021000,UN
"R$ 35.167.575,97",M1021-1,"GUARANA ZERO 1,5L",Bebidas,"0,00","R$ 9,00",,Loja,ANTARTICA,"R$ 0,00",22021000,UN
"R$ 35.167.575,97",M1499-1,GUARANAVITON GUARANA 500ML,Bebidas,"-1,00","R$ 3,50",,Loja,GUARANAVITON,"-R$ 3,50",22021000,UN
"R$ 35.167.575,97",M1091-1,GUARAVITON AÇAI 500ML,Bebidas,"-11,00","R$ 3,80",,Loja,GUARANAVITON,"-R$ 41,80",22029900,UN
"R$ 35.167.575,97",M1086-1,GUARAVITON NAT ACAI GFA PET 500ML,Bebidas,"0,00","R$ 3,60",,Loja,GUARAVITON,"R$ 0,00",22021000,UN
"R$ 35.167.575,97",M1025-1,H20 LIMONETO 500ML,Bebidas,"-42,00","R$ 6,80",,Loja,H2O,"-R$ 285,60",22021000,UN
"R$ 35.167.575,97",M1026-1,H2O TRADICIONAL 500ML,Bebidas,"-29,53","R$ 6,80",,Loja,H20,"-R$ 200,80",22021000,UN
"R$ 35.167.575,97",M2831-1,H2OH! 350ML SEM AÇUCAR,Bebidas,"0,00","R$ 4,50",,Loja,H2OH,"R$ 0,00",22021000,UN
"R$ 35.167.575,97",M2828-1,HEINEKEN 350ML ULTIMATE,Bebidas,"0,00","R$ 7,90",,Loja,HEINEKEN,"R$ 0,00",22030000,UN
"R$ 35.167.575,97",M1405-1,HEINEKEN LATA 350ML,Bebidas,"-432,00","R$ 6,50",,Loja,HEINEKEN,"-R$ 2.808,00",22030000,UN
"R$ 35.167.575,97",M837-1,HEINEKEN LONG NECK 330ML,Bebidas,"-298,00","R$ 8,00",,Loja,HEINEKEN,"-R$ 2.384,00",22030000,UN
"R$ 35.167.575,97",M855-1,HEINEKEN UNITARIA 269ML,Bebidas,"-26,00","R$ 4,50",,Loja,HEINEKEN,"-R$ 117,00",22030000,UN
"R$ 35.167.575,97",M854-1,HEINEKEN ZERO 269ML,Bebidas,"-103,00","R$ 5,50",,Loja,HEINEKEN,"-R$ 566,50",22030000,UN
"R$ 35.167.575,97",M2072-1,HEINEKEN ZERO 330ML,Bebidas,"-52,00","R$ 8,00",,Loja,HEINEKEN,"-R$ 416,00",22030000,UN
"R$ 35.167.575,97",7898377662920,ICE CRYSTAL  CAJU L275ML,Bebidas,"-38,00","R$ 8,50",,Loja,CRYSTAL,"-R$ 323,00",22060090,UN
"R$ 35.167.575,97",7898738660220,ICE LEEV 275 ML,Bebidas,"-22,00","R$ 8,00",,Loja,LEEV,"-R$ 176,00",22060090,UN
"R$ 35.167.575,97",7898738660367,ICE LEEV ABACAXI COM HORTELA 275ML,Bebidas,"-1,00","R$ 8,00",,Loja,LEEV,"-R$ 8,00",22060090,UN
"R$ 35.167.575,97",M1820-1,ICE LEEV GFA 275ML ABAC/HORT C/6 UN,Bebidas,"0,00","R$ 7,50",,Loja,LEEV,"R$ 0,00",22089000,UN
"R$ 35.167.575,97",M1819-1,ICE LEEV GFA 275ML SIX LIMAO,Bebidas,"0,00","R$ 7,50",,Loja,LEEV,"R$ 0,00",22089000,UN
"R$ 35.167.575,97",M1552-1,IMPERIO 269ML,Bebidas,"-3,00","R$ 4,00",,Loja,IMPERIO ,"-R$ 12,00",22030000,UN
"R$ 35.167.575,97",M1875-1,IMPERIO PURO MALTE HELLES 330ML,Bebidas,"-12,00","R$ 7,50",,Loja,IMPERIO ,"-R$ 90,00",22030000,UN
"R$ 35.167.575,97",M2805-1,IMPERIO ULTRA 275ML,Bebidas,"1,00","R$ 6,99",,Loja,IMPERIO ,"R$ 6,99",22030000,UN
"R$ 35.167.575,97",M1127-1,IOGURTE COCO 450G,Bebidas,"-19,00","R$ 5,50",,Loja,BABY,"-R$ 104,50",04032000,UN
"R$ 35.167.575,97",7891000241448,IOGURTE FRUTAS 170G,Bebidas,"-5,00","R$ 2,99",,Loja,NESTLE,"-R$ 14,95",04039000,UN
"R$ 35.167.575,97",M1149-1,IOGURTE INTEGRAL CAROLINA 160G,Bebidas,"0,00","R$ 3,00",,Loja,CAROLINA,"R$ 0,00",04032000,UN
"R$ 35.167.575,97",M1148-1,"IOGURTE LARANJA, CENOURA E MEL CAROLINA",Bebidas,"0,00","R$ 3,00",,Loja,CAROLINA,"R$ 0,00",04032000,UN
"R$ 35.167.575,97",7898016050590,IOGURTE MORANGO 400G,Bebidas,"2,00","R$ 6,90",,Loja,JAMAVA,"R$ 13,80",04039000,UN
"R$ 35.167.575,97",M1126-1,IOGURTE MORANGO 450G,Bebidas,"-53,00","R$ 5,50",,Loja,BABY,"-R$ 291,50",04032000,UN
"R$ 35.167.575,97",7891000244265,IOGURTE NESTLE 170G,Bebidas,"-33,00","R$ 2,99",,Loja,NESTLE,"-R$ 98,67",04039000,UN
"R$ 35.167.575,97",M81-1,IOGURTE PEDACOS ABACAXI E COCO POTE 450G,Bebidas,"0,00","R$ 9,50",,Loja,CAROLINA,"R$ 0,00",04032000,UN
"R$ 35.167.575,97",M82-1,IOGURTE PEDACOS MORANGO POTE 450G,Bebidas,"0,00","R$ 9,50",,Loja,CAROLINA,"R$ 0,00",04032000,UN
"R$ 35.167.575,97",7898755200362,"IOGURTE ZERO 1,15KG",Bebidas,"-1,00","R$ 11,90",,Loja,NESTLE,"-R$ 11,90",04039000,UN
"R$ 35.167.575,97",7891000332221,IOGURTE ZERO MOLICO 850G,Bebidas,"-1,00","R$ 10,99",,Loja,MOLICO ,"-R$ 10,99",04039000,UN
"R$ 35.167.575,97",7898016050446,IOGUTE MORANGO 170G,Bebidas,"16,00","R$ 3,20",,Loja,JAMAVA,"R$ 51,20",04039000,UN
"R$ 35.167.575,97",7891000072950,IORGUTE NATURAL INTEGRAL 170G,Bebidas,"-4,00","R$ 2,99",,Loja,NESTLE,"-R$ 11,96",04039000,UN
"R$ 35.167.575,97",M1846-1,ISOTONICO TNT SPORT LARANJA 500ML,Bebidas,"0,00","R$ 5,50",,Loja,TNT,"R$ 0,00",22029900,UN
"R$ 35.167.575,97",M2726-1,IT LEMIN ICE 2L,Bebidas,"-7,00","R$ 8,99",,Loja,Italac,"-R$ 62,93",22021000,UN
"R$ 35.167.575,97",M1420-1,ITAIPAVA 1LITRO,Bebidas,"0,00","R$ 10,00",,Loja,ITAIPAVA,"R$ 0,00",22030000,UN
"R$ 35.167.575,97",M846-1,ITAIPAVA MALZBIER 350ML,Bebidas,"-1,00","R$ 6,00",,Loja,ITAIPAVA,"-R$ 6,00",22030000,UN
"R$ 35.167.575,97",M2071-1,ITURBAINA 350ML,Bebidas,"-16,00","R$ 3,50",,Loja,ITURBAINA,"-R$ 56,00",22021000,UN
"R$ 35.167.575,97",M1307-1,JABOTI ABACAXI PET 2L,Bebidas,"-52,00","R$ 6,99",,Loja,JABOTI,"-R$ 363,48",22021000,UN
"R$ 35.167.575,97",M1666-1,JABOTI COLA 2LITROS,Bebidas,"-32,00","R$ 7,00",,Loja,JABOTI,"-R$ 224,00",22021000,UN
"R$ 35.167.575,97",M1308-1,JABOTI GUARANÁ PET 2L,Bebidas,"-33,00","R$ 6,99",,Loja,JABOTI,"-R$ 230,67",22021000,UN
"R$ 35.167.575,97",M1310-1,JABOTI LARANJA PET 2L,Bebidas,"-47,00","R$ 6,99",,Loja,JABOTI,"-R$ 328,53",22021000,UN
"R$ 35.167.575,97",M1336-1,JABOTI LIMAO PET 2L,Bebidas,"-17,00","R$ 6,90",,Loja,JABOTI,"-R$ 117,30",22021000,UN
"R$ 35.167.575,97",M1335-1,JABOTI MAÇA PET 2L,Bebidas,"0,00","R$ 6,99",,Loja,JABOTI,"R$ 0,00",22021000,UN
"R$ 35.167.575,97",M1334-1,JABOTI TURBAINA PET 2L,Bebidas,"-36,00","R$ 6,99",,Loja,JABOTI,"-R$ 251,64",22021000,UN
"R$ 35.167.575,97",M1309-1,JABOTI UVA PET 2L,Bebidas,"-49,00","R$ 6,99",,Loja,JABOTI,"-R$ 342,51",22021000,UN
"R$ 35.167.575,97",M2460-1,JAMAVA SOBREMESA CHOCOLATE,Bebidas,"-8,00","R$ 2,50",,Loja,JAMAVA,"-R$ 20,00",04039000,UN
"R$ 35.167.575,97",M901-1,JURUBEBA 600ML,Bebidas,"-159,00","R$ 19,00",,Loja,LEAO DO NORTE,"-R$ 3.021,00",22060090,UN
"R$ 35.167.575,97",7894900911510,KUAT 2L,Bebidas,"-66,00","R$ 9,90",,Loja,COCA COLA,"-R$ 653,40",22021000,UN
"R$ 35.167.575,97",7891164028237,LEITE INTEGRAL,Bebidas,"0,00","R$ 7,00",,Loja,AURORA,"R$ 0,00",04012010,UN
"R$ 35.167.575,97",M1390-1,LEITE INTEGRAL AURORA 1L,Bebidas,"-3,00","R$ 6,99",,Loja,AURORA,"-R$ 20,97",04012010,UN
"R$ 35.167.575,97",M1316-1,LEITE INTEGRAL NINHO 1L,Bebidas,"0,00","R$ 7,50",,Loja,NINHO,"R$ 0,00",04012010,UN
"R$ 35.167.575,97",M1525-1,LEITE INTEGRAL PIRACANJUBA 1L,Bebidas,"0,00","R$ 6,50",,Loja,PIRACANJUBA,"R$ 0,00",04012010,UN
"R$ 35.167.575,97",M1317-1,LEITE INTEGRAL TIROL 1L,Bebidas,"-851,00","R$ 6,99",,Loja,TIROL,"-R$ 5.948,49",04012010,UN
"R$ 35.167.575,97",7898080640611,LEITE ITALAC 1L,Bebidas,"-166,00","R$ 6,99",,Loja,Italac,"-R$ 1.160,34",04012010,UN
"R$ 35.167.575,97",7898215151722,LEITE PIRACANJUBA DESNATADO 1L,Bebidas,"0,00","R$ 6,50",,Loja,PIRACANJUBA,"R$ 0,00",04012010,UN
"R$ 35.167.575,97",M2639-1,LEONOFF ICE LIMAO 275ML,Bebidas,"-10,00","R$ 6,90",,Loja,LEONOFF,"-R$ 69,00",22060090,UN
"R$ 35.167.575,97",M2638-1,LEONOFF ICE MELANCIA 275ML,Bebidas,"-6,00","R$ 6,90",,Loja,LEONOFF,"-R$ 41,40",22060090,UN
"R$ 35.167.575,97",M815-1,LEPZ ABACAXI 2 LITROS,Bebidas,"-127,00","R$ 9,00",,Loja,Ferraspari,"-R$ 1.143,00",22021000,UN
"R$ 35.167.575,97",M568-1,LIRIUM CATUABA,Bebidas,"-1,00","R$ 30,00",,Loja,.,"-R$ 30,00",22060090,UN
"R$ 35.167.575,97",M1419-1,LITRAO SKOL 1L,Bebidas,"-1,00","R$ 12,00",,Loja,SKOL,"-R$ 12,00",22030000,UN
"R$ 35.167.575,97",7891164029104,MANTEIGA EXTRA COM SAL AURORA,Bebidas,"0,00","R$ 14,50",,Loja,AURORA,"R$ 0,00",04051000,UN
"R$ 35.167.575,97",M765-1,MARGARINA CREMOSA COM SAL 500G,Bebidas,"-114,00","R$ 11,50",,Loja,QUALY,"-R$ 1.311,00",15171000,UN
"R$ 35.167.575,97",M2830-1,MICHELOB ULTRA 330ML,Bebidas,"-2,00","R$ 7,99",,Loja,MICHELOB,"-R$ 15,98",22030000,UN
"R$ 35.167.575,97",M2829-1,MICHELOB ULTRA 350ML,Bebidas,"-2,00","R$ 6,50",,Loja,MICHELOB,"-R$ 13,00",22030000,UN
"R$ 35.167.575,97",M2043-1,MINI SUKITA 200ML,Bebidas,"-15,00","R$ 2,60",,Loja,SUKITA,"-R$ 39,00",22021000,UN
"R$ 35.167.575,97",070847022015,MONSTER ENERGY 473ml,Bebidas,"-157,00","R$ 11,50",,Loja,COCA COLA FEMSA,"-R$ 1.805,50",22029900,UN
"R$ 35.167.575,97",070847033929,MONSTER ENERGY ULTRA VIOLET,Bebidas,"-12,00","R$ 11,50",,Loja,COCA COLA FEMSA,"-R$ 138,00",22029900,UN
"R$ 35.167.575,97",M1246-1,MONSTER ENERGY ZERO ACUCAR 473ML,Bebidas,"-109,00","R$ 11,50",,Loja,COCA COLA,"-R$ 1.253,50",22029900,UN
"R$ 35.167.575,97",M2132-1,Monster Energy Zero Acucar 473ml 06 CP,Bebidas,"17,00","R$ 11,50",,Loja,MONSTER,"R$ 195,50",22029900,UN
"R$ 35.167.575,97",M1243-1,MONSTER JUIC RIO PUNCH 473ML,Bebidas,"-1,00","R$ 11,50",,Loja,COCA-COLA,"-R$ 11,50",22029900,UN
"R$ 35.167.575,97",M1416-1,MONSTER JUICE 473ML,Bebidas,"-1,00","R$ 12,00",,Loja,MONSTER,"-R$ 12,00",22029900,UN
"R$ 35.167.575,97",M1254-1,MONSTER KHAOTIC 473ML,Bebidas,"3,00","R$ 11,50",,Loja,COCA COLA,"R$ 34,50",22029900,UN
"R$ 35.167.575,97",070847033301,MONSTER MANGO LOCO LATA 473ml,Bebidas,"-82,00","R$ 11,50",,Loja,COCA COLA FEMSA,"-R$ 943,00",22029900,UN
"R$ 35.167.575,97",1220000250031,MONSTER PACIFIC PUNCH 473ML,Bebidas,"-10,00","R$ 11,90",,Loja,COCA COLA FEMSA,"-R$ 119,00",22029900,UN
"R$ 35.167.575,97",7898938890045,Monster Pipeline Punch LT 473ml 6U FL CP,Bebidas,"-29,00","R$ 11,50",,Loja,MONSTER,"-R$ 333,50",22029900,UN
"R$ 35.167.575,97",M1132-1,MONSTER RIO PUNCH 473ml,Bebidas,"0,00","R$ 11,50",,Loja,MONSTER,"R$ 0,00",22029900,UN
"R$ 35.167.575,97",M1255-1,MONSTER ULTR FIESTA MANGO 473ML,Bebidas,"0,00","R$ 11,50",,Loja,COCA COLA,"R$ 0,00",22029900,UN
"R$ 35.167.575,97",7898770420011,MONSTER ULTR STRWBRY DREAM 473ML,Bebidas,"-15,00","R$ 11,50",,Loja,MONSTER,"-R$ 172,50",22029900,UN
"R$ 35.167.575,97",M2195-1,MONSTER ULTRA,Bebidas,"1,00","R$ 11,90",,Loja,MONSTER,"R$ 11,90",22029900,UN
"R$ 35.167.575,97",M1415-1,MONSTER ULTRA FIESTA 473ML,Bebidas,"0,00","R$ 12,00",,Loja,MONSTER,"R$ 0,00",22029900,UN
"R$ 35.167.575,97",M1253-1,MONSTER ULTRA PEACHY KEEN 473ML,Bebidas,"2,00","R$ 11,50",,Loja,COCA COLA,"R$ 23,00",22029900,UN
"R$ 35.167.575,97",M1131-1,MONSTER ULTRA PEACHY KEEN LATA 473ml,Bebidas,"-10,00","R$ 11,50",,Loja,MONSTER,"-R$ 115,00",22029900,UN
"R$ 35.167.575,97",M2137-1,MONSTER ULTRA VIOLET LT 473ML,Bebidas,"1,00","R$ 11,50",,Loja,MONSTER,"R$ 11,50",22029900,UN
"R$ 35.167.575,97",M1414-1,MONSTER ULTRA WATERMELON,Bebidas,"-26,00","R$ 12,00",,Loja,MONSTER,"-R$ 312,00",22029900,UN
"R$ 35.167.575,97",M1245-1,MONTER ULTRA WATERMELON LT 473ML,Bebidas,"2,00","R$ 11,50",,Loja,COCA-COLA,"R$ 23,00",22029900,UN
"R$ 35.167.575,97",M1099-1,NECTAR DE CAJU LIFE 900ML,Bebidas,"0,00","R$ 15,00",,Loja,LIFE,"R$ 0,00",20091900,UN
"R$ 35.167.575,97",M1097-1,NECTAR DE GOIABA LIFE 900ML,Bebidas,"0,00","R$ 15,00",,Loja,LIFE,"R$ 0,00",20091900,UN
"R$ 35.167.575,97",M1101-1,NECTAR DE UVA LIFE 300ML,Bebidas,"-24,00","R$ 7,00",,Loja,LIFE,"-R$ 168,00",20091900,UN
"R$ 35.167.575,97",7891000261484,NESTLE NINHO 100G,Bebidas,"-2,00","R$ 2,99",,Loja,NESTLE,"-R$ 5,98",04039000,UN
"R$ 35.167.575,97",7891000261026,NINHO DANONE 540G,Bebidas,"-4,00","R$ 9,99",,Loja,NESTLE,"-R$ 39,96",04039000,UN
"R$ 35.167.575,97",M1029-1,ORIGINAL LATA 269ML,Bebidas,"-462,00","R$ 4,50",,Loja,AMBEV,"-R$ 2.079,00",22030000,UN
"R$ 35.167.575,97",M1553-1,ORIGINAL LATA 350ML,Bebidas,"-256,00","R$ 5,99",,Loja,.,"-R$ 1.533,44",22030000,UN
"R$ 35.167.575,97",M563-1,PARATUDO,Bebidas,"-33,00","R$ 18,00",,Loja,.,"-R$ 594,00",22060090,UN
"R$ 35.167.575,97",M1106-1,PEPSI,Bebidas,"-37,00","R$ 10,90",,Loja,PEPSI,"-R$ 403,30",22021000,UN
"R$ 35.167.575,97",M1655-1,PEPSI BLACK LATA 350ML,Bebidas,"-19,00","R$ 5,00",,Loja,PEPSI,"-R$ 95,00",22021000,UN
"R$ 35.167.575,97",M1628-1,PEPSI BLACK ZERO 2L,Bebidas,"-34,00","R$ 10,90",,Loja,PEPSI,"-R$ 370,60",22021000,UN
"R$ 35.167.575,97",M2582-1,PEPSI COLA PET 2L,Bebidas,"1,00","R$ 10,90",,Loja,PEPSICO,"R$ 10,90",22021000,UN
"R$ 35.167.575,97",M1027-1,PEPSI LATA 350ML,Bebidas,"-18,00","R$ 4,50",,Loja,AMBEV,"-R$ 81,00",22021000,UN
"R$ 35.167.575,97",M842-1,PETRA ORIGEM PURO MALTE 350 ML 12 UNIDADES,Bebidas,"2,00","R$ 50,00",,Loja,PETRA,"R$ 100,00",22030000,UN
"R$ 35.167.575,97",M1176-1,PITU 350ML,Bebidas,"-139,00","R$ 7,99",,Loja,PITU,"-R$ 1.110,61",22086000,UN
"R$ 35.167.575,97",M1670-1,PITU CAJU 350ML,Bebidas,"-6,00","R$ 7,99",,Loja,PITU,"-R$ 47,94",22086000,UN
"R$ 35.167.575,97",M1669-1,PITU DE BANANA 350ML,Bebidas,"-7,00","R$ 7,99",,Loja,PITU,"-R$ 55,93",22086000,UN
"R$ 35.167.575,97",M1668-1,PITU LIMAO 350ML,Bebidas,"-13,00","R$ 7,99",,Loja,PITU,"-R$ 103,87",22086000,UN
"R$ 35.167.575,97",M1667-1,PITU MEL E LIMAO 350ML,Bebidas,"-8,00","R$ 7,99",,Loja,PITU,"-R$ 63,92",22086000,UN
"R$ 35.167.575,97",M1642-1,POTE BRIGADEIRO 400ML,Bebidas,"0,00","R$ 10,90",,Loja,VIVOLI,"R$ 0,00",21050010,UN
"R$ 35.167.575,97",M1665-1,POWER ADE MIX DE FRUTAS 500ML,Bebidas,"-4,00","R$ 7,00",,Loja,power ade ,"-R$ 28,00",22029900,UN
"R$ 35.167.575,97",M1664-1,POWER ADE SABOR LIMÃO 500ML,Bebidas,"-10,00","R$ 7,00",,Loja,power ade ,"-R$ 70,00",22029900,UN
"R$ 35.167.575,97",M1663-1,POWER ADE TROPICAIS  500ML,Bebidas,"0,00","R$ 7,00",,Loja,power ade ,"R$ 0,00",22029900,UN
"R$ 35.167.575,97",7894900509700,POWERADE ATAQUE 500ML,Bebidas,"-5,00","R$ 6,50",,Loja,POWERADE,"-R$ 32,50",22029900,UN
"R$ 35.167.575,97",7894900509809,POWERADE CONTRA ATAQUE 500ML,Bebidas,"-11,00","R$ 5,50",,Loja,POWER,"-R$ 60,50",22029900,UN
"R$ 35.167.575,97",7894900504002,POWERADE MOUNTAIN 500ML,Bebidas,"3,00","R$ 5,90",,Loja,POWERADE,"R$ 17,70",22029900,UN
"R$ 35.167.575,97",M998-1,PRESIDENTE,Bebidas,"0,00","R$ 16,50",,Loja,.,"R$ 0,00",22084000,UN
"R$ 35.167.575,97",M2563-1,RE BULL SUGARFREE 250ML,Bebidas,"-4,00","R$ 11,99",,Loja,RED BULL,"-R$ 47,96",22029900,UN
"R$ 35.167.575,97",M1735-1,RED BULL 250ML,Bebidas,"-15,00","R$ 11,99",,Loja,RED BULL,"-R$ 179,85",22029900,UN
"R$ 35.167.575,97",M1417-1,RED BULL 250ML,Bebidas,"-6,00","R$ 11,90",,Loja,RED BULL,"-R$ 71,40",22029900,UN
"R$ 35.167.575,97",M2564-1,RED BULL FRUTAS VERMELHA 250 ML,Bebidas,"-3,00","R$ 11,99",,Loja,RED BULL,"-R$ 35,97",22021000,UN
"R$ 35.167.575,97",M2585-1,RED BULL LATA 250ML,Bebidas,"4,00","R$ 11,99",,Loja,RED BULL,"R$ 47,96",22029900,UN
"R$ 35.167.575,97",9002490247379,RED BULL MELANCIA 250ML,Bebidas,"-7,00","R$ 11,99",,Loja,RED BULL,"-R$ 83,93",22029900,UN
"R$ 35.167.575,97",M2561-1,RED BULL MELANCIA LATA 250ML FOUR PACK NPAL,Bebidas,"1,00","R$ 48,36",,Loja,.,"R$ 48,36",22029900,UN
"R$ 35.167.575,97",M2590-1,RED BULL SUGAR FREE AMORA LATA 250ML,Bebidas,"0,00","R$ 12,00",,Loja,REDBULL,"R$ 0,00",22029900,UN
"R$ 35.167.575,97",M2586-1,RED BULL SUGAR FREE POMELO LATA 250ML F,Bebidas,"1,00","R$ 12,00",,Loja,RED BULL,"R$ 12,00",22029900,UN
"R$ 35.167.575,97",M2562-1,RED BULL TROPICAL BR LATA 250ML FOUR PACK NPAL .,Bebidas,"1,00","R$ 48,36",,Loja,RE BULL,"R$ 48,36",22029900,UN
"R$ 35.167.575,97",M903-1,REDBULL ENERGY DRINK 250ML,Bebidas,"-72,00","R$ 12,00",,Loja,REDBULL,"-R$ 864,00",22029900,UN
"R$ 35.167.575,97",M669-1,REFRESCO 18G UVA,Bebidas,"2,00","R$ 2,00",,Loja,TANG,"R$ 4,00",21069010,UN
"R$ 35.167.575,97",M2479-1,REFRESCO TANG 18G JOIA DA ILHA,Bebidas,"14,00","R$ 2,00",,Loja,TANG,"R$ 28,00",21069010,UN
"R$ 35.167.575,97",7896087700802,REFRI TURBAINA  FERRASPARI 2L,Bebidas,"-387,00","R$ 9,90",,Loja,Ferraspari,"-R$ 3.831,30",22021000,UN
"R$ 35.167.575,97",M2753-1,REFRIG IT LEM ICE PET 2L,Bebidas,"1,00","R$ 9,00",,Loja,IT,"R$ 9,00",22021000,UN
"R$ 35.167.575,97",M2565-1,REFRIGERANTE ABACAXI,Bebidas,"5,00","R$ 7,80",,Loja,CONVENÇÃO,"R$ 39,00",22021000,UN
"R$ 35.167.575,97",M2823-1,REFRIGERANTE ABACAXI 350ML,Bebidas,"1,00","R$ 3,50",,Loja,CONVENÇÃO,"R$ 3,50",22021000,UN
"R$ 35.167.575,97",M45-1,REFRIGERANTE ABACAXI FERRASPARI 2L,Bebidas,"5,00","R$ 9,50",,Loja,Ferraspari,"R$ 47,50",22021000,UN
"R$ 35.167.575,97",M2566-1,REFRIGERANTE FRUTAINA,Bebidas,"4,00","R$ 7,80",,Loja,CONVENÇÃO,"R$ 31,20",22021000,UN
"R$ 35.167.575,97",M2824-1,REFRIGERANTE FRUTAINA 350ML,Bebidas,"1,00","R$ 3,50",,Loja,CONVENÇÃO,"R$ 3,50",22021000,UN
"R$ 35.167.575,97",M2567-1,REFRIGERANTE GUARANA,Bebidas,"4,00","R$ 7,50",,Loja,CONVEÇÃO ,"R$ 30,00",22021000,UN
"R$ 35.167.575,97",M2825-1,REFRIGERANTE GUARANA 350ML,Bebidas,"1,00","R$ 3,50",,Loja,CONVENÇÃO,"R$ 3,50",22021000,UN
"R$ 35.167.575,97",M600-1,REFRIGERANTE IT LARANJA 350ML,Bebidas,"0,00","R$ 3,50",,Loja,Italac,"R$ 0,00",22021000,UN
"R$ 35.167.575,97",M2568-1,REFRIGERANTE LARANJA,Bebidas,"4,00","R$ 7,50",,Loja,CONVEÇÃO ,"R$ 30,00",22021000,UN
"R$ 35.167.575,97",M2515-1,REFRIGERANTE LARANJA FERRASPARI 2,Bebidas,"2,00","R$ 9,50",,Loja,Ferraspari,"R$ 19,00",22021000,UN
"R$ 35.167.575,97",M1887-1,REFRIGERANTE LARANJA FERRASPARI 2L,Bebidas,"-25,00","R$ 9,00",,Loja,Ferraspari,"-R$ 225,00",22021000,UN
"R$ 35.167.575,97",M1209-1,REFRIGERANTE LARANJA IT! 350ML,Bebidas,"0,00","R$ 4,00",,Loja,IT!,"R$ 0,00",22021000,UN
"R$ 35.167.575,97",M2596-1,REFRIGERANTE LIMAO,Bebidas,"3,00","R$ 7,80",,Loja,CONVENÇÃO,"R$ 23,40",22021000,UN
"R$ 35.167.575,97",M2516-1,REFRIGERANTE LIMAO 500ML,Bebidas,"1,00","R$ 4,50",,Loja,Ferraspari,"R$ 4,50",22021000,UN
"R$ 35.167.575,97",M2642-1,REFRIGERANTE LIMAO FERRASPARI 2L,Bebidas,"2,00","R$ 7,90",,Loja,FERRSAPARI,"R$ 15,80",22021000,UN
"R$ 35.167.575,97",7896087706705,REFRIGERANTE LIMAO ZERO 500ML,Bebidas,"-15,00","R$ 4,50",,Loja,Ferraspari,"-R$ 67,50",22021000,UN
"R$ 35.167.575,97",M2651-1,REFRIGERANTE LIMONE 500ML,Bebidas,"2,00","R$ 4,50",,Loja,Ferraspari,"R$ 9,00",22021000,UN
"R$ 35.167.575,97",7896087706712,REFRIGERANTE LIMONE ZERO 500ML,Bebidas,"-37,00","R$ 4,50",,Loja,Ferraspari,"-R$ 166,50",22021000,UN
"R$ 35.167.575,97",M1418-1,REFRIGERANTE SPRITE 350ML,Bebidas,"-19,00","R$ 4,50",,Loja,sprite,"-R$ 85,50",22021000,UN
"R$ 35.167.575,97",M2724-1,REFRIGERANTE TURBAINA  200ML,Bebidas,"1,00","R$ 2,80",,Loja,Ferraspari,"R$ 2,80",22021000,UN
"R$ 35.167.575,97",M4-1,REFRIGERANTE TURBAINA  FERRASPARI 350ML,Bebidas,"-95,00","R$ 4,00",,Loja,Ferraspari,"-R$ 380,00",22021000,UN
"R$ 35.167.575,97",M286-1,REFRIGERANTE TURBAINA 350ML,Bebidas,"-2,00","R$ 3,60",,Loja,Ferraspari,"-R$ 7,20",22021000,UN
"R$ 35.167.575,97",7896087702752,REFRIGERANTE TURBAINA 500ML,Bebidas,"-59,00","R$ 4,50",,Loja,Ferraspari,"-R$ 265,50",22021000,UN
"R$ 35.167.575,97",M2518-1,REFRIGERANTE TURBAINA FERRASPAR I350ML,Bebidas,"6,00","R$ 3,80",,Loja,Ferraspari,"R$ 22,80",22021000,UN
"R$ 35.167.575,97",M2517-1,REFRIGERANTE TURBAINA FERRASPARI 500ML,Bebidas,"3,00","R$ 4,50",,Loja,Ferraspari,"R$ 13,50",22021000,UN
"R$ 35.167.575,97",M1339-1,REFRIGERANTE TURBAINA ZERO 500ML,Bebidas,"0,00","R$ 4,50",,Loja,TURBAINA,"R$ 0,00",22021000,UN
"R$ 35.167.575,97",7896087702202,REFRIGERANTE TURBAINA ZERO FERRASPARI 2L,Bebidas,"-49,00","R$ 10,50",,Loja,Ferraspari,"-R$ 514,50",22021000,UN
"R$ 35.167.575,97",M2569-1,REFRIGERANTE UVA,Bebidas,"4,00","R$ 7,50",,Loja,COVENÇÃO ,"R$ 30,00",22021000,UN
"R$ 35.167.575,97",M2597-1,REFRIGERANTE VITTS LIMAO,Bebidas,"3,00","R$ 7,80",,Loja,CONVENÇÃO,"R$ 23,40",22021000,UN
"R$ 35.167.575,97",7891164027377,REQUEIJAO CREMOSO COM QUEIJO AURORA  200G,Bebidas,"-11,00","R$ 8,50",,Loja,AURORA,"-R$ 93,50",04061090,UN
"R$ 35.167.575,97",M766-1,REQUEIJAO CREMOSO COM QUEIJOS 200G,Bebidas,"-16,00","R$ 9,50",,Loja,QUALY,"-R$ 152,00",04061090,UN
"R$ 35.167.575,97",M591-1,REQUEIJÃO CREMOSO CRIOULO 220G,Bebidas,"-40,00","R$ 18,00",,Loja,.,"-R$ 720,00",04061090,UN
"R$ 35.167.575,97",M592-1,REQUEIJAO CREMOSO FAZENDA 400G,Bebidas,"-2,00","R$ 23,00",,Loja,.,"-R$ 46,00",04061090,UN
"R$ 35.167.575,97",7891999144485,REQUEIJAO CREMOSO TRADICIONAL VIGOR  200G,Bebidas,"-22,00","R$ 11,50",,Loja,VIGOR,"-R$ 253,00",04061090,UN
"R$ 35.167.575,97",M1144-1,REQUEIJAO E AMIDO CAROLINA 180G,Bebidas,"0,00","R$ 6,80",,Loja,CAROLINA,"R$ 0,00",04061090,UN
"R$ 35.167.575,97",M2347-1,SCHW CITRUS ORIGINAL LT 350ML,Bebidas,"2,00","R$ 4,50",,Loja,.,"R$ 9,00",22021000,UN
"R$ 35.167.575,97",M2346-1,"SCHW CITRUS SA PET 1,5L",Bebidas,"0,00","R$ 10,90",,Loja,.,"R$ 0,00",22021000,UN
"R$ 35.167.575,97",7894900180541,"SCHWEPPES CITRUS 1,5L",Bebidas,"-37,00","R$ 9,99",,Loja,COCA COLA FEMSA,"-R$ 369,63",22021000,UN
"R$ 35.167.575,97",M1303-1,SCHWEPPES CITRUS 250ML,Bebidas,"0,00","R$ 6,00",,Loja,SCHWEPPES,"R$ 0,00",22021000,UN
"R$ 35.167.575,97",M1662-1,SCHWEPPES CITRUS 350ML,Bebidas,"-11,00","R$ 5,00",,Loja,SCHWEPPES,"-R$ 55,00",22021000,UN
"R$ 35.167.575,97",7896072911145,SIDRA CERESER 600ML,Bebidas,"-1,00","R$ 19,90",,Loja,CERESER,"-R$ 19,90",22060010,UN
"R$ 35.167.575,97",M867-1,SKOL 269 ML,Bebidas,"-546,00","R$ 4,00",,Loja,SKOL,"-R$ 2.184,00",22030000,UN
"R$ 35.167.575,97",7896010004007,SKYY VODKA 980ML,Bebidas,"2,00","R$ 52,99",,Loja,SKYY,"R$ 105,98",22086000,UN
"R$ 35.167.575,97",M2178-1,SMIRNOFF ICE 275ML,Bebidas,"-41,00","R$ 8,90",,Loja,SMIRNOFF,"-R$ 364,90",22060090,UN
"R$ 35.167.575,97",M83-1,SOBREMESA CHOCOLATE PACK 720G,Bebidas,"0,00","R$ 14,90",,Loja,CAROLINA,"R$ 0,00",04039000,UN
"R$ 35.167.575,97",M2359-1,SOBREMESA LACTEA CHOCOLATE 120G,Bebidas,"9,00","R$ 3,50",,Loja,JAMAVA,"R$ 31,50",19019090,UN
"R$ 35.167.575,97",M1639-1,SORVETE POTE 2L CHOCOLATE,Bebidas,"-1,00","R$ 38,90",,Loja,VIVOLI,"-R$ 38,90",21050010,UN
"R$ 35.167.575,97",M1641-1,SORVETE POTE 2L CREME,Bebidas,"-1,00","R$ 38,90",,Loja,VIVOLI,"-R$ 38,90",21050010,UN
"R$ 35.167.575,97",M1638-1,SORVETE POTE 2L FLOCOS,Bebidas,"0,00","R$ 36,90",,Loja,VIVOLI,"R$ 0,00",21050010,UN
"R$ 35.167.575,97",M1640-1,SORVETE POTE 2L NAPOLITANO,Bebidas,"-2,00","R$ 36,90",,Loja,VIVOLI,"-R$ 73,80",21050010,UN
"R$ 35.167.575,97",M2399-1,SPRIT PET 200ml,Bebidas,"1,00","R$ 2,00",,Loja,COCA COLA FEMSA,"R$ 2,00",22021000,UN
"R$ 35.167.575,97",M1447-1,SPRITE 200ML,Bebidas,"-8,00","R$ 2,50",,Loja,sprite,"-R$ 20,00",22021000,UN
"R$ 35.167.575,97",M2375-1,"SPRITE FRESH LIMAO 1,5",Bebidas,"3,00","R$ 10,50",,Loja,sprite,"R$ 31,50",22021000,UN
"R$ 35.167.575,97",M2469-1,SPRITE FRESH LIMAO PET 510ml,Bebidas,"3,00","R$ 11,90",,Loja,sprite,"R$ 35,70",22021000,UN
"R$ 35.167.575,97",M1403-1,"SPRITE LEMON FRESH 1,5L",Bebidas,"-45,00","R$ 9,00",,Loja,sprite,"-R$ 405,00",22021000,UN
"R$ 35.167.575,97",M1633-1,SPRITE LEMON FRESH 510ML,Bebidas,"-63,00","R$ 4,99",,Loja,sprite,"-R$ 314,37",22021000,UN
"R$ 35.167.575,97",7894900681000,SPRITE ORIGINAL 2L,Bebidas,"-162,00","R$ 12,50",,Loja,COCA COLA,"-R$ 2.025,00",22021000,UN
"R$ 35.167.575,97",M2343-1,SPRITE ORIGINAL 350ML,Bebidas,"1,00","R$ 4,50",,Loja,SPRIT ,"R$ 4,50",22021000,UN
"R$ 35.167.575,97",M1247-1,SPRITE SEM ACUCAR 2L,Bebidas,"10,00","R$ 12,50",,Loja,COCA COLA,"R$ 125,00",22021000,UN
"R$ 35.167.575,97",M2415-1,SPRITE ZERO AÇUCAR 2L,Bebidas,"-57,00","R$ 13,00",,Loja,COCA COLA,"-R$ 741,00",22021000,UN
"R$ 35.167.575,97",M2583-1,STELLA ARTOIS LONG NECK 330ML,Bebidas,"1,00","R$ 8,50",,Loja,STELLA,"R$ 8,50",22030000,UN
"R$ 35.167.575,97",M2591-1,STELLA ARTOIS PURE GOLD LONG NECK 330ML,Bebidas,"1,00","R$ 8,50",,Loja,STELLA,"R$ 8,50",22030000,UN
"R$ 35.167.575,97",M2069-1,STELLA ARTOIS PURO GOLD 330ML,Bebidas,"-74,00","R$ 9,00",,Loja,STELLA,"-R$ 666,00",22030000,UN
"R$ 35.167.575,97",M102-1,"SUCO AURORA 1,5 LITRO UVA TINTO",Bebidas,"-1,00","R$ 25,50",,Loja,AURORA,"-R$ 25,50",20096100,UN
"R$ 35.167.575,97",7891141019838,"SUCO AURORA 1,5L UVA TINTO",Bebidas,"3,00","R$ 25,50",,Loja,AURORA,"R$ 76,50",20096100,UN
"R$ 35.167.575,97",M1095-1,SUCO DE LARANJA LIFE 300ML,Bebidas,"-22,00","R$ 7,00",,Loja,LIFE,"-R$ 154,00",20091900,UN
"R$ 35.167.575,97",M1096-1,SUCO DE LARANJA LIFE 900ML,Bebidas,"-86,00","R$ 15,00",,Loja,LIFE,"-R$ 1.290,00",20091900,UN
"R$ 35.167.575,97",M991-1,SUCO DE MARACUJA SERIGY,Bebidas,"-5,00","R$ 8,80",,Loja,SERIRY,"-R$ 44,00",22029900,UN
"R$ 35.167.575,97",M1100-1,SUCO DE TANGERINA LIFE 300ML,Bebidas,"0,00","R$ 7,00",,Loja,LIFE,"R$ 0,00",20091900,UN
"R$ 35.167.575,97",M1098-1,SUCO DE TANGERINA LIFE 900ML,Bebidas,"0,00","R$ 15,00",,Loja,LIFE,"R$ 0,00",20091900,UN
"R$ 35.167.575,97",M1555-1,SUCO LIFE UVA 900ML,Bebidas,"-17,00","R$ 15,00",,Loja,LIFE,"-R$ 255,00",20091900,UN
"R$ 35.167.575,97",M432-1,SUCO MACA SLIM 200ML,Bebidas,"-74,00","R$ 4,50",,Loja,YAKULT,"-R$ 333,00",20097100,UN
"R$ 35.167.575,97",M896-1,SUCO MAGUARY CAJU 500ML,Bebidas,"1,00","R$ 4,50",,Loja,MAGUARY,"R$ 4,50",22029900,UN
"R$ 35.167.575,97",M895-1,SUCO MAGUARY CONCENTRADO MARACUJÁ 500ML,Bebidas,"4,00","R$ 10,90",,Loja,MAGUARY,"R$ 43,60",22029900,UN
"R$ 35.167.575,97",M241-1,SUCO MAGUARY NECTAR 1L ABACAXI,Bebidas,"-26,00","R$ 7,99",,Loja,MAGUARY,"-R$ 207,74",22021000,UN
"R$ 35.167.575,97",M242-1,SUCO MAGUARY NECTAR 1L LARANJA,Bebidas,"-15,00","R$ 7,99",,Loja,MAGUARY,"-R$ 119,85",22021000,UN
"R$ 35.167.575,97",M243-1,SUCO MAGUARY NECTAR 1L MARACUJA,Bebidas,"0,00","R$ 7,99",,Loja,MAGUARY,"R$ 0,00",22021000,UN
"R$ 35.167.575,97",M244-1,SUCO MAGUARY NECTAR 1L UVA,Bebidas,"0,00","R$ 7,99",,Loja,NECTAR,"R$ 0,00",22029900,UN
"R$ 35.167.575,97",M1854-1,SUCO MAGUARY NECTAR/REFRESCO 1L UVA,Bebidas,"-4,00","R$ 6,44",,Loja,MAGUARY,"-R$ 25,74",22021000,UN
"R$ 35.167.575,97",M1130-1,SUCO NAFRATY ABACAXI 1L,Bebidas,"-2,00","R$ 6,30",,Loja,NAFRATY,"-R$ 12,60",22021000,UN
"R$ 35.167.575,97",M1492-1,SUCO NAFRUTY GOIABA 1L,Bebidas,"0,00","R$ 6,99",,Loja,NAFRUTY,"R$ 0,00",22021000,UN
"R$ 35.167.575,97",M1629-1,SUCO NAFRUTY LARANJA 1L,Bebidas,"0,00","R$ 6,99",,Loja,NAFRUTY,"R$ 0,00",22021000,UN
"R$ 35.167.575,97",M1556-1,SUCO NAFRUTY MANGA 1L,Bebidas,"-4,00","R$ 6,99",,Loja,NAFRUTY,"-R$ 27,96",22021000,UN
"R$ 35.167.575,97",M1129-1,SUCO NAFRUTY MORANGO 1L,Bebidas,"-2,00","R$ 6,99",,Loja,NAFRUTY,"-R$ 13,98",22021000,UN
"R$ 35.167.575,97",M602-1,SUCO SERIGY 500ML,Bebidas,"11,00","R$ 3,90",,Loja,.,"R$ 42,90",21069010,UN
"R$ 35.167.575,97",7898192030577,SUCO SU FRESH LARANJA 1L,Bebidas,"-61,00","R$ 10,90",,Loja,RUFLLES,"-R$ 664,90",22021000,UN
"R$ 35.167.575,97",7898192030065,SUCO SU FRESH MARACUJA 1L,Bebidas,"-34,00","R$ 10,90",,Loja,GRILL,"-R$ 370,60",22021000,UN
"R$ 35.167.575,97",7898192030072,SUCO SU FRESH UVA 1L,Bebidas,"-31,00","R$ 10,90",,Loja,RUFFKES,"-R$ 337,90",22021000,UN
"R$ 35.167.575,97",7899916919925,SUCO THE NATURAL ONE FRESH CRANBERRY 900ML,Bebidas,"-3,00","R$ 15,00",,Loja,THE NATURAL ONE,"-R$ 45,00",20091900,UN
"R$ 35.167.575,97",7899916919888,SUCO THE NATURAL ONE FRESH MACA VERDE 900ML,Bebidas,"-1,00","R$ 15,00",,Loja,THE NATURAL ONE,"-R$ 15,00",20091900,UN
"R$ 35.167.575,97",7899916919987,SUCO THE NATURAL ONE FRESH PESSEGO 900ML,Bebidas,"-2,00","R$ 15,00",,Loja,THE NATURAL ONE,"-R$ 30,00",20091900,UN
"R$ 35.167.575,97",7899916919963,SUCO THE NATURAL ONE FRESH TANGERINA 900ML,Bebidas,"-2,00","R$ 15,00",,Loja,THE NATURAL ONE,"-R$ 30,00",20091900,UN
"R$ 35.167.575,97",7899916919901,SUCO THE NATURAL ONE FRESH UVA 900ML,Bebidas,"-8,00","R$ 15,00",,Loja,THE NATURAL ONE,"-R$ 120,00",20091900,UN
"R$ 35.167.575,97",M2686-1,SUFRESH LARANJA 1L,Bebidas,"1,00","R$ 8,99",,Loja,SU FRESH ,"R$ 8,99",22021000,UN
"R$ 35.167.575,97",M2725-1,SUFRESH MARACUJA 1L,Bebidas,"1,00","R$ 8,90",,Loja,SUFRESH,"R$ 8,90",22021000,UN
"R$ 35.167.575,97",M2652-1,SUFRESH UVA 1L,Bebidas,"1,00","R$ 8,50",,Loja,SUFRESH,"R$ 8,50",22021000,UN
"R$ 35.167.575,97",M1630-1,SUKITA LARANJA 2l,Bebidas,"-38,00","R$ 9,00",,Loja,SUKITA,"-R$ 342,00",22021000,UN
"R$ 35.167.575,97",M1644-1,SUNDAE CHOCOLATE 100G,Bebidas,"-9,00","R$ 7,90",,Loja,VIVOLI,"-R$ 71,10",21050010,UN
"R$ 35.167.575,97",M2636-1,SUPLEMENTO A TNT UVA 500ML,Bebidas,"-4,00","R$ 6,90",,Loja,TNT,"-R$ 27,60",22029900,UN
"R$ 35.167.575,97",M1859-1,SUPLEMENTO ALIMENTAR TNT LAR PET 500ML,Bebidas,"1,00","R$ 36,00",,Loja,TNT,"R$ 36,00",22029900,UN
"R$ 35.167.575,97",M433-1,TAFFMAN EX 110ML,Bebidas,"-95,00","R$ 5,50",,Loja,YAKULT,"-R$ 522,50",21069030,UN
"R$ 35.167.575,97",M1845-1,TNT MANGO SUMMER 473ML,Bebidas,"-2,00","R$ 9,99",,Loja,TNT,"-R$ 19,98",22029900,UN
"R$ 35.167.575,97",M2674-1,toddynho levinho 200ml,Bebidas,"15,00","R$ 3,50",,Loja,Toddynho,"R$ 52,50",22029900,UN
"R$ 35.167.575,97",M2579-1,TONICA ANTARCTICA LATA 350ML,Bebidas,"1,00","R$ 4,60",,Loja,ANTARTICA,"R$ 4,60",22021000,UN
"R$ 35.167.575,97",M2592-1,TONICA ANTARCTICA PET 1L,Bebidas,"1,00","R$ 10,99",,Loja,ANTARCTICA,"R$ 10,99",22021000,UN
"R$ 35.167.575,97",M2595-1,TONICA ANTARCTICA ZERO 1L,Bebidas,"1,00","R$ 10,90",,Loja,ANTARTICA,"R$ 10,90",22021000,UN
"R$ 35.167.575,97",M2559-1,TONICA ANTARTICA 1L,Bebidas,"-5,00","R$ 10,99",,Loja,TONICA,"-R$ 54,95",22021000,UN
"R$ 35.167.575,97",M2560-1,TONICA ANTARTICA ZERO 1L,Bebidas,"-4,00","R$ 10,99",,Loja,ANTARTICA,"-R$ 43,96",22021000,UN
"R$ 35.167.575,97",M1421-1,TONICA SEM AÇUCAR,Bebidas,"0,00","R$ 6,00",,Loja,TONICA,"R$ 0,00",22021000,UN
"R$ 35.167.575,97",M2039-1,TURAINA 200ML,Bebidas,"-44,00","R$ 2,50",,Loja,TURBAINA,"-R$ 110,00",22021000,UN
"R$ 35.167.575,97",M1173-1,TURBAINA 500ML,Bebidas,"0,00","R$ 4,50",,Loja,TURBAINA,"R$ 0,00",22021000,UN
"R$ 35.167.575,97",7896087705807,TURBAINA COM LIMAO 2L,Bebidas,"-108,00","R$ 9,90",,Loja,Ferraspari,"-R$ 1.069,20",22021000,UN
"R$ 35.167.575,97",M566-1,VELHO BARREIRO,Bebidas,"-56,00","R$ 17,00",,Loja,.,"-R$ 952,00",22084000,UN
"R$ 35.167.575,97",M1691-1,VINAGRE ALCOOL 750ML,Bebidas,"-7,00","R$ 2,50",,Loja,TOSCANO,"-R$ 17,50",22090000,UN
"R$ 35.167.575,97",M642-1,VINHO DO NONO SECO BORDO 880ML,Bebidas,"-1,00","R$ 22,00",,Loja,.,"-R$ 22,00",22042100,UN
"R$ 35.167.575,97",M2144-1,VINHO DO NONO SUAVE BORDO 1L,Bebidas,"-62,00","R$ 24,90",,Loja,NONO,"-R$ 1.543,80",22042100,UN
"R$ 35.167.575,97",M643-1,VINHO DO NONO SUAVE BORDO 880ML,Bebidas,"-3,00","R$ 22,00",,Loja,.,"-R$ 66,00",22042100,UN
"R$ 35.167.575,97",M972-1,VINHO DOM BOSCO TINTO SUAVE,Bebidas,"-1,00","R$ 13,90",,Loja,DOM BOSCO,"-R$ 13,90",22042100,UN
"R$ 35.167.575,97",7898965741068,VINHO NONO TINTO SECO 750ML,Bebidas,"-16,00","R$ 22,00",,Loja,NONO,"-R$ 352,00",22042100,UN
"R$ 35.167.575,97",7896403900015,VINHO SAN TOME SUAVE 1L,Bebidas,"-42,00","R$ 24,90",,Loja,SAN TOME ,"-R$ 1.045,80",22042100,UN
"R$ 35.167.575,97",M571-1,VINHO SECO BORDO ALEMAO,Bebidas,"-5,00","R$ 22,90",,Loja,.,"-R$ 114,50",22042100,UN
"R$ 35.167.575,97",M572-1,VINHO SUAVE BORDO ALEMAO,Bebidas,"-8,00","R$ 22,90",,Loja,.,"-R$ 183,20",22042100,UN
"R$ 35.167.575,97",M2419-1,VINHO TINTO CHALISE 750ML,Bebidas,"-1,00","R$ 14,99",,Loja,COCA,"-R$ 14,99",22042100,UN
"R$ 35.167.575,97",M1438-1,VIVOLI POTE FLOCOS 400ML,Bebidas,"0,00","R$ 10,90",,Loja,VIVOLI,"R$ 0,00",21050010,UN
"R$ 35.167.575,97",M1439-1,VIVOLI POTE NAPOLITANO 400ML,Bebidas,"-2,00","R$ 10,90",,Loja,VIVOLI,"-R$ 21,80",21050010,UN
"R$ 35.167.575,97",M1440-1,VIVOLI SPLEND MORANGO 400ML,Bebidas,"0,00","R$ 9,75",,Loja,VIVOLI,"R$ 0,00",21050010,UN
"R$ 35.167.575,97",M561-1,VODKA BALALAIKA,Bebidas,"-56,00","R$ 18,00",,Loja,.,"-R$ 1.008,00",22086000,UN
"R$ 35.167.575,97",7893218000473,VODKA SMIRNOFF 998ML,Bebidas,"1,00","R$ 49,99",,Loja,SMIRNOFF,"R$ 49,99",22086000,UN
"R$ 35.167.575,97",7896072911800,XAROPE ARTIFICIAL 1L,Bebidas,"-3,00","R$ 15,00",,Loja,CERESER,"-R$ 45,00",21069010,UN
"R$ 35.167.575,97",M51-1,XAROPE GROSELHA FERRASPARI 1L,Bebidas,"-46,00","R$ 12,50",,Loja,Ferraspari,"-R$ 575,00",21069010,UN
"R$ 35.167.575,97",M1223-1,XAROPE GROSELHA FERRASPARI 1L,Bebidas,"0,00","R$ 12,50",,Loja,Ferraspari,"R$ 0,00",21069010,UN
"R$ 35.167.575,97",M2499-1,XAROPE GROSELHA FERRASPARI 1L,Bebidas,"2,00","R$ 13,90",,Loja,Ferraspari,"R$ 27,80",21069010,UN
"R$ 35.167.575,97",M431-1,YAKULT PESSEGO,Bebidas,"0,00","R$ 2,25",,Loja,YAKULT,"R$ 0,00",04039000,UN
"R$ 35.167.575,97",M562-1,YPIOCA OURO,Bebidas,"-29,00","R$ 27,00",,Loja,.,"-R$ 783,00",22084000,UN
"R$ 35.167.575,97",000154,ABACAXI,Hortfruti,"-108,00","R$ 14,99",,Loja,.,"-R$ 1.618,92",08043000,UN
"R$ 35.167.575,97",000169,ABOBORA CABOTIA,Hortfruti,"-61,47","R$ 6,00",,Loja,.,"-R$ 368,82",07099300,KG
"R$ 35.167.575,97",000156,ABOBRINHA,Hortfruti,"-12,10","R$ 7,99",,Loja,.,"-R$ 96,68",07061000,KG
"R$ 35.167.575,97",060,ALFACE,Hortfruti,"-1944,00","R$ 6,00",,Loja,.,"-R$ 11.664,00",07051900,UN
"R$ 35.167.575,97",000240,ALHO,Hortfruti,"-198,64","R$ 39,00",,Loja,.,"-R$ 7.746,96",07032090,KG
"R$ 35.167.575,97",M839-1,ALHO PICADO 200G,Hortfruti,"-7,00","R$ 5,70",,Loja,CONDINEW,"-R$ 39,90",07032090,UN
"R$ 35.167.575,97",M1625-1,AMEIXA,Hortfruti,"0,00","R$ 13,00",,Loja,CLONA,"R$ 0,00",08132010,UN
"R$ 35.167.575,97",000150,BANANA NANICA,Hortfruti,"-885,13","R$ 8,50",,Loja,.,"-R$ 7.523,61",08031000,KG
"R$ 35.167.575,97",000151,BANANA PRATA,Hortfruti,"-474,48","R$ 9,50",,Loja,.,"-R$ 4.507,56",08031000,KG
"R$ 35.167.575,97",8,"BANDEJINHAS 8,00",Hortfruti,"-766,00","R$ 9,00",,Loja,.,"-R$ 6.894,00",07061000,UN
"R$ 35.167.575,97",7,BANDEJINHAS 9,Hortfruti,"-759,00","R$ 10,00",,Loja,.,"-R$ 7.590,00",07061000,UN
"R$ 35.167.575,97",000162,BATATA,Hortfruti,"-1486,77","R$ 8,99",,Loja,.,"-R$ 13.366,06",07019000,KG
"R$ 35.167.575,97",000163,BATATA DOCE,Hortfruti,"-2,49","R$ 3,75",,Loja,.,"-R$ 9,34",07019000,KG
"R$ 35.167.575,97",000164,BETERRABA,Hortfruti,"-6,24","R$ 3,75",,Loja,.,"-R$ 23,40",07069000,KG
"R$ 35.167.575,97",M814-1,BICARBONATO DE SODIO 40G,Hortfruti,"-54,00","R$ 2,99",,Loja,CONDINEW,"-R$ 161,46",28363000,UN
"R$ 35.167.575,97",M796-1,CAMOMILA 6G,Hortfruti,"-29,00","R$ 2,50",,Loja,CONDINEW,"-R$ 72,50",12119090,UN
"R$ 35.167.575,97",M795-1,CANELA CASCA 16G,Hortfruti,"-32,00","R$ 4,30",,Loja,CONDINEW,"-R$ 137,60",09061100,UN
"R$ 35.167.575,97",M797-1,CANELA EM PO 16G,Hortfruti,"-35,00","R$ 4,50",,Loja,CONDINEW,"-R$ 157,50",09062000,UN
"R$ 35.167.575,97",000165,CEBOLA,Hortfruti,"-737,75","R$ 8,99",,Loja,.,"-R$ 6.632,37",07031019,KG
"R$ 35.167.575,97",184940251,CEBOLA ALHO E SALSA DESIDRATADO 500G,Hortfruti,"-1,00","R$ 39,90",,Loja,.,"-R$ 39,90",21039029,UN
"R$ 35.167.575,97",000166,CENOURA,Hortfruti,"-246,21","R$ 8,99",,Loja,.,"-R$ 2.213,43",07061000,KG
"R$ 35.167.575,97",080,CHEIRO VERDE,Hortfruti,"-853,00","R$ 6,00",,Loja,.,"-R$ 5.118,00",07099990,UN
"R$ 35.167.575,97",M804-1,CHIMICHURRI 10G,Hortfruti,"-145,00","R$ 2,70",,Loja,CONDINEW,"-R$ 391,50",21039021,UN
"R$ 35.167.575,97",184512251,CHIMICHURRI GRANEL 500G,Hortfruti,"0,00","R$ 39,90",,Loja,.,"R$ 0,00",21039029,UN
"R$ 35.167.575,97",18451225,CHIMICHURRI GRANEL 500G,Hortfruti,"-1,00","R$ 39,90",,Loja,.,"-R$ 39,90",21039029,UN
"R$ 35.167.575,97",M818-1,CHIMICHURRI SEM PIMENTA 500G,Hortfruti,"0,00","R$ 49,99",,Loja,CONDINEW,"R$ 0,00",21039029,UN
"R$ 35.167.575,97",001170,CHUCHU,Hortfruti,"-6,33","R$ 7,00",,Loja,.,"-R$ 44,31",07061000,KG
"R$ 35.167.575,97",090,COENTRO,Hortfruti,"-416,00","R$ 5,00",,Loja,.,"-R$ 2.080,00",07099990,UN
"R$ 35.167.575,97",M806-1,COLORIFICO,Hortfruti,"-109,00","R$ 2,30",,Loja,CONDINEW,"-R$ 250,70",08061000,UN
"R$ 35.167.575,97",7897389300837,COLORIFICO 1KG,Hortfruti,"-2,00","R$ 24,90",,Loja,.,"-R$ 49,80",21039029,UN
"R$ 35.167.575,97",M1742-1,COMINHO 20G,Hortfruti,"-28,00","R$ 2,00",,Loja,CONDINEW,"-R$ 56,00",09093200,UN
"R$ 35.167.575,97",070,COUVE,Hortfruti,"-369,00","R$ 6,00",,Loja,.,"-R$ 2.214,00",07049000,UN
"R$ 35.167.575,97",000152,LARANJA,Hortfruti,"-763,32","R$ 6,50",,Loja,.,"-R$ 4.961,58",08051000,KG
"R$ 35.167.575,97",M810-1,LEMON PAPPER,Hortfruti,"-105,00","R$ 3,50",,Loja,CONDINEW,"-R$ 367,50",21039029,UN
"R$ 35.167.575,97",900126,LEMON PEPPER 500G,Hortfruti,"-1,00","R$ 29,90",,Loja,.,"-R$ 29,90",21039029,UN
"R$ 35.167.575,97",000167,LIMAO,Hortfruti,"-449,92","R$ 11,90",,Loja,.,"-R$ 5.354,05",08055000,KG
"R$ 35.167.575,97",M802-1,LOURO 6G,Hortfruti,"-85,00","R$ 2,50",,Loja,CONDINEW,"-R$ 212,50",09109900,UN
"R$ 35.167.575,97",0012358,M,Hortfruti,"0,00","R$ 18,00",,Loja,HORTIFRUT,"R$ 0,00",08109015,KG
"R$ 35.167.575,97",000173,MAÇA GALA,Hortfruti,"-71,92","R$ 18,00",,Loja,.,"-R$ 1.294,56",08081000,KG
"R$ 35.167.575,97",087880,MAMAO,Hortfruti,"-156,00","R$ 5,90",,Loja,.,"-R$ 920,40",08043000,UN
"R$ 35.167.575,97",000175,MANDIOCA,Hortfruti,"-2,78","R$ 10,00",,Loja,.,"-R$ 27,80",07141000,KG
"R$ 35.167.575,97",M1121-1,MANDIOCA DESCASCADA J.D POSSATI,Hortfruti,"-256,00","R$ 11,90",,Loja,J.D POSSATI,"-R$ 3.046,40",07141000,UN
"R$ 35.167.575,97",000176,MANDIOQUINHA,Hortfruti,"-9,14","R$ 15,00",,Loja,.,"-R$ 137,10",07141000,KG
"R$ 35.167.575,97",000153,MANGA,Hortfruti,"-349,55","R$ 11,90",,Loja,.,"-R$ 4.159,65",08045020,KG
"R$ 35.167.575,97",M803-1,MANJERICAO 6G,Hortfruti,"-13,00","R$ 1,50",,Loja,CONDINEW,"-R$ 19,50",09109900,UN
"R$ 35.167.575,97",000171,MARACUJA,Hortfruti,"-96,97","R$ 15,00",,Loja,.,"-R$ 1.454,55",08051000,KG
"R$ 35.167.575,97",000667,MEIA MELANCIA,Hortfruti,"-6,00","R$ 15,00",,Loja,.,"-R$ 90,00",08071100,UN
"R$ 35.167.575,97",000666,MELANCIA G,Hortfruti,"-4,00","R$ 45,00",,Loja,.,"-R$ 180,00",08071100,UN
"R$ 35.167.575,97",000155,MELANCIA M,Hortfruti,"-4,00","R$ 25,00",,Loja,.,"-R$ 100,00",08071100,UN
"R$ 35.167.575,97",000172,MELAO,Hortfruti,"-38,63","R$ 11,90",,Loja,.,"-R$ 459,70",08071900,UN
"R$ 35.167.575,97",153,MEXERICA,Hortfruti,"-596,54","R$ 8,50",,Loja,.,"-R$ 5.070,59",08051000,KG
"R$ 35.167.575,97",M1444-1,MORANGO BDJ,Hortfruti,"-35,00","R$ 14,99",,Loja,.,"-R$ 524,65",08043000,UN
"R$ 35.167.575,97",M819-1,OREGANO 500G,Hortfruti,"0,00","R$ 37,99",,Loja,CONDINEW,"R$ 0,00",09109900,UN
"R$ 35.167.575,97",M791-1,OREGANO 6G,Hortfruti,"-95,00","R$ 2,00",,Loja,CONDINEW,"-R$ 190,00",12119010,UN
"R$ 35.167.575,97",050,OVOS - BANDEJA COM 30 UND,Hortfruti,"-1031,00","R$ 17,99",,Loja,.,"-R$ 18.547,69",04072100,UN
"R$ 35.167.575,97",01,OVOS UNIDADE,Hortfruti,"-1630,00","R$ 0,80",,Loja,.,"-R$ 1.304,00",04072100,UN
"R$ 35.167.575,97",M809-1,PAPRICA DEFUMADA 10G,Hortfruti,"-142,00","R$ 2,00",,Loja,CONDINEW,"-R$ 284,00",29042090,UN
"R$ 35.167.575,97",M799-1,PAPRICA DOCE 10G,Hortfruti,"-84,00","R$ 2,00",,Loja,CONDINEW,"-R$ 168,00",29042090,UN
"R$ 35.167.575,97",2025015,PAPRICA DOCE 500G,Hortfruti,"-1,00","R$ 44,90",,Loja,.,"-R$ 44,90",21039029,UN
"R$ 35.167.575,97",M808-1,PAPRICA PICANTE 10G,Hortfruti,"-73,00","R$ 2,40",,Loja,CONDINEW,"-R$ 175,20",29042090,UN
"R$ 35.167.575,97",001169,PEPINO,Hortfruti,"-14,33","R$ 7,99",,Loja,.,"-R$ 114,50",07061000,KG
"R$ 35.167.575,97",000174,PERA,Hortfruti,"-7,91","R$ 15,00",,Loja,.,"-R$ 118,65",08083000,KG
"R$ 35.167.575,97",M793-1,PIMENTA DO REINO MOIDA 20G,Hortfruti,"-44,00","R$ 6,20",,Loja,CONDINEW,"-R$ 272,80",09041200,UN
"R$ 35.167.575,97",M813-1,PIMENTA DO REINO PICANTE 40G,Hortfruti,"-39,00","R$ 3,80",,Loja,.,"-R$ 148,20",09041100,UN
"R$ 35.167.575,97",000168,PIMENTAO,Hortfruti,"-106,20","R$ 15,00",,Loja,.,"-R$ 1.593,00",07096000,KG
"R$ 35.167.575,97",000170,REPOLHO,Hortfruti,"-113,00","R$ 9,90",,Loja,.,"-R$ 1.118,70",07049000,UN
"R$ 35.167.575,97",071,RUCULA,Hortfruti,"-114,00","R$ 5,00",,Loja,.,"-R$ 570,00",07099990,UN
"R$ 35.167.575,97",11111,SALSINHA - HORTIFRUT,Hortfruti,"-123,00","R$ 5,00",,Loja,HORTFRUT,"-R$ 615,00",07099990,UN
"R$ 35.167.575,97",M817-1,TEMPERA TUDO 500G,Hortfruti,"0,00","R$ 45,00",,Loja,CONDINEW,"R$ 0,00",21039029,UN
"R$ 35.167.575,97",18474825,TEMPERO ANA MARIA 500G,Hortfruti,"-6,00","R$ 27,99",,Loja,.,"-R$ 167,94",21039029,UN
"R$ 35.167.575,97",M807-1,TEMPERO BAIANO 20G,Hortfruti,"-111,00","R$ 2,00",,Loja,CONDINEW,"-R$ 222,00",21039021,UN
"R$ 35.167.575,97",7898486574633,TEMPERO BAIANO 500G,Hortfruti,"0,00","R$ 19,90",,Loja,TEMPERABEM,"R$ 0,00",21039029,UN
"R$ 35.167.575,97",M811-1,TEMPERO DO EDUARDO 20G,Hortfruti,"-99,00","R$ 4,00",,Loja,CONDINEW,"-R$ 396,00",21039029,UN
"R$ 35.167.575,97",18481025,TEMPERO PARA FEIJAO 500G,Hortfruti,"-3,00","R$ 29,99",,Loja,.,"-R$ 89,97",21039029,UN
"R$ 35.167.575,97",000161,TOMATE,Hortfruti,"-1408,93","R$ 14,90",,Loja,.,"-R$ 20.993,06",07020000,KG
"R$ 35.167.575,97",105819,UVA CAIXA PEQUENA,Hortfruti,"0,00","R$ 23,00",,Loja,.,"R$ 0,00",08061000,UN
"R$ 35.167.575,97",M1636-1,UVA SEM SEMENTE 500G,Hortfruti,"-1,00","R$ 12,00",,Loja,COOPEXVALE,"-R$ 12,00",08061000,UN
"R$ 35.167.575,97",M1635-1,UVA VERDE SEM SEMENTE 500G,Hortfruti,"-1,00","R$ 14,90",,Loja,COAFRUITS,"-R$ 14,90",08061000,UN
"R$ 35.167.575,97",M1539-1,CLASSICOS CHOCOLATE 70G,Laticínios,"-1,00","R$ 9,50",,Loja,VIVOLI,"-R$ 9,50",21050010,UN
"R$ 35.167.575,97",M1060-1,DIVINE CONE BLACK WHITE 70G,Laticínios,"0,00","R$ 9,50",,Loja,VIVOLI,"R$ 0,00",21050010,UN
"R$ 35.167.575,97",M1070-1,ESPECIALITE VIVOTELLO VIVOLAK 70G,Laticínios,"-8,00","R$ 7,99",,Loja,VIVOLI,"-R$ 63,92",21050010,UN
"R$ 35.167.575,97",M777-1,LEITE INTEGRAL TIROL 1L,Laticínios,"-144,00","R$ 6,99",,Loja,TIROL,"-R$ 1.006,56",04012010,UN
"R$ 35.167.575,97",M43-1,MARGARINA QUALY 250G CREMOSA COM SAL,Laticínios,"-94,00","R$ 6,63",,Loja,QUALY,"-R$ 623,22",15171000,UN
"R$ 35.167.575,97",000801,MUSSARELA,Laticínios,"0,00","R$ 55,00",,Loja,.,"R$ 0,00",04061010,KG
"R$ 35.167.575,97",M1544-1,PETIT GATEAU 80G 4 UND,Laticínios,"0,00","R$ 34,90",,Loja,VIVOLI,"R$ 0,00",21050010,UN
"R$ 35.167.575,97",M1057-1,SUNDAE MORANGO 100G,Laticínios,"0,00","R$ 7,90",,Loja,VIVOLI,"R$ 0,00",21050010,UN
"R$ 35.167.575,97",M1543-1,VIVOLI ABSOLUTO LIMAO SUIÇO 65G,Laticínios,"-6,00","R$ 9,90",,Loja,VIVOLI,"-R$ 59,40",21050010,UN
"R$ 35.167.575,97",M1540-1,VIVOLI BEIJINHO 65G,Laticínios,"-1,00","R$ 7,99",,Loja,VIVOLI,"-R$ 7,99",21050010,UN
"R$ 35.167.575,97",M1059-1,VIVOLI COLLORS ALG DOCE 65G,Laticínios,"0,00","R$ 4,50",,Loja,VIVOLI,"R$ 0,00",21050010,UN
"R$ 35.167.575,97",M1541-1,VIVOLI ESPECIALITE DIVINO 65G,Laticínios,"-3,00","R$ 7,99",,Loja,VIVOLI,"-R$ 23,97",21050010,UN
"R$ 35.167.575,97",M1542-1,VIVOLI ESPECIALITE TABLETS 65G,Laticínios,"-2,00","R$ 7,99",,Loja,VIVOLI,"-R$ 15,98",21050010,UN
"R$ 35.167.575,97",M1073-1,VIVOLI EXTRUSADO ACAI C GUARANA 70G,Laticínios,"-3,00","R$ 7,50",,Loja,VIVOLI,"-R$ 22,50",21050010,UN
"R$ 35.167.575,97",M1069-1,VIVOLI EXTRUSADO PETI GATEAU 75G,Laticínios,"0,00","R$ 8,25",,Loja,VIVOLI,"R$ 0,00",21050010,UN
"R$ 35.167.575,97",M1072-1,VIVOLI MINI BOMBOM SKIMO,Laticínios,"0,00","R$ 13,00",,Loja,VIVOLI,"R$ 0,00",21050010,UN
"R$ 35.167.575,97",M1058-1,VIVOLI MINI EX PE MOLEQ/PRET 60G,Laticínios,"-5,00","R$ 6,25",,Loja,VIVOLI,"-R$ 31,25",21050010,UN
"R$ 35.167.575,97",M1062-1,VIVOLI PICOLE ABACAXI 60G,Laticínios,"0,00","R$ 4,50",,Loja,VIVOLI,"R$ 0,00",21050010,UN
"R$ 35.167.575,97",M1071-1,VIVOLI PICOLE BRIGADEIRO 65G,Laticínios,"-5,00","R$ 6,75",,Loja,VIVOLI,"-R$ 33,75",21050010,UN
"R$ 35.167.575,97",M1065-1,VIVOLI PICOLE CHOCOLATE 60G,Laticínios,"-2,00","R$ 4,50",,Loja,VIVOLI,"-R$ 9,00",21050010,UN
"R$ 35.167.575,97",M1066-1,VIVOLI PICOLE COCO 60G,Laticínios,"-3,00","R$ 4,50",,Loja,VIVOLI,"-R$ 13,50",21050010,UN
"R$ 35.167.575,97",M1063-1,VIVOLI PICOLE LIMAO 60G,Laticínios,"-2,00","R$ 4,50",,Loja,VIVOLI,"-R$ 9,00",21050010,UN
"R$ 35.167.575,97",M1067-1,VIVOLI PICOLE LIMONADA SUICA 60G,Laticínios,"0,00","R$ 4,50",,Loja,VIVOLI,"R$ 0,00",21050010,UN
"R$ 35.167.575,97",M1064-1,VIVOLI PICOLE MARACUJA 60G,Laticínios,"0,00","R$ 4,50",,Loja,VIVOLI,"R$ 0,00",21050010,UN
"R$ 35.167.575,97",M1068-1,VIVOLI PICOLE MORANGO 60G,Laticínios,"0,00","R$ 4,50",,Loja,VIVOLI,"R$ 0,00",21050010,UN
"R$ 35.167.575,97",7898901196266,Vivoli SKIMO 60g,Laticínios,"-1,00","R$ 8,75",,Loja,VIVOLI,"-R$ 8,75",21050010,UN
"R$ 35.167.575,97",M1061-1,VIVOLI SPLEND CHOCOLATE 400ML,Laticínios,"0,00","R$ 9,75",,Loja,VIVOLI,"R$ 0,00",21050010,UN
"R$ 35.167.575,97",M670-1,AGUA SANITARIA 2L,Limpeza,"-2,00","R$ 6,99",,Loja,CANDURA,"-R$ 13,98",28289011,UN
"R$ 35.167.575,97",M36-1,AGUA SANITARIA CANDURA 1L,Limpeza,"23,00","R$ 3,70",,Loja,CANDURA,"R$ 85,10",28289011,UN
"R$ 35.167.575,97",M155-1,AGUA SANITARIA QBOA 1L,Limpeza,"0,00","R$ 4,60",,Loja,QBOA,"R$ 0,00",28289011,UN
"R$ 35.167.575,97",M156-1,AGUA SANITARIA SUPREMA 2L,Limpeza,"-12,00","R$ 5,80",,Loja,SUPREMA,"-R$ 69,60",28289011,UN
"R$ 35.167.575,97",M900-1,ALCOOL 70 FLOP 1 LITRO,Limpeza,"0,00","R$ 7,99",,Loja,FLOP,"R$ 0,00",22072019,UN
"R$ 35.167.575,97",M917-1,ALCOOL ETÍLICO HIDRATATO 70 INPM,Limpeza,"0,00","R$ 8,50",,Loja,UZU,"R$ 0,00",22071090,UN
"R$ 35.167.575,97",M2797-1,ALCOOL LIQUIDO OBBA 1L BICARBONATO,Limpeza,"11,00","R$ 6,50",,Loja,OBBA,"R$ 71,50",34029090,UN
"R$ 35.167.575,97",M157-1,ALCOOL LIQUIDO TUPI 1L,Limpeza,"-1,00","R$ 8,00",,Loja,TUPI,"-R$ 8,00",22072019,UN
"R$ 35.167.575,97",M2795-1,"ALCOOL LIQUIDO TUPI 500ML 46,2 NEUTRO",Limpeza,"8,00","R$ 5,50",,Loja,TUPI,"R$ 44,00",22072019,UN
"R$ 35.167.575,97",M1736-1,ALCOOL TAUIPE 70 1L,Limpeza,"-43,00","R$ 9,99",,Loja,TAUÍPE,"-R$ 429,57",22072019,UN
"R$ 35.167.575,97",M918-1,"ALCOOL TUPI 92,8 500ML",Limpeza,"0,00","R$ 5,50",,Loja,TUPI,"R$ 0,00",22072019,UN
"R$ 35.167.575,97",M902-1,"ALCOOLO ETILICO HIDRATADO 92,8 1 LITRO",Limpeza,"-102,00","R$ 11,99",,Loja,TAUÍPE,"-R$ 1.222,98",22072019,UN
"R$ 35.167.575,97",M1225-1,AMACIANTE AMACITEL 2L LUXO TOQUE POESIA AZUL,Limpeza,"-8,00","R$ 10,70",,Loja,AMACITEL,"-R$ 85,60",38099190,UN
"R$ 35.167.575,97",M184-1,AMACIANTE BABY SOFT 2L CARINHO AZUL,Limpeza,"-2,00","R$ 10,50",,Loja,BABY SOFT,"-R$ 21,00",38099190,UN
"R$ 35.167.575,97",M2100-1,AMACIANTE COMFORT PURO CUIDADO 500ML,Limpeza,"-11,00","R$ 12,90",,Loja,COMFORT,"-R$ 141,90",38099190,UN
"R$ 35.167.575,97",M1781-1,AMACIANTE DE ROUPA FOFO CONCENTRADO 500ML,Limpeza,"-4,00","R$ 10,50",,Loja,FOFO,"-R$ 42,00",38099190,UN
"R$ 35.167.575,97",7500435201292,AMACIANTE DOWNY 500ML CONCENT BRISA ELEGANTE,Limpeza,"-7,00","R$ 15,80",,Loja,DOWNY,"-R$ 110,60",38099190,UN
"R$ 35.167.575,97",M258-1,AMACIANTE DOWNY 500ML CONCENTRADO BRISA VERAO,Limpeza,"-11,00","R$ 15,80",,Loja,DOWNY,"-R$ 173,80",38099190,UN
"R$ 35.167.575,97",M1489-1,AMACIANTE LAVANDA 2L,Limpeza,"0,00","R$ 8,00",,Loja,URCA,"R$ 0,00",38089419,UN
"R$ 35.167.575,97",M2315-1,AMACIANTE MINUANO 500ML CLASSICO AZUL,Limpeza,"8,00","R$ 5,10",,Loja,MINUANO,"R$ 40,80",38099190,UN
"R$ 35.167.575,97",M2616-1,AMACIANTE ROUPA COMFORT BRISA ELEGANTE,Limpeza,"0,00","R$ 13,50",,Loja,COMFORT,"R$ 0,00",38099190,UN
"R$ 35.167.575,97",M287-1,AMACIANTE ROUPA COMFORT CONCENTRADO 400ML FRESCOR INTENS,Limpeza,"-1,00","R$ 12,90",,Loja,COMFORT,"-R$ 12,90",38099190,UN
"R$ 35.167.575,97",M1883-1,AMACIANTE URCA 2L PRIMAVERA,Limpeza,"5,00","R$ 6,89",,Loja,URCA,"R$ 34,43",38099190,UN
"R$ 35.167.575,97",M259-1,AMACIANTE YPE 500ML AZUL ACONCHEGO,Limpeza,"-8,00","R$ 4,40",,Loja,Ype,"-R$ 35,20",38099190,UN
"R$ 35.167.575,97",M260-1,AMACIANTE YPE 500ML CONCENTRADO LIBERDA.ALQUIMIA,Limpeza,"0,00","R$ 12,00",,Loja,Ype,"R$ 0,00",38099190,UN
"R$ 35.167.575,97",M2677-1,AMANCIANTE ASSIM 500ML AZUL,Limpeza,"7,00","R$ 7,50",,Loja,ASSIM,"R$ 52,50",38099190,UN
"R$ 35.167.575,97",M151-1,BOM AR AERO 360ML LAVANDA,Limpeza,"5,00","R$ 16,90",,Loja,AERO,"R$ 84,50",33074900,UN
"R$ 35.167.575,97",M1495-1,BRILHANTE  800G CUIDADO TOTAL,Limpeza,"-21,00","R$ 14,90",,Loja,BRILHANTE,"-R$ 312,90",34025000,UN
"R$ 35.167.575,97",7896040704625,CASA E PERFUME AGRADABLE 500ML,Limpeza,"-8,00","R$ 7,00",,Loja,CASA E PERFUME ,"-R$ 56,00",34025000,UN
"R$ 35.167.575,97",M923-1,CIF CREMOSO 250ML,Limpeza,"-20,00","R$ 10,90",,Loja,CIF,"-R$ 218,00",34011900,UN
"R$ 35.167.575,97",M2632-1,COALA 120ML TALCO,Limpeza,"1,00","R$ 16,50",,Loja,COALA,"R$ 16,50",34029029,UN
"R$ 35.167.575,97",M1870-1,COALA CAPIM LIMAO 120ML,Limpeza,"-10,00","R$ 16,90",,Loja,COALA,"-R$ 169,00",34029029,UN
"R$ 35.167.575,97",M1871-1,COALA EUCALIPTO 120 ML,Limpeza,"-4,00","R$ 16,90",,Loja,COALA,"-R$ 67,60",34029029,UN
"R$ 35.167.575,97",7891150079991,COMFORT BRISA ELEGANTE 500ML,Limpeza,"-5,00","R$ 13,50",,Loja,COMFORT,"-R$ 67,50",38099190,UN
"R$ 35.167.575,97",M897-1,COMFORT FRESCOR INTENSO  500ML,Limpeza,"-11,00","R$ 12,90",,Loja,COMFORT,"-R$ 141,90",38099190,UN
"R$ 35.167.575,97",M264-1,DESENGORDURANTE AZULIM 500ML,Limpeza,"23,00","R$ 5,90",,Loja,AZULIM,"R$ 135,70",34029039,UN
"R$ 35.167.575,97",7897664140219,DESIFETANTE FLORAL 500 ML MINUANO,Limpeza,"-10,00","R$ 3,50",,Loja,MINUANO,"-R$ 35,00",38089419,UN
"R$ 35.167.575,97",7897664140196,DESIFETANTE LAVANTA MINUANO 500ML,Limpeza,"18,00","R$ 3,20",,Loja,MINUANO,"R$ 57,60",38089419,UN
"R$ 35.167.575,97",M2225-1,DESINF BUFALO 2L HERBAL,Limpeza,"4,00","R$ 6,50",,Loja,BUFALO,"R$ 26,00",38089419,UN
"R$ 35.167.575,97",M1519-1,DESINF BUFALO 2L JASMIM,Limpeza,"5,00","R$ 5,90",,Loja,BUFALO,"R$ 29,50",38089419,UN
"R$ 35.167.575,97",7896183301019,DESINF SANOL 2L LAVANDA,Limpeza,"0,00","R$ 7,50",,Loja,SANOL ,"R$ 0,00",38089429,UN
"R$ 35.167.575,97",M1078-1,DESINF YPE BAK 500ML EUCALIPTO,Limpeza,"0,00","R$ 2,99",,Loja,Ype,"R$ 0,00",38089419,UN
"R$ 35.167.575,97",M1079-1,DESINF YPE BAK 500ML FLORAL,Limpeza,"-2,00","R$ 2,99",,Loja,Ype,"-R$ 5,98",38089419,UN
"R$ 35.167.575,97",M1080-1,DESINF YPE BAK 500ML LAVANDA,Limpeza,"0,00","R$ 2,99",,Loja,Ype,"R$ 0,00",38089419,UN
"R$ 35.167.575,97",M1081-1,DESINF YPE BAK 500ML TURQUESA,Limpeza,"0,00","R$ 2,99",,Loja,Ype,"R$ 0,00",38089419,UN
"R$ 35.167.575,97",M914-1,DESINFETANTE BACTERICIDA LAVANDA 2 LITROS,Limpeza,"-5,00","R$ 5,90",,Loja,BUFALO,"-R$ 29,50",38089419,UN
"R$ 35.167.575,97",M920-1,DESINFETANTE BACTERICIDA LAVANDA 750 ML,Limpeza,"0,00","R$ 3,50",,Loja,BUFALO,"R$ 0,00",38089419,UN
"R$ 35.167.575,97",M270-1,DESINFETANTE BUFALO 750ML JASMIM,Limpeza,"0,00","R$ 3,50",,Loja,BUFALO,"R$ 0,00",38089419,UN
"R$ 35.167.575,97",M158-1,DESINFETANTE PINHO BRIL 500ML,Limpeza,"5,00","R$ 6,80",,Loja,PINHO BRIL,"R$ 34,00",38089419,UN
"R$ 35.167.575,97",M1210-1,DESINFETANTE URCA 2L BRISA DO MAR,Limpeza,"0,00","R$ 5,99",,Loja,URCA,"R$ 0,00",38089419,UN
"R$ 35.167.575,97",M269-1,DESINFETANTE URCA 2L LAVANDA ROXO,Limpeza,"-10,00","R$ 5,99",,Loja,URCA,"-R$ 59,85",38089419,UN
"R$ 35.167.575,97",M11-1,DETERG LIQ.YPE 500ML NEUTRO,Limpeza,"29,00","R$ 3,00",,Loja,Ype,"R$ 87,00",34025000,UN
"R$ 35.167.575,97",7896524711224,DETERG LIQUIDO SUPREMA 500ML COCO,Limpeza,"-26,00","R$ 2,60",,Loja,SUPREMA,"-R$ 67,60",34025000,UN
"R$ 35.167.575,97",M1580-1,DETERGENTE 500ML NEUTRO,Limpeza,"-4,00","R$ 2,60",,Loja,SUPREMA,"-R$ 10,40",34025000,UN
"R$ 35.167.575,97",M2406-1,DETERGENTE ADD NEUTRO,Limpeza,"19,00","R$ 3,20",,Loja,FENIX FOODS,"R$ 60,80",34025000,UN
"R$ 35.167.575,97",M2788-1,DETERGENTE LIMPOL NEUTRO 500ML,Limpeza,"-14,00","R$ 3,50",,Loja,LIMPOL ,"-R$ 49,00",34025000,UN
"R$ 35.167.575,97",M2313-1,DETERGENTE LIQUIDO CANDURA 500ML,Limpeza,"13,00","R$ 2,60",,Loja,CANDURA,"R$ 33,80",34025000,UN
"R$ 35.167.575,97",M179-1,DETERGENTE LIQUIDO MINUANO 500ML NEUTRO,Limpeza,"-2,00","R$ 2,80",,Loja,MINUANO,"-R$ 5,60",34025000,UN
"R$ 35.167.575,97",7897664130043,DETERGENTE MINUANO 500ML,Limpeza,"-29,00","R$ 3,50",,Loja,MINUANO,"-R$ 101,50",34025000,UN
"R$ 35.167.575,97",M685-1,DETERGENTE PO 800G LAVANDA,Limpeza,"1,00","R$ 10,50",,Loja,SURF,"R$ 10,50",34025000,UN
"R$ 35.167.575,97",M1398-1,DETERGENTE SUPREMA 500ML,Limpeza,"0,00","R$ 3,00",,Loja,SUPREMA,"R$ 0,00",34025000,UN
"R$ 35.167.575,97",7896098900253,DETERGENTE YPE CLEAR,Limpeza,"8,00","R$ 3,50",,Loja,Ype,"R$ 28,00",34025000,UN
"R$ 35.167.575,97",M2477-1,ESCOVA DENTAL DENTLIMP ULTRA CLASSIC MACIA,Limpeza,"3,00","R$ 3,50",,Loja,DENTLIMP,"R$ 10,50",96032100,UN
"R$ 35.167.575,97",M742-1,ESCOVA OVAL MADEIRA,Limpeza,"-1,00","R$ 5,25",,Loja,CLAMAX,"-R$ 5,25",96039000,UN
"R$ 35.167.575,97",7896001004504,ESPONJA ESFREBOM MULTI USO,Limpeza,"-51,00","R$ 1,80",,Loja,ESFREBOM,"-R$ 91,80",68053090,UN
"R$ 35.167.575,97",M1609-1,ESPONJA MULTI USO BETTANIN,Limpeza,"-3,00","R$ 1,20",,Loja,BETTANIN,"-R$ 3,60",68053090,UN
"R$ 35.167.575,97",M916-1,ESPONJA WISH MULTI USO,Limpeza,"74,00","R$ 1,10",,Loja,WISH,"R$ 81,40",68053090,UN
"R$ 35.167.575,97",7898932297475,ESSENCIA AROMASIL 140ML CAMPESTRE,Limpeza,"6,00","R$ 10,50",,Loja,AROMASIL,"R$ 63,00",33029019,UN
"R$ 35.167.575,97",7898937892231,GEL SANITARIO,Limpeza,"-9,00","R$ 4,50",,Loja,APLIK ,"-R$ 40,50",34025000,UN
"R$ 35.167.575,97",7894650009352,GLADE PERFUMA CASA LEMBRANÇAS DE INFANCIA,Limpeza,"0,00","R$ 33,99",,Loja,GLADE,"R$ 0,00",34025000,UN
"R$ 35.167.575,97",M1652-1,INSETICIDA MATA INSETOS AERO 360ML,Limpeza,"-7,00","R$ 14,99",,Loja,.,"-R$ 104,93",38089119,UN
"R$ 35.167.575,97",M172-1,INSETICIDA RAID AERO 420ML,Limpeza,"0,00","R$ 20,90",,Loja,RAID,"R$ 0,00",38089119,UN
"R$ 35.167.575,97",M183-1,LA DE ACO BOMBRIL 45G,Limpeza,"-27,00","R$ 2,80",,Loja,BOMBRIL,"-R$ 75,60",73231000,UN
"R$ 35.167.575,97",M2787-1,"LAVA ROUPA LIQUIDO OMO 1,8L",Limpeza,"3,00","R$ 28,90",,Loja,OMO,"R$ 86,70",34025000,UN
"R$ 35.167.575,97",M752-1,LAVA ROUPAS EM PÓ 800G BIC E LIMAO,Limpeza,"0,00","R$ 10,50",,Loja,SURF,"R$ 0,00",34012090,UN
"R$ 35.167.575,97",M754-1,LAVA ROUPAS EM PÓ 800G LAVANDA,Limpeza,"-21,00","R$ 10,50",,Loja,SURF,"-R$ 220,50",34012090,UN
"R$ 35.167.575,97",M753-1,LAVA ROUPAS EM PÓ 800G MIX DE FLORES,Limpeza,"-27,00","R$ 10,50",,Loja,SURF,"-R$ 283,50",34012090,UN
"R$ 35.167.575,97",M1312-1,LAVA ROUPAS LIQUIDO BRILHANTE LIMPEZA TOTAL 900ML,Limpeza,"-5,00","R$ 16,90",,Loja,BRILHANTE,"-R$ 84,50",38099190,UN
"R$ 35.167.575,97",M2098-1,LAVA ROUPAS LIQUIDO OMO NOVA FORMULA 450ML,Limpeza,"-1,00","R$ 15,00",,Loja,OMO,"-R$ 15,00",38099190,UN
"R$ 35.167.575,97",M1003-1,LIMPA ALUMINIO MAXBRIL 1LITRO,Limpeza,"0,00","R$ 6,50",,Loja,MAXBRIL,"R$ 0,00",34025000,UN
"R$ 35.167.575,97",M2732-1,LIMPA AZULIM 500M BACTERICIDA,Limpeza,"8,00","R$ 3,60",,Loja,AZULIM,"R$ 28,80",34029039,UN
"R$ 35.167.575,97",M263-1,LIMPA AZULIM 500ML TIRA LIMO CLORO ATIVO,Limpeza,"-6,00","R$ 4,20",,Loja,AZULIM,"-R$ 25,20",28289011,UN
"R$ 35.167.575,97",M18-1,LIMPA CASA PERFUME 500ML PERF SENSUALIDAD,Limpeza,"-7,00","R$ 6,99",,Loja,Casa,"-R$ 48,93",34025000,UN
"R$ 35.167.575,97",M2147-1,LIMPA CERAMICAS AZULIM,Limpeza,"1,00","R$ 7,30",,Loja,AZULIM,"R$ 7,30",34029039,UN
"R$ 35.167.575,97",M2311-1,LIMPA VIDRO AZULIM 500ML,Limpeza,"12,00","R$ 4,00",,Loja,AZULIM,"R$ 48,00",34029039,UN
"R$ 35.167.575,97",7897534800960,LIMPA VIDROS COM ALCOOL 500ML,Limpeza,"-3,00","R$ 3,99",,Loja,AZULIM,"-R$ 11,97",34029039,UN
"R$ 35.167.575,97",M291-1,LIMPADOR CIF 200ML CREMOSO BRANCO,Limpeza,"0,00","R$ 10,50",,Loja,CIF,"R$ 0,00",34054000,UN
"R$ 35.167.575,97",M1402-1,LIMPADOR COALA 120ML ALGODÃO,Limpeza,"-11,00","R$ 16,90",,Loja,COALA,"-R$ 185,90",34029029,UN
"R$ 35.167.575,97",7897744503828,LIMPADOR COALA 120ML CEREJA E AVELÃ,Limpeza,"-1,00","R$ 15,90",,Loja,COALA,"-R$ 15,90",34029029,UN
"R$ 35.167.575,97",M268-1,LIMPADOR COALA 120ML CHA BRANCO,Limpeza,"-12,00","R$ 16,90",,Loja,COALA,"-R$ 202,80",34029029,UN
"R$ 35.167.575,97",M1696-1,LIMPADOR COALA 120ML CRAVO E CANELA,Limpeza,"-12,00","R$ 15,90",,Loja,COALA,"-R$ 190,80",34029029,UN
"R$ 35.167.575,97",M267-1,LIMPADOR COALA 120ML GLOBULOS,Limpeza,"-6,00","R$ 16,90",,Loja,COALA,"-R$ 101,40",34029029,UN
"R$ 35.167.575,97",M1329-1,LIMPADOR COALA 120ML LAVANDA,Limpeza,"-6,00","R$ 15,90",,Loja,COALA,"-R$ 95,40",34029029,UN
"R$ 35.167.575,97",M2464-1,LIMPADOR COALA 120ML ORQUIDEA,Limpeza,"-4,00","R$ 16,50",,Loja,COALA,"-R$ 66,00",34029029,UN
"R$ 35.167.575,97",7897744502104,LIMPADOR COALA CITRONELA 120 ML,Limpeza,"-4,00","R$ 15,90",,Loja,COALA,"-R$ 63,60",34029029,UN
"R$ 35.167.575,97",M266-1,LIMPADOR INGLEZA UAU 500ML FLORES SEDUCAO,Limpeza,"0,00","R$ 7,80",,Loja,UAU,"R$ 0,00",34025000,UN
"R$ 35.167.575,97",M673-1,LIMPADOR MULTIUSO 500ML ORIGINAL,Limpeza,"-9,00","R$ 4,00",,Loja,AZULIM,"-R$ 36,00",34029039,UN
"R$ 35.167.575,97",M265-1,LIMPADOR YPE 500ML MULTIUSO AZUL CLASSICO,Limpeza,"0,00","R$ 4,50",,Loja,Ype,"R$ 0,00",34025000,UN
"R$ 35.167.575,97",M2623-1,LIMPEZA CIF 250ML CREMOSO PODER NATURAL LIMAO,Limpeza,"-5,00","R$ 13,99",,Loja,CIF,"-R$ 69,95",34054000,UN
"R$ 35.167.575,97",M981-1,LUSTRA MOVEIS LAVANDA,Limpeza,"0,00","R$ 4,80",,Loja,TRIEX,"R$ 0,00",34052000,UN
"R$ 35.167.575,97",7891035502231,LUSTRA MOVEIS POLIFLOR 200ML LAVANDA,Limpeza,"4,00","R$ 10,90",,Loja,POLETTO,"R$ 43,60",34052000,UN
"R$ 35.167.575,97",M2764-1,NAFTALINA EM BOLA 25G,Limpeza,"-3,00","R$ 3,50",,Loja,LIPEX,"-R$ 10,50",38089919,UN
"R$ 35.167.575,97",M745-1,ODORIZANTE DE AMBIENTE LAVANDA 350ML,Limpeza,"-8,00","R$ 9,30",,Loja,PURO AR,"-R$ 74,40",33074900,UN
"R$ 35.167.575,97",M1923-1,OLEO DE PEROBA KING 100ML TRADICIONAL,Limpeza,"0,00","R$ 10,99",,Loja,FONPLAST,"R$ 0,00",27101999,UN
"R$ 35.167.575,97",M2612-1,OMO 700G LAVAGEM PERFEITA,Limpeza,"-5,00","R$ 12,50",,Loja,OMO,"-R$ 62,50",34025000,UN
"R$ 35.167.575,97",M1315-1,OMO LAVANDERIA PROFISSIONAL 4KG,Limpeza,"0,00","R$ 40,00",,Loja,OMO,"R$ 0,00",34025000,UN
"R$ 35.167.575,97",7891150064928,OMO LIQUIDO LAVAGEM PERFEITA 900ML,Limpeza,"-24,00","R$ 15,20",,Loja,OMO,"-R$ 364,80",34025000,UN
"R$ 35.167.575,97",M1320-1,OMO LIQUIDO LAVANDA 900ML,Limpeza,"-3,00","R$ 15,90",,Loja,OMO,"-R$ 47,70",34025000,UN
"R$ 35.167.575,97",M1313-1,OMO LIQUIDO PURO CUIDADO 900ML,Limpeza,"-4,00","R$ 15,90",,Loja,OMO,"-R$ 63,60",34025000,UN
"R$ 35.167.575,97",M609-1,PALHA DE ACO BOMBRIL,Limpeza,"0,00","R$ 3,50",,Loja,BOMBRIL,"R$ 0,00",73231000,UN
"R$ 35.167.575,97",M277-1,PALITO DENTE GINA COM 100,Limpeza,"-8,00","R$ 1,50",,Loja,GINA,"-R$ 12,00",44219900,UN
"R$ 35.167.575,97",7896053411237,PAPEL HIGIENICO BAMBINO 12 ROLOS,Limpeza,"-14,00","R$ 19,90",,Loja,BAMBINO ,"-R$ 278,60",48181000,UN
"R$ 35.167.575,97",M910-1,PAPEL HIGIENICO FOLHA DUPLA COM 4,Limpeza,"0,00","R$ 6,99",,Loja,DELICATE,"R$ 0,00",48181000,UN
"R$ 35.167.575,97",M906-1,PAPEL MAX PURE 4 ROLOS FOLHA DUPLA,Limpeza,"0,00","R$ 7,90",,Loja,MAX,"R$ 0,00",48181000,UN
"R$ 35.167.575,97",M2325-1,PEDRA SANITARIA,Limpeza,"-24,00","R$ 2,99",,Loja,LIPEX,"-R$ 71,76",38089919,UN
"R$ 35.167.575,97",M2763-1,PEDRA SANITARIA 25G,Limpeza,"-10,00","R$ 3,50",,Loja,LIPEX,"-R$ 35,00",38089919,UN
"R$ 35.167.575,97",M2620-1,PO BRILHANTE 800G,Limpeza,"0,00","R$ 14,90",,Loja,BRILHANTE,"R$ 0,00",34025000,UN
"R$ 35.167.575,97",M927-1,REMOVEDOR 6EM1 MULTIUSO TRADICIONAL 500ML,Limpeza,"-1,00","R$ 9,90",,Loja,SUPREMA,"-R$ 9,90",34025000,UN
"R$ 35.167.575,97",M1012-1,REMOVEDOR 6EM1 MULTIUSO VERBENA 500ML,Limpeza,"-25,00","R$ 9,90",,Loja,SUPREMA,"-R$ 247,50",34011900,UN
"R$ 35.167.575,97",7896524700808,REMOVEDOR MULTIUSO FLORATA 500ML,Limpeza,"-12,00","R$ 9,90",,Loja,SUPREMA,"-R$ 118,80",34011900,UN
"R$ 35.167.575,97",7896615000541,RODO CLAMINA,Limpeza,"-12,00","R$ 11,99",,Loja,CLAMINA,"-R$ 143,88",96039000,UN
"R$ 35.167.575,97",M2468-1,RODO LAVA PISO,Limpeza,"-4,00","R$ 7,99",,Loja,CLAMINA,"-R$ 31,96",96039000,UN
"R$ 35.167.575,97",7898221760017,RODO LAVA VIDRO,Limpeza,"-5,00","R$ 11,90",,Loja,CLAMINA,"-R$ 59,50",96039000,UN
"R$ 35.167.575,97",M271-1,RODO VAI VEM NOVICA 39CM PLUS,Limpeza,"-3,00","R$ 22,90",,Loja,NOVICA,"-R$ 68,70",96039000,UN
"R$ 35.167.575,97",M746-1,SABAO DE COCO 200G,Limpeza,"-6,00","R$ 2,30",,Loja,INDAIA,"-R$ 13,80",34011900,UN
"R$ 35.167.575,97",M755-1,SABAO EM PÓ 400G,Limpeza,"0,00","R$ 12,00",,Loja,OMO,"R$ 0,00",34025000,UN
"R$ 35.167.575,97",M1324-1,SABAO EM PÓ ALA ROSAS E FLOR 800G,Limpeza,"0,00","R$ 7,99",,Loja,ALA,"R$ 0,00",34025000,UN
"R$ 35.167.575,97",M1314-1,SABAO EM PÓ SURF 5 EM 1 800G,Limpeza,"-4,00","R$ 10,50",,Loja,SURF,"-R$ 42,00",34025000,UN
"R$ 35.167.575,97",M1221-1,SABAO EM PO TIXAN 400G,Limpeza,"-16,00","R$ 8,70",,Loja,TIXAN,"-R$ 139,20",34025000,UN
"R$ 35.167.575,97",M159-1,SABAO EM PO TIXAN 800G,Limpeza,"0,00","R$ 12,90",,Loja,TIXAN,"R$ 0,00",34025000,UN
"R$ 35.167.575,97",M2785-1,SABAO PASTA DIPOL 500G,Limpeza,"12,00","R$ 8,99",,Loja,.,"R$ 107,82",34011900,UN
"R$ 35.167.575,97",M262-1,SABAO PED YPE 160G NEUTRO UNITARIO,Limpeza,"64,00","R$ 3,50",,Loja,Ype,"R$ 224,00",34011900,UN
"R$ 35.167.575,97",7908324402681,SABAO PO ASSIM 800G CX TRIPLACAO BICARBO,Limpeza,"14,00","R$ 8,90",,Loja,POEME,"R$ 124,60",34025000,UN
"R$ 35.167.575,97",M2646-1,SABAO PO OMO 800G CX,Limpeza,"-5,00","R$ 17,69",,Loja,OMO,"-R$ 88,43",34025000,UN
"R$ 35.167.575,97",M290-1,SABÃO PO SURF 800G ROSAS,Limpeza,"0,00","R$ 10,40",,Loja,SURF,"R$ 0,00",34025000,UN
"R$ 35.167.575,97",M608-1,SABAO PO TIXAN 800G PRIMAVERA VERAO,Limpeza,"-7,00","R$ 12,90",,Loja,TIXAN,"-R$ 90,30",34025000,UN
"R$ 35.167.575,97",M2476-1,SABON ALBANY GELATO MELANCIA 80G,Limpeza,"6,00","R$ 2,50",,Loja,ALBANY,"R$ 15,00",34011190,UN
"R$ 35.167.575,97",M2475-1,SABON ALBANY GELATO PISTACHE 80g,Limpeza,"6,00","R$ 2,50",,Loja,ALABANY,"R$ 15,00",34011190,UN
"R$ 35.167.575,97",M1523-1,SABONETE FRANCIS 85G INTENSO AZUL,Limpeza,"-15,00","R$ 2,50",,Loja,FRANCIS,"-R$ 37,50",34011190,UN
"R$ 35.167.575,97",M1524-1,SABONETE FRANCIS 90G CLASS MARINHO ALGAS,Limpeza,"0,00","R$ 4,19",,Loja,FRANCIS,"R$ 0,00",34011190,UN
"R$ 35.167.575,97",M2628-1,SHAPOO DOVE 190ML NUTRICAO+TRI-OLEOS,Limpeza,"-1,00","R$ 19,50",,Loja,DOVE,"-R$ 19,50",33051000,UN
"R$ 35.167.575,97",M950-1,SODA CAUSTICA INDAIA 1KG,Limpeza,"-15,00","R$ 16,90",,Loja,INDAIA,"-R$ 253,50",28151100,UN
"R$ 35.167.575,97",M2450-1,"TIRA MANCHAS CANDURA 1,5L WHITE S CLORO",Limpeza,"1,00","R$ 10,50",,Loja,CANDURA,"R$ 10,50",34025000,UN
"R$ 35.167.575,97",M261-1,TIRA MANCHAS VANISH LIQ 500ML,Limpeza,"-3,00","R$ 13,90",,Loja,VANISH,"-R$ 41,70",34025000,UN
"R$ 35.167.575,97",M2455-1,UAU PERFUMES CHA BRANCO 1L,Limpeza,"15,00","R$ 8,50",,Loja,UAU,"R$ 127,50",34025000,UN
"R$ 35.167.575,97",M2750-1,VASSOURA BASE MADEIRA SEM CABO,Limpeza,"-1,00","R$ 10,90",,Loja,.,"-R$ 10,90",96039000,UN
"R$ 35.167.575,97",7898165300201,VASSOURA CLAMAX CANTO,Limpeza,"-10,00","R$ 18,90",,Loja,CLAMINA,"-R$ 189,00",96039000,UN
"R$ 35.167.575,97",7898165300102,VASSOURA CLAMINA,Limpeza,"-18,00","R$ 14,00",,Loja,CLAMINA,"-R$ 252,00",96039000,UN
"R$ 35.167.575,97",7896423439120,2 SNIKERS,Mercearia,"-22,00","R$ 7,90",,Loja,SNICKERS,"-R$ 173,80",18063110,UN
"R$ 35.167.575,97",M774-1,ACAFRAO PURO 20G,Mercearia,"-49,00","R$ 3,30",,Loja,CANDINEW,"-R$ 161,70",09102000,UN
"R$ 35.167.575,97",7898910095307,ACENDEDOR CHURRASCO 425G,Mercearia,"-8,00","R$ 8,99",,Loja,TUPI,"-R$ 71,92",22071090,UN
"R$ 35.167.575,97",7898080640673,ACHOC PO ITALAC 400G,Mercearia,"-22,00","R$ 7,99",,Loja,Italac,"-R$ 175,78",18069000,UN
"R$ 35.167.575,97",M732-1,ACHOCOLATADO INSTANTANEO 300G,Mercearia,"-1,00","R$ 6,50",,Loja,Apti,"-R$ 6,50",18069000,UN
"R$ 35.167.575,97",7908494800157,ACHOCOLATADO MILKO 200G,Mercearia,"-8,00","R$ 2,00",,Loja,MILKO,"-R$ 16,00",19019090,UN
"R$ 35.167.575,97",7891000379585,ACHOCOLATADO PO NESCAU 200G,Mercearia,"25,00","R$ 8,50",,Loja,NESCAU,"R$ 212,50",18069000,UN
"R$ 35.167.575,97",M101-1,ACHOCOLATADO PO NESCAU 350G,Mercearia,"8,00","R$ 12,90",,Loja,NESCAU,"R$ 103,20",18069000,UN
"R$ 35.167.575,97",M2317-1,ACHOCOLATADO PO NESCAU 350G,Mercearia,"2,00","R$ 12,50",,Loja,NESCAU,"R$ 25,00",18069000,UN
"R$ 35.167.575,97",M196-1,ACHOCOLATADO PO OVOMALTINE 190G FLOCOS CROCANTE,Mercearia,"-2,00","R$ 13,50",,Loja,OVOMALTINE,"-R$ 27,00",19019090,UN
"R$ 35.167.575,97",M160-1,ACHOCOLATADO PO TODDY 370G,Mercearia,"-15,00","R$ 12,50",,Loja,TODDY,"-R$ 187,50",18069000,UN
"R$ 35.167.575,97",7896508200034,ACUCAR ALTO ALEGRE 1KG,Mercearia,"-96,00","R$ 5,99",,Loja,ALTO ALEGRE,"-R$ 575,04",17011400,UN
"R$ 35.167.575,97",M1332-1,ACUCAR CRISTAL COLOMBO 1KG,Mercearia,"-9,00","R$ 5,00",,Loja,COLOMBO,"-R$ 45,00",17019900,UN
"R$ 35.167.575,97",M1520-1,ACUCAR CRISTAL COLOMBO 2KG,Mercearia,"19,00","R$ 9,99",,Loja,COLOMBO,"R$ 189,81",17019900,UN
"R$ 35.167.575,97",M7-1,ACUCAR CRISTAL GUARANI 2KG,Mercearia,"0,00","R$ 10,30",,Loja,Guarani,"R$ 0,00",17019900,UN
"R$ 35.167.575,97",M192-1,ACUCAR DEMERARA CARAVELAS 1KG,Mercearia,"3,00","R$ 6,90",,Loja,CARAVELAS,"R$ 20,70",17011400,UN
"R$ 35.167.575,97",M164-1,AÇUCAR REFINADO 1KG,Mercearia,"-166,00","R$ 5,99",,Loja,CARAVELAS,"-R$ 994,34",17019900,UN
"R$ 35.167.575,97",M1532-1,AÇUCAR REFINADO PATEKO 1KG,Mercearia,"-22,00","R$ 5,99",,Loja,PATEKO,"-R$ 131,78",17019900,UN
"R$ 35.167.575,97",M1606-1,AÇUCAR REFINADO UNIAO 1KG,Mercearia,"-41,00","R$ 5,00",,Loja,UNIAO,"-R$ 205,00",17019900,UN
"R$ 35.167.575,97",M193-1,ADOCANTE ADOCYL 100ML,Mercearia,"9,00","R$ 4,50",,Loja,ADOCYL,"R$ 40,50",21069090,UN
"R$ 35.167.575,97",M194-1,ADOCANTE ZERO CAL 100ML,Mercearia,"-10,00","R$ 7,90",,Loja,ZERO CAL,"-R$ 79,00",21069090,UN
"R$ 35.167.575,97",M792-1,AGUA TONICA ANTARCTICA 350ML,Mercearia,"-21,00","R$ 6,00",,Loja,ANTARCTICA,"-R$ 126,00",22021000,UN
"R$ 35.167.575,97",7898917671498,ALCOOL BICARBONATO 1L,Mercearia,"-2,00","R$ 5,99",,Loja,TUPI,"-R$ 11,98",34025000,UN
"R$ 35.167.575,97",M8-1,ALCOOL LIQ FLOPS 1L,Mercearia,"0,00","R$ 10,50",,Loja,Flops,"R$ 0,00",22071090,UN
"R$ 35.167.575,97",M612-1,ALCOOL LIQUIDO TUPI 1L,Mercearia,"0,00","R$ 12,30",,Loja,TUPI,"R$ 0,00",22071090,UN
"R$ 35.167.575,97",M776-1,ALECRIM 10G,Mercearia,"-21,00","R$ 2,00",,Loja,CONDINEW,"-R$ 42,00",12119090,UN
"R$ 35.167.575,97",M779-1,ALHO EM PASTA 200G,Mercearia,"-11,00","R$ 5,70",,Loja,CONDINEW,"-R$ 62,70",07032090,UN
"R$ 35.167.575,97",M633-1,ALHO FRITO 80G,Mercearia,"-5,00","R$ 6,80",,Loja,.,"-R$ 34,00",07032090,UN
"R$ 35.167.575,97",7898953190083,ALHO TRITURADO TEMPERO 200G,Mercearia,"-35,00","R$ 5,50",,Loja,.,"-R$ 192,50",07032090,UN
"R$ 35.167.575,97",M1369-1,AMACIANTE DE CARNE 1KG,Mercearia,"0,00","R$ 18,00",,Loja,MAX,"R$ 0,00",21039029,UN
"R$ 35.167.575,97",M2609-1,AMACIANTE ROUPA COMFORT 700ML ENERGIA FLORAL,Mercearia,"0,00","R$ 15,50",,Loja,COMFORT,"R$ 0,00",38099190,UN
"R$ 35.167.575,97",M2431-1,AMACIANTE YPE 1L CONCENTADO PINK,Mercearia,"12,00","R$ 21,90",,Loja,Ype,"R$ 262,80",38099190,UN
"R$ 35.167.575,97",M2703-1,AMEIXA LA VIOLETERA SECA 100G,Mercearia,"12,00","R$ 7,80",,Loja,LA VIOLETERA,"R$ 93,60",08132010,UN
"R$ 35.167.575,97",M1432-1,AMEIXA SECA 80G,Mercearia,"-1,00","R$ 4,99",,Loja,VALE FERTIL,"-R$ 4,99",08132010,UN
"R$ 35.167.575,97",121212,AMENDOIM COM CASCA 1KG,Mercearia,"-16,00","R$ 20,00",,Loja,AMENDOIM,"-R$ 320,00",20081100,UN
"R$ 35.167.575,97",M2442-1,AMENDOIM CROCANTE TRADICIONAL 150,Mercearia,"-61,00","R$ 7,00",,Loja,CRISTAL,"-R$ 427,00",20081100,UN
"R$ 35.167.575,97",M418-1,AMENDOIM FRITO 200G,Mercearia,"-166,00","R$ 7,00",,Loja,CRISTRAL,"-R$ 1.162,00",20081100,UN
"R$ 35.167.575,97",M419-1,AMENDOIM JAPONES 200G,Mercearia,"-208,00","R$ 7,00",,Loja,CRISTAL,"-R$ 1.456,00",20081100,UN
"R$ 35.167.575,97",M421-1,AMENDOIM NOVIDADE 200G,Mercearia,"-295,00","R$ 7,00",,Loja,CRISTAL,"-R$ 2.065,00",20081100,UN
"R$ 35.167.575,97",M1413-1,AMENDOIM SABOR SALSA E CEBOLA 200G,Mercearia,"-106,00","R$ 7,00",,Loja,CRYSTAL,"-R$ 742,00",20081100,UN
"R$ 35.167.575,97",M420-1,AMENDOIM SEM PELE 200G,Mercearia,"-234,00","R$ 7,00",,Loja,CRISTAL,"-R$ 1.638,00",20081100,UN
"R$ 35.167.575,97",M1001-1,AMIDO DE MILHO MAISCERTA 200G,Mercearia,"-14,00","R$ 3,69",,Loja,NEILAR,"-R$ 51,66",11081200,UN
"R$ 35.167.575,97",7898279790431,AMORAS 80G,Mercearia,"-140,00","R$ 7,50",,Loja,FINI,"-R$ 1.050,00",17049020,UN
"R$ 35.167.575,97",7908228806011,ARANHA 80G,Mercearia,"-3,00","R$ 7,50",,Loja,FINI,"-R$ 22,50",17049020,UN
"R$ 35.167.575,97",M2662-1,ARANHA 80G,Mercearia,"-2,00","R$ 7,50",,Loja,FINI,"-R$ 15,00",17049020,UN
"R$ 35.167.575,97",M2461-1,AROMA DE BAUNILHA CEPERA 30ML,Mercearia,"8,00","R$ 9,20",,Loja,CEPERA ,"R$ 73,60",21011200,UN
"R$ 35.167.575,97",M790-1,ARROZ 1KG,Mercearia,"-64,00","R$ 6,99",,Loja,SOLITO,"-R$ 447,36",10063021,UN
"R$ 35.167.575,97",M1483-1,ARROZ ARROZAL 5KG,Mercearia,"-4,00","R$ 19,90",,Loja,ARROZAL,"-R$ 79,60",10063021,UN
"R$ 35.167.575,97",M2775-1,ARROZ BLUE VILLE 1KG,Mercearia,"-7,00","R$ 6,99",,Loja,BLUE VILLE,"-R$ 48,93",10063021,UN
"R$ 35.167.575,97",7896011906874,ARROZ BRANCO 5KG,Mercearia,"-15,00","R$ 22,50",,Loja,BLUE VILLE,"-R$ 337,50",10063021,UN
"R$ 35.167.575,97",7898910194680,ARROZ BRANCO SELECT 1KG,Mercearia,"-38,00","R$ 5,50",,Loja,SABENE,"-R$ 209,00",10063021,UN
"R$ 35.167.575,97",M1281-1,ARROZ CAMIL 1KG,Mercearia,"-45,00","R$ 6,80",,Loja,CAMIL,"-R$ 306,00",10063021,UN
"R$ 35.167.575,97",M1847-1,ARROZ CAMIL 5KG,Mercearia,"-14,00","R$ 22,00",,Loja,CAMIL,"-R$ 308,00",10063021,UN
"R$ 35.167.575,97",M782-1,ARROZ FAMIL 5KG,Mercearia,"-16,00","R$ 23,90",,Loja,FAMIL,"-R$ 382,40",10063021,UN
"R$ 35.167.575,97",M1381-1,ARROZ NAMORADO 5KG,Mercearia,"-50,00","R$ 24,90",,Loja,NAMORADO,"-R$ 1.245,00",10063021,UN
"R$ 35.167.575,97",7896086419774,ARROZ PATEKO 5KG,Mercearia,"-6,00","R$ 22,90",,Loja,PATEKO,"-R$ 137,40",10063021,UN
"R$ 35.167.575,97",M784-1,ARROZ SOLITO 5KG,Mercearia,"-13,00","R$ 24,90",,Loja,SOLITO,"-R$ 323,70",10063021,UN
"R$ 35.167.575,97",M2791-1,ASSA RAPIDO MULT 10UN,Mercearia,"0,00","R$ 13,50",,Loja,MELLO,"R$ 0,00",,UN
"R$ 35.167.575,97",M201-1,ATUM COQUEIRO 170G SOLIDO OLEO,Mercearia,"0,00","R$ 13,30",,Loja,COQUEIRO,"R$ 0,00",16041410,UN
"R$ 35.167.575,97",M939-1,ATUM RALADO AO NATURAL,Mercearia,"-12,00","R$ 9,90",,Loja,COQUEIRO,"-R$ 118,80",16041410,UN
"R$ 35.167.575,97",M1374-1,ATUM RALADO AO NATURAL,Mercearia,"-14,00","R$ 11,50",,Loja,GOMES DA COSTA,"-R$ 161,00",16041310,UN
"R$ 35.167.575,97",M940-1,ATUM RALADO EM OLEO,Mercearia,"9,00","R$ 8,90",,Loja,.,"R$ 80,10",16041410,UN
"R$ 35.167.575,97",M178-1,AVEIA APTI 150G FLOCOS REGULAR,Mercearia,"-8,00","R$ 3,60",,Loja,Apti,"-R$ 28,80",11041200,UN
"R$ 35.167.575,97",7892840815752,AVEIA INTEGRAL FLOCOS 165G,Mercearia,"0,00","R$ 6,50",,Loja,QUAKER,"R$ 0,00",11041200,UN
"R$ 35.167.575,97",M1810-1,AVEIA QUAKER 165G FLOCOS REGULAR,Mercearia,"-5,00","R$ 6,99",,Loja,QUAKER,"-R$ 34,95",11041200,UN
"R$ 35.167.575,97",5601216120152,AZEITE DE OLIVA ANDORINHA 500ML,Mercearia,"7,00","R$ 42,50",,Loja,ANDORINHA,"R$ 297,50",15092000,UN
"R$ 35.167.575,97",M775-1,AZEITE DE OLIVA EXTRA VIRGEM 500ML,Mercearia,"-1,00","R$ 42,90",,Loja,BORGES,"-R$ 42,90",15092000,UN
"R$ 35.167.575,97",M2540-1,AZEITE OLIVA ANDORINHA 250ML EX.VIRG,Mercearia,"7,00","R$ 22,00",,Loja,OLIVA,"R$ 154,00",15092000,UN
"R$ 35.167.575,97",M1885-1,AZEITE OLIVA BORGES 250ML,Mercearia,"-1,00","R$ 20,19",,Loja,BORGES,"-R$ 20,19",15092000,UN
"R$ 35.167.575,97",M219-1,AZEITE OLIVA COCINERO 500ML,Mercearia,"0,00","R$ 35,99",,Loja,COCINEIRO,"R$ 0,00",15092000,UN
"R$ 35.167.575,97",7898622811288,AZEITONA VERDE 250G,Mercearia,"-12,00","R$ 6,00",,Loja,PORTOBELLO,"-R$ 72,00",20057000,UN
"R$ 35.167.575,97",M759-1,AZEITONA VERDE COM CAROÇO 240G,Mercearia,"-14,00","R$ 7,50",,Loja,VALE FERTIL,"-R$ 105,00",20057000,UN
"R$ 35.167.575,97",7898622811295,AZEITONA VERDE FATIADA 100G,Mercearia,"0,00","R$ 7,00",,Loja,PORTOBELLO,"R$ 0,00",,UN
"R$ 35.167.575,97",M913-1,AZEITONA VERDE SEM CAROÇO 240G,Mercearia,"18,00","R$ 7,90",,Loja,VALE FERTIL,"R$ 142,20",20057000,UN
"R$ 35.167.575,97",M177-1,AZEITONA VERDE VALE FERTIL 120G FATIADO,Mercearia,"3,00","R$ 7,90",,Loja,VALE FERTIL,"R$ 23,70",20057000,UN
"R$ 35.167.575,97",M1052-1,BACONZITOS 34G,Mercearia,"-17,00","R$ 4,99",,Loja,PEPSICO,"-R$ 84,83",19059090,UN
"R$ 35.167.575,97",7892840822774,BACONZITOS 86G,Mercearia,"-27,00","R$ 10,90",,Loja,STELLA,"-R$ 294,30",19059090,UN
"R$ 35.167.575,97",M2019-1,BALA ERLAN MASTIG 500G PATATI PATATA,Mercearia,"3,00","R$ 8,99",,Loja,.,"R$ 26,96",17049020,UN
"R$ 35.167.575,97",M1529-1,BALA ERLAN MASTIGAVEL 500G SORTIDA,Mercearia,"0,00","R$ 0,20",,Loja,ERLAN,"R$ 0,00",17049020,UN
"R$ 35.167.575,97",M2635-1,BALA LUA CHEIA DORI,Mercearia,"-9,00","R$ 0,50",,Loja,LUA CHEIA,"-R$ 4,50",17049020,UN
"R$ 35.167.575,97",7896262304351,BALA MENTOS STICK 37,Mercearia,"-19,00","R$ 2,90",,Loja,MENTOS,"-R$ 55,10",17049020,UN
"R$ 35.167.575,97",7898279790394,BANANAS 80G,Mercearia,"-72,00","R$ 7,50",,Loja,FINI,"-R$ 540,00",17049020,UN
"R$ 35.167.575,97",M2676-1,BAND- AID 40UN,Mercearia,"3,00","R$ 19,90",,Loja,BAND AID,"R$ 59,70",30051090,UN
"R$ 35.167.575,97",M146-1,BARALHO COPAG 139,Mercearia,"12,00","R$ 17,99",,Loja,COPAG,"R$ 215,82",95044000,UN
"R$ 35.167.575,97",M856-1,BARBECUE TRADICIONAL 200G,Mercearia,"-11,00","R$ 6,90",,Loja,CONDINEW,"-R$ 75,90",21039091,UN
"R$ 35.167.575,97",M702-1,BATATA 104G ORIGINAL,Mercearia,"-25,00","R$ 12,90",,Loja,PRINGLES,"-R$ 322,50",19059090,UN
"R$ 35.167.575,97",M1626-1,BATATA C/ CURCUMA 9MM EASYCHEF 2KG,Mercearia,"-1,00","R$ 29,99",,Loja, EASYCHEF,"-R$ 29,99",20041000,UN
"R$ 35.167.575,97",M426-1,BATATA CHIPS 80G,Mercearia,"-263,00","R$ 4,80",,Loja,CRISTAL,"-R$ 1.262,40",20081100,UN
"R$ 35.167.575,97",M422-1,BATATA PALHA 100G,Mercearia,"-2,00","R$ 7,50",,Loja,CRISTAL,"-R$ 15,00",20081100,UN
"R$ 35.167.575,97",M1185-1,BATATA PALHA 101G,Mercearia,"-108,00","R$ 7,50",,Loja,PRATIC LEVE,"-R$ 810,00",20081100,UN
"R$ 35.167.575,97",M423-1,BATATA PALHA 500G,Mercearia,"-2,00","R$ 12,00",,Loja,CRISTAL,"-R$ 24,00",20081100,UN
"R$ 35.167.575,97",7898937864948,BATATA PALHA KISABOR 100G,Mercearia,"-2,00","R$ 6,70",,Loja,KISABOR,"-R$ 13,40",20052000,UN
"R$ 35.167.575,97",M1660-1,BATATA PALHA LEVE + 500G,Mercearia,"-18,00","R$ 12,00",,Loja,leve+,"-R$ 216,00",20081100,UN
"R$ 35.167.575,97",LEVEMAIS,BATATA PALHA LEVE MAIS 500G,Mercearia,"-57,00","R$ 12,00",,Loja,LEVE MAIS,"-R$ 684,00",20081100,UN
"R$ 35.167.575,97",M1328-1,BATATA PALHA PINGOOL 100G,Mercearia,"-66,00","R$ 7,90",,Loja,PINGOOL,"-R$ 521,40",20081100,UN
"R$ 35.167.575,97",7896004006239,BATATA PRINGLES 109G CREME E CEBOLA,Mercearia,"-21,00","R$ 13,50",,Loja,PRINGLES,"-R$ 283,50",19059090,UN
"R$ 35.167.575,97",M2544-1,BISC.MABEL 300G LEITE,Mercearia,"7,00","R$ 5,50",,Loja,MABEL,"R$ 38,50",19053100,UN
"R$ 35.167.575,97",M1811-1,BISC.PASSATEMPO RECH 130G CHOCOLATE,Mercearia,"-36,00","R$ 2,99",,Loja,PASSATEMPO,"-R$ 107,64",19053100,UN
"R$ 35.167.575,97",M1725-1,BISCOITO BAMBOLE 400G,Mercearia,"-9,00","R$ 13,50",,Loja,MESA MINEIRA,"-R$ 121,50",19053100,UN
"R$ 35.167.575,97",M237-1,BISCOITO BAUDUCCO WAFER 140G CHOCOLATE,Mercearia,"-1,00","R$ 4,90",,Loja,WAFER,"-R$ 4,90",19053200,UN
"R$ 35.167.575,97",M238-1,BISCOITO BAUDUCCO WAFER 140G MORANGO,Mercearia,"-9,00","R$ 4,90",,Loja,WAFER,"-R$ 44,10",19053200,UN
"R$ 35.167.575,97",M235-1,BISCOITO CLUB SOCIAL ORIGINAL,Mercearia,"3,00","R$ 6,90",,Loja,CLUB SOCIAL,"R$ 20,70",19059020,UN
"R$ 35.167.575,97",7898176550312,BISCOITO FOFINHO CHOCOLATE 110G,Mercearia,"-31,00","R$ 1,90",,Loja,FOFINHO ,"-R$ 58,90",19053100,UN
"R$ 35.167.575,97",7898176550367,BISCOITO FOFINHO MORANGO 110G,Mercearia,"14,00","R$ 1,90",,Loja,FOFINHO ,"R$ 26,60",19053100,UN
"R$ 35.167.575,97",835281000599,BISCOITO ITAMARATY LOOK 55G,Mercearia,"0,00","R$ 3,50",,Loja,ITAMARATY,"R$ 0,00",19053200,UN
"R$ 35.167.575,97",M1612-1,BISCOITO ITAMARATY LOOK 55G,Mercearia,"-1,00","R$ 3,50",,Loja,ITAMARATY,"-R$ 3,50",19053200,UN
"R$ 35.167.575,97",M1855-1,BISCOITO ITAMARATY LOOK 55G CHOCOLATE,Mercearia,"-22,00","R$ 3,59",,Loja,ITAMARATY,"-R$ 78,87",19053200,UN
"R$ 35.167.575,97",M2733-1,BISCOITO LOOK 55G FLORESTA NEGRA,Mercearia,"8,00","R$ 3,90",,Loja,LOOK ,"R$ 31,20",19053200,UN
"R$ 35.167.575,97",M233-1,BISCOITO MABEL ROSQUINHA 300G COCO,Mercearia,"-13,00","R$ 4,90",,Loja,MABEL,"-R$ 63,70",19053100,UN
"R$ 35.167.575,97",M234-1,BISCOITO MABEL ROSQUINHA 300G LEITE,Mercearia,"-46,00","R$ 4,90",,Loja,MABEL,"-R$ 225,40",19053100,UN
"R$ 35.167.575,97",M284-1,BISCOITO MARILAN AGUA E SAL 350G,Mercearia,"-21,00","R$ 6,90",,Loja,Marilan,"-R$ 144,90",19053100,UN
"R$ 35.167.575,97",7896003740240,BISCOITO MARILAN LEITE 350G,Mercearia,"6,00","R$ 7,50",,Loja,Marilan,"R$ 45,00",19053100,UN
"R$ 35.167.575,97",7896003740226,BISCOITO MARILAN MAIZENA 350G,Mercearia,"-27,00","R$ 6,80",,Loja,Marilan,"-R$ 183,60",19053100,UN
"R$ 35.167.575,97",7891000376768,BISCOITO NEGRESCO 90G BAUNILHA,Mercearia,"12,00","R$ 2,70",,Loja,NEGRESCO,"R$ 32,40",19053100,UN
"R$ 35.167.575,97",M2394-1,BISCOITO NIKITO MORANGO 120G,Mercearia,"-6,00","R$ 2,90",,Loja,NIKITO,"-R$ 17,40",19053100,UN
"R$ 35.167.575,97",M33-1,BISCOITO NIKITO RECHEADO120G CHOCOLATE,Mercearia,"-27,00","R$ 3,00",,Loja,NIKITO,"-R$ 81,00",19053100,UN
"R$ 35.167.575,97",M145-1,BISCOITO OREO RECH 90G ORIGINAL BAUNILHA,Mercearia,"7,00","R$ 4,50",,Loja,OREO,"R$ 31,50",19053100,UN
"R$ 35.167.575,97",M425-1,BISCOITO POVILHO 200G,Mercearia,"0,00","R$ 7,50",,Loja,CAMILA,"R$ 0,00",20081100,UN
"R$ 35.167.575,97",M424-1,BISCOITO POVILHO 80G,Mercearia,"-91,00","R$ 4,00",,Loja,CAMILA,"-R$ 364,00",20081100,UN
"R$ 35.167.575,97",M236-1,BISCOITO TRAKINAS 126G CHOCOLATE,Mercearia,"18,00","R$ 3,50",,Loja,TRAKINAS,"R$ 63,00",19053100,UN
"R$ 35.167.575,97",M2393-1,BISCOITO TRAKINAS MORANGO 126G,Mercearia,"1,00","R$ 3,60",,Loja,TRAKINAS,"R$ 3,60",19053100,UN
"R$ 35.167.575,97",M118-1,BISCOITO TUCS DIN CRACKERS 100G,Mercearia,"0,00","R$ 2,00",,Loja,TUCS,"R$ 0,00",19053100,UN
"R$ 35.167.575,97",M119-1,BISCOITO TUCS DIN CRACKERS 100G,Mercearia,"22,00","R$ 2,00",,Loja,TUCS,"R$ 44,00",19053100,UN
"R$ 35.167.575,97",7896061302862,BISCOITO TUCS DIN CRACKERS 320G,Mercearia,"0,00","R$ 7,50",,Loja,TUCS,"R$ 0,00",19053100,UN
"R$ 35.167.575,97",M1441-1,BOLO CASEIRO CLASSIC BOLOS 500G,Mercearia,"-60,00","R$ 29,99",,Loja,CLASSIC BOLOS,"-R$ 1.799,40",19059090,UN
"R$ 35.167.575,97",M2163-1,BOMBOM BRIGOLE,Mercearia,"-1,00","R$ 8,50",,Loja,JUNDIA,"-R$ 8,50",21050010,UN
"R$ 35.167.575,97",M2716-1,BOMBOM BRIGOLE,Mercearia,"1,00","R$ 9,75",,Loja,JUNDIA,"R$ 9,75",21050010,UN
"R$ 35.167.575,97",7891000457092,BOMBOM GAROTO 220G SORTIDOS,Mercearia,"5,00","R$ 17,90",,Loja,GAROTO,"R$ 89,50",18069000,UN
"R$ 35.167.575,97",M30-1,BOMBOM GAROTO 250G GAROTICES SORTIDOS,Mercearia,"-7,00","R$ 18,90",,Loja,GAROTO,"-R$ 132,30",18069000,UN
"R$ 35.167.575,97",M116-1,"BOMBOM LACTA  250,6G FAVORITOS",Mercearia,"-7,00","R$ 20,90",,Loja,LACTA,"-R$ 146,30",18069000,UN
"R$ 35.167.575,97",7891000457467,BOMBOM NESTLE 220G ESPECIALIDADES,Mercearia,"6,00","R$ 17,90",,Loja,NESTLE,"R$ 107,40",18069000,UN
"R$ 35.167.575,97",M1741-1,BOMBOM NESTLE 251G,Mercearia,"-21,00","R$ 18,90",,Loja,NESTLE,"-R$ 396,90",18069000,UN
"R$ 35.167.575,97",7891000325131,BOMBOM NESTLE 251G ESPECIALIDADES,Mercearia,"-2,00","R$ 19,90",,Loja,NESTLE,"-R$ 39,80",18069000,UN
"R$ 35.167.575,97",7891194000333,CADEADO PAPAIZ FLOW SM PACK CR30,Mercearia,"8,00","R$ 26,50",,Loja,NITRIX,"R$ 212,00",83011000,UN
"R$ 35.167.575,97",M729-1,CAFE 250G EXTRAFORTE,Mercearia,"-66,00","R$ 18,00",,Loja,CAIÇARA,"-R$ 1.188,00",09012100,UN
"R$ 35.167.575,97",M727-1,CAFE 250G TRADICIONAL,Mercearia,"-37,00","R$ 18,00",,Loja,CAIÇARA,"-R$ 666,00",09012100,UN
"R$ 35.167.575,97",M722-1,CAFE 500G EXTRAFORTE,Mercearia,"-80,00","R$ 36,90",,Loja,CAIÇARA,"-R$ 2.952,00",09012100,UN
"R$ 35.167.575,97",M723-1,CAFE 500G TRADICIONAL,Mercearia,"-52,00","R$ 36,90",,Loja,CAIÇARA,"-R$ 1.918,80",09012100,UN
"R$ 35.167.575,97",M187-1,CAFE BRASILEIRO 250G TRADICIONAL,Mercearia,"-6,00","R$ 19,90",,Loja,BRASILEIRO,"-R$ 119,40",09012100,UN
"R$ 35.167.575,97",M186-1,CAFE BRASILEIRO 500G TRADICIONAL,Mercearia,"-3,00","R$ 39,50",,Loja,BRASILEIRO,"-R$ 118,50",09012100,UN
"R$ 35.167.575,97",M176-1,CAFE CABOCLO 500G TRADICIONAL,Mercearia,"-4,00","R$ 38,50",,Loja,CABOCLO,"-R$ 154,00",09012100,UN
"R$ 35.167.575,97",M2653-1,CAFE CAICARA TOR.E MOI.TRAD.ALM 500G/10,Mercearia,"1,00","R$ 35,90",,Loja,.,"R$ 35,90",09012100,UN
"R$ 35.167.575,97",7896089088656,CAFE PILAO 40G SOLUVEL,Mercearia,"9,00","R$ 5,90",,Loja,PILAO,"R$ 53,10",21011110,UN
"R$ 35.167.575,97",M1615-1,CAFE PILAO EXTRAFORTE 500G,Mercearia,"-59,00","R$ 32,90",,Loja,PILAO,"-R$ 1.941,10",09012100,UN
"R$ 35.167.575,97",M1535-1,CAFE PILAO TRADICIONAL 500G,Mercearia,"-356,00","R$ 29,90",,Loja,PILAO,"-R$ 10.644,40",09012100,UN
"R$ 35.167.575,97",M737-1,CAFE SOLUVEL TRADICIONAL 40G,Mercearia,"0,00","R$ 7,50",,Loja,MELITTA,"R$ 0,00",21011110,UN
"R$ 35.167.575,97",M1545-1,CAFE UNIAO 500G EXTRAFORTE,Mercearia,"-5,00","R$ 33,00",,Loja,UNIAO,"-R$ 165,00",09012100,UN
"R$ 35.167.575,97",M19-1,CALDO APTI 57G CARNE,Mercearia,"10,00","R$ 2,00",,Loja,Apti,"R$ 20,00",21041011,UN
"R$ 35.167.575,97",M24-1,CALDO APTI 57G GALINHA,Mercearia,"-1,00","R$ 2,00",,Loja,Apti,"-R$ 2,00",21041011,UN
"R$ 35.167.575,97",M1180-1,CALDO DE BACON 57G,Mercearia,"-3,00","R$ 2,00",,Loja,Apti,"-R$ 6,00",21041011,UN
"R$ 35.167.575,97",M1179-1,CALDO DE COSTELA 57G,Mercearia,"12,00","R$ 2,00",,Loja,Apti,"R$ 24,00",21041011,UN
"R$ 35.167.575,97",M1181-1,CALDO DE LEGUMES 57G,Mercearia,"-1,00","R$ 2,00",,Loja,Apti,"-R$ 2,00",21041011,UN
"R$ 35.167.575,97",M288-1,CALDO KNORR 57G CARNE,Mercearia,"-38,00","R$ 2,60",,Loja,KNORR,"-R$ 98,80",21041011,UN
"R$ 35.167.575,97",M289-1,CALDO KNORR 57G GALINHA,Mercearia,"-25,00","R$ 2,60",,Loja,KNORR,"-R$ 65,00",21041011,UN
"R$ 35.167.575,97",M215-1,CALDO MAGGI 57G CARNE,Mercearia,"0,00","R$ 2,60",,Loja,MAGGI,"R$ 0,00",21041011,UN
"R$ 35.167.575,97",M216-1,CALDO MAGGI 57G GALINHA,Mercearia,"-1,00","R$ 2,60",,Loja,MAGGI,"-R$ 2,60",21041011,UN
"R$ 35.167.575,97",M100-1,CANELA DE CASCA 16G,Mercearia,"0,00","R$ 4,30",,Loja,CONDINEW,"R$ 0,00",09062000,UN
"R$ 35.167.575,97",M2452-1,CANETA BIC CRISTAL AZUL,Mercearia,"50,00","R$ 2,00",,Loja,BIC,"R$ 100,00",96081000,UN
"R$ 35.167.575,97",M25-1,CANJICA AMAFIL 500G BRANCA,Mercearia,"-26,00","R$ 4,20",,Loja,AMAFIL,"-R$ 109,20",11042300,UN
"R$ 35.167.575,97",M1634-1,CANUDO DOCE DE LEITE,Mercearia,"-32,00","R$ 3,50",,Loja,LAGO SILVEIRA,"-R$ 112,00",20081100,UN
"R$ 35.167.575,97",M2316-1,CAPPUCCINO MELITTA 200G TRADICIONAL,Mercearia,"2,00","R$ 18,99",,Loja,MELITTA,"R$ 37,98",21011200,UN
"R$ 35.167.575,97",7891010015268,CAREFREE,Mercearia,"-1,00","R$ 10,50",,Loja,CAREFREE,"-R$ 10,50",96190000,UN
"R$ 35.167.575,97",M2429-1,CARGA GILLET MACH3,Mercearia,"1,00","R$ 24,00",,Loja,GILLETTE,"R$ 24,00",82121020,UN
"R$ 35.167.575,97",M174-1,CATCHUP HEINZ 260G TRADICIONAL,Mercearia,"-12,00","R$ 11,50",,Loja,HEINZ,"-R$ 138,00",21032010,UN
"R$ 35.167.575,97",M2617-1,CATCHUP HELLMANNS 380G,Mercearia,"-9,00","R$ 13,50",,Loja,HELLMANS ,"-R$ 121,50",21032010,UN
"R$ 35.167.575,97",M175-1,CATCHUP QUERO 400G TRADICIONAL,Mercearia,"8,00","R$ 8,20",,Loja,QUERO,"R$ 65,60",21032010,UN
"R$ 35.167.575,97",M411-1,CAVEIRA RECHEADA 80G,Mercearia,"-2,00","R$ 7,50",,Loja,FINI,"-R$ 15,00",17049020,UN
"R$ 35.167.575,97",M1977-1,CEBOLITOS 35G,Mercearia,"-11,00","R$ 5,99",,Loja,RUFLLES,"-R$ 65,89",19041000,UN
"R$ 35.167.575,97",M1051-1,CEBOLITOS 36G,Mercearia,"-1,00","R$ 4,99",,Loja,PEPSICO,"-R$ 4,99",19041000,UN
"R$ 35.167.575,97",M1035-1,CEBOLITOS 91G,Mercearia,"-1,00","R$ 10,50",,Loja,PEPSICO,"-R$ 10,50",19041000,UN
"R$ 35.167.575,97",M1976-1,CEBOLITOS 91G,Mercearia,"-40,00","R$ 11,99",,Loja,ruffles,"-R$ 479,60",19041000,UN
"R$ 35.167.575,97",M197-1,CEREAL MATINAL NESCAU 120G,Mercearia,"-5,00","R$ 6,70",,Loja,NESCAU,"-R$ 33,50",19041000,UN
"R$ 35.167.575,97",M198-1,CEREAL MATINAL SUCRILHOS 110G,Mercearia,"-7,00","R$ 7,60",,Loja,SUCRILHOS,"-R$ 53,20",19041000,UN
"R$ 35.167.575,97",M2793-1,CEREAL MATINAL SUCRILHOS 240G,Mercearia,"12,00","R$ 10,50",,Loja,SUCRILOS ,"R$ 126,00",19041000,UN
"R$ 35.167.575,97",M2786-1,CHA LEAO 10G SAQ HORTELA,Mercearia,"7,00","R$ 5,90",,Loja,LEAO ,"R$ 41,30",12119090,UN
"R$ 35.167.575,97",M1031-1,CHA LEÃO CAMOMILA 10G,Mercearia,"3,00","R$ 3,80",,Loja,MATE LEÃO,"R$ 11,40",09096210,UN
"R$ 35.167.575,97",M1184-1,CHA LEAO CAPIM-CIDREIRA 20G,Mercearia,"2,00","R$ 3,99",,Loja,CHA LEAO,"R$ 7,98",21012020,UN
"R$ 35.167.575,97",M1030-1,CHÃ LEÃO ERVA-DOCE 16G,Mercearia,"-3,00","R$ 3,80",,Loja,MATE LEÃO,"-R$ 11,40",09096210,UN
"R$ 35.167.575,97",M2771-1,CHA LEAO MATTE 250G GRANEL NATURAL,Mercearia,"13,00","R$ 8,90",,Loja,MATTE LEAO,"R$ 115,70",09030090,UN
"R$ 35.167.575,97",M240-1,CHA LEAO MATTE 40G SAQUINHO NATURAL,Mercearia,"5,00","R$ 9,20",,Loja,LEAO ,"R$ 46,00",09030090,UN
"R$ 35.167.575,97",M757-1,CHA MATE ORIGINAL 100G,Mercearia,"-4,00","R$ 7,50",,Loja,MATTE LEAO,"-R$ 30,00",21012020,UN
"R$ 35.167.575,97",M1546-1,CHALISE 750ML VINHO SUAVE,Mercearia,"0,00","R$ 14,99",,Loja,CHELISE,"R$ 0,00",22042100,UN
"R$ 35.167.575,97",M915-1,CHAMPIGNON INTEIRO EM CONSERVAS 130G,Mercearia,"-62,00","R$ 5,90",,Loja,TOZZI,"-R$ 365,80",20031000,UN
"R$ 35.167.575,97",7898909755915,CHAMPIGNON INTEIRO EM CONSERVAS 130G,Mercearia,"0,00","R$ 5,90",,Loja,TOZZI,"R$ 0,00",20031000,UN
"R$ 35.167.575,97",M1982-1,CHEETOS LUA 34G,Mercearia,"-29,00","R$ 4,99",,Loja,ruffles,"-R$ 144,71",19041000,UN
"R$ 35.167.575,97",M1979-1,CHEETOS LUA 80G,Mercearia,"-33,00","R$ 11,99",,Loja,ruffles,"-R$ 395,67",19041000,UN
"R$ 35.167.575,97",M1043-1,CHEETOS LUA 95G,Mercearia,"0,00","R$ 10,50",,Loja,PEPSICO,"R$ 0,00",19041000,UN
"R$ 35.167.575,97",M1053-1,CHEETOS LUA PARMESAO 40G,Mercearia,"0,00","R$ 4,99",,Loja,PEPSICO,"R$ 0,00",19041000,UN
"R$ 35.167.575,97",M1978-1,CHEETOS MIX 70G,Mercearia,"-26,00","R$ 11,99",,Loja,RUFLLES,"-R$ 311,74",19041000,UN
"R$ 35.167.575,97",M1044-1,CHEETOS MIX 82G,Mercearia,"0,00","R$ 10,50",,Loja,PEPSICO,"R$ 0,00",19041000,UN
"R$ 35.167.575,97",M1042-1,CHEETOS ONDA REQ 105G,Mercearia,"0,00","R$ 10,50",,Loja,PEPSICO,"R$ 0,00",19041000,UN
"R$ 35.167.575,97",M1980-1,CHEETOS ONDA REQ 90G,Mercearia,"-36,00","R$ 11,99",,Loja,ruffles,"-R$ 431,64",19041000,UN
"R$ 35.167.575,97",M1981-1,CHEETOS ONDA REQUEIJAO 39G,Mercearia,"-26,00","R$ 4,99",,Loja,ruffles,"-R$ 129,74",19041000,UN
"R$ 35.167.575,97",M1054-1,CHEETOS ONDA REQUEIJAO 45G,Mercearia,"0,00","R$ 4,99",,Loja,PEPSICO,"R$ 0,00",19041000,UN
"R$ 35.167.575,97",M2663-1,CHICLE SALADA FRUTAS 14G,Mercearia,"2,00","R$ 2,25",,Loja,FINI,"R$ 4,50",17041000,UN
"R$ 35.167.575,97",M956-1,CHICLE TRIDENT CANELA,Mercearia,"-12,00","R$ 2,50",,Loja,TRIDENT,"-R$ 30,00",21069050,UN
"R$ 35.167.575,97",M955-1,CHICLE TRIDENT HORTELA,Mercearia,"32,00","R$ 2,50",,Loja,TRIDENT,"R$ 80,00",21069050,UN
"R$ 35.167.575,97",M953-1,CHICLE TRIDENT MELANCIA,Mercearia,"18,00","R$ 2,50",,Loja,TRIDENT,"R$ 45,00",21069050,UN
"R$ 35.167.575,97",M954-1,CHICLE TRIDENT MENTA,Mercearia,"29,00","R$ 2,50",,Loja,TRIDENT,"R$ 72,50",21069050,UN
"R$ 35.167.575,97",M1621-1,CHICLE TRIDENT MORANGO,Mercearia,"-8,00","R$ 2,50",,Loja,TRIDENT,"-R$ 20,00",21069050,UN
"R$ 35.167.575,97",M2199-1,CHICLE TRIDENT TUTTI-FRUTTI,Mercearia,"26,00","R$ 2,80",,Loja,TRIDENT,"R$ 72,80",21069050,UN
"R$ 35.167.575,97",M1368-1,CHIMICHURRI 500G,Mercearia,"0,00","R$ 30,00",,Loja,MAX,"R$ 0,00",21039029,UN
"R$ 35.167.575,97",M1786-1,CHOC BIS LACTA 100G CHOCOLATE,Mercearia,"25,00","R$ 23,93",,Loja,BIS,"R$ 598,13",19053200,UN
"R$ 35.167.575,97",M14-1,CHOC M&MS 30G MINIS CHOC LEITE TUBO,Mercearia,"0,00","R$ 4,90",,Loja,M&M,"R$ 0,00",18069000,UN
"R$ 35.167.575,97",M948-1,CHOC OLATE NESTLE  80G CLASSIC,Mercearia,"0,00","R$ 9,50",,Loja,NESTLE,"R$ 0,00",18063210,UN
"R$ 35.167.575,97",52428525,CHOCOBAR 70G,Mercearia,"0,00","R$ 8,50",,Loja,JUNDIA,"R$ 0,00",21050010,UN
"R$ 35.167.575,97",M2407-1,CHOCOLATE AMARGO 73 CACAU,Mercearia,"-3,00","R$ 17,30",,Loja,HERSHEYS,"-R$ 51,90",19053200,UN
"R$ 35.167.575,97",M2200-1,CHOCOLATE BATON 16G AO LEITE,Mercearia,"104,00","R$ 2,04",,Loja,BATON,"R$ 212,16",18063210,UN
"R$ 35.167.575,97",M162-1,CHOCOLATE BIS LACTA 100G AO LEITE,Mercearia,"-66,00","R$ 8,40",,Loja,LACTA,"-R$ 554,40",19053200,UN
"R$ 35.167.575,97",M161-1,CHOCOLATE BIS LACTA 100G BRANCO,Mercearia,"-80,00","R$ 8,40",,Loja,LACTA,"-R$ 672,00",19053200,UN
"R$ 35.167.575,97",M227-1,CHOCOLATE GRANULADO DORI 120G,Mercearia,"25,00","R$ 4,90",,Loja,DORI,"R$ 122,50",18069000,UN
"R$ 35.167.575,97",M1533-1,CHOCOLATE HERSHEYS 82G AO LEITE,Mercearia,"11,00","R$ 9,90",,Loja,HERSHEYS,"R$ 108,90",18063210,UN
"R$ 35.167.575,97",7899970402807,CHOCOLATE HERSHEYS 82G BRANCO,Mercearia,"14,00","R$ 9,90",,Loja,HERSHEYS,"R$ 138,60",18063210,UN
"R$ 35.167.575,97",M951-1,CHOCOLATE HERSHEYS 82G MEIO AMARGO 40% CACAU,Mercearia,"0,00","R$ 9,90",,Loja,HERSHEYS,"R$ 0,00",18063210,UN
"R$ 35.167.575,97",7899970402883,CHOCOLATE HERSHEYS TAB 75G AMENDOIM,Mercearia,"4,00","R$ 9,90",,Loja,HERSHEYS,"R$ 39,60",18063210,UN
"R$ 35.167.575,97",7899970402876,CHOCOLATE HERSHEYS TAB 77G OVOMALTINE,Mercearia,"0,00","R$ 9,90",,Loja,HERSHEYS,"R$ 0,00",18063210,UN
"R$ 35.167.575,97",M2423-1,CHOCOLATE IOIO MIX,Mercearia,"0,00","R$ 4,50",,Loja,CALDO ,"R$ 0,00",18069000,UN
"R$ 35.167.575,97",M2762-1,CHOCOLATE KITKAT,Mercearia,"-7,00","R$ 4,60",,Loja,KITKAT,"-R$ 32,20",19053200,UN
"R$ 35.167.575,97",M674-1,CHOCOLATE KITKAT,Mercearia,"-7,00","R$ 4,60",,Loja,NESTLE,"-R$ 32,20",19053200,UN
"R$ 35.167.575,97",M1563-1,CHOCOLATE KITKAT LEVE + PAGUE MENOS,Mercearia,"16,00","R$ 16,99",,Loja,KITKAT,"R$ 271,84",19053200,UN
"R$ 35.167.575,97",7891000368572,CHOCOLATE NESTLE 80G MEIO AMARGO 40%,Mercearia,"5,00","R$ 10,50",,Loja,NESTLE,"R$ 52,50",18063210,UN
"R$ 35.167.575,97",M2508-1,CHOCOLATE NESTLE KITKAT,Mercearia,"-14,00","R$ 3,99",,Loja,NESTLE,"-R$ 55,86",19053200,UN
"R$ 35.167.575,97",M2319-1,CHOCOLATE NESTLE SUFLAIR 80G AO LEITE,Mercearia,"13,00","R$ 10,90",,Loja,NESTLE,"R$ 141,70",18063110,UN
"R$ 35.167.575,97",M2320-1,CHOCOLATE NESTLE TAB 80G AO LEITE,Mercearia,"10,00","R$ 10,90",,Loja,NESTLE,"R$ 109,00",18063210,UN
"R$ 35.167.575,97",M2321-1,CHOCOLATE NESTLE TAB 80G GALAK,Mercearia,"1,00","R$ 10,64",,Loja,NESTLE,"R$ 10,64",17049010,UN
"R$ 35.167.575,97",M733-1,CHOCOLATE TRADICIONAL 200G,Mercearia,"-6,00","R$ 12,00",,Loja,Apti,"-R$ 72,00",84382090,UN
"R$ 35.167.575,97",M2278-1,CHOCOLATE TRENTO 29G CARAMELO,Mercearia,"-11,00","R$ 3,50",,Loja,TRENTO,"-R$ 38,50",19053200,UN
"R$ 35.167.575,97",7896306625275,CHOCOLATE TRENTO 29G DARK,Mercearia,"12,00","R$ 3,50",,Loja,TRENTO,"R$ 42,00",19053200,UN
"R$ 35.167.575,97",M2507-1,CHOCOLATE TRENTO 29G MILK,Mercearia,"5,00","R$ 2,90",,Loja,TRENTO,"R$ 14,50",19053200,UN
"R$ 35.167.575,97",7896306625336,CHOCOLATE TRENTO 29G MORANGO,Mercearia,"4,00","R$ 3,50",,Loja,TRENTO,"R$ 14,00",19053200,UN
"R$ 35.167.575,97",M2275-1,CHOCOLATE TRENTO 29G PISTACHE,Mercearia,"-4,00","R$ 3,50",,Loja,TRENTO,"-R$ 14,00",19053200,UN
"R$ 35.167.575,97",M2427-1,CHOCOLATE TRENTO 29G PISTACHE,Mercearia,"0,00","R$ 2,90",,Loja,TRENTO,"R$ 0,00",19053200,UN
"R$ 35.167.575,97",M2428-1,CHOCOLATE TRENTO 29G PISTACHE,Mercearia,"16,00","R$ 2,90",,Loja,TRENTO,"R$ 46,40",19053200,UN
"R$ 35.167.575,97",M2796-1,CHOCOLATE TRENTO BRANCO DARK,Mercearia,"15,00","R$ 2,50",,Loja,TRENTO,"R$ 37,50",19053200,UN
"R$ 35.167.575,97",M417-1,CHOCOLATE TWIX 15G,Mercearia,"4,00","R$ 1,59",,Loja,TWIX,"R$ 6,36",19053100,UN
"R$ 35.167.575,97",7896423470994,CHOCOLATE TWIX 40G ORIGINAL,Mercearia,"3,00","R$ 5,20",,Loja,TWIX,"R$ 15,60",19053100,UN
"R$ 35.167.575,97",M1141-1,CHOKITO 32G,Mercearia,"-9,00","R$ 3,50",,Loja,NESTLE,"-R$ 31,50",18063110,UN
"R$ 35.167.575,97",101010,CHURRASQUEIRA  INOX GRANDE,Mercearia,"-2,00","R$ 260,00",,Loja,.,"-R$ 520,00",84198190,UN
"R$ 35.167.575,97",M1365-1,CHURRASQUEIRA ABAFO PEQUENA,Mercearia,"-3,00","R$ 125,00",,Loja,.,"-R$ 375,00",84198190,UN
"R$ 35.167.575,97",M1362-1,CHURRASQUEIRA COM RODAS G,Mercearia,"-4,00","R$ 240,00",,Loja,.,"-R$ 960,00",84198190,UN
"R$ 35.167.575,97",M1650-1,CHURRASQUEIRA GRANDE PRETA,Mercearia,"-1,00","R$ 205,00",,Loja,.,"-R$ 205,00",84198190,UN
"R$ 35.167.575,97",M1359-1,CHURRASQUEIRA INOX MEDIA,Mercearia,"-1,00","R$ 199,00",,Loja,.,"-R$ 199,00",84198190,UN
"R$ 35.167.575,97",M1360-1,CHURRASQUEIRA INOX MINI,Mercearia,"0,00","R$ 120,00",,Loja,.,"R$ 0,00",84198190,UN
"R$ 35.167.575,97",M1649-1,CHURRASQUEIRA MEDIA PRETA,Mercearia,"-1,00","R$ 140,00",,Loja,.,"-R$ 140,00",84198190,UN
"R$ 35.167.575,97",M1363-1,CHURRASQUEIRA PEQUENA PRATA,Mercearia,"0,00","R$ 215,00",,Loja,.,"R$ 0,00",84198190,UN
"R$ 35.167.575,97",M1364-1,CHURRASQUEIRA PEQUENA PRETA,Mercearia,"-1,00","R$ 115,00",,Loja,.,"-R$ 115,00",84198190,UN
"R$ 35.167.575,97",M2114-1,CIGARRO CAMEL BLUE,Mercearia,"0,00","R$ 742,58",,Loja,CAMEL,"R$ 0,00",24022000,UN
"R$ 35.167.575,97",M2822-1,COADOR DE CAFE GRANDE,Mercearia,"0,00","R$ 5,99",,Loja,COADOR DO SUL ,"R$ 0,00",48232099,UN
"R$ 35.167.575,97",M2820-1,COADOR DE CAFE MEDIO,Mercearia,"-4,00","R$ 4,99",,Loja,COADOR DO SUL ,"-R$ 19,96",48232099,UN
"R$ 35.167.575,97",7894900011609,COCA COLA 600ML,Mercearia,"-125,00","R$ 8,50",,Loja,COCA COLA,"-R$ 1.062,50",22021000,UN
"R$ 35.167.575,97",M2488-1,COCADA CREMOSA 450G,Mercearia,"-6,00","R$ 14,99",,Loja,REI DO DOCE ,"-R$ 89,94",20081900,UN
"R$ 35.167.575,97",M778-1,COCADA CREMOSA 680G,Mercearia,"-7,00","R$ 23,99",,Loja,FRANCHESCO,"-R$ 167,93",20081900,UN
"R$ 35.167.575,97",M945-1,COCADA RECHEADA,Mercearia,"-88,00","R$ 3,00",,Loja,.,"-R$ 264,00",20081100,UN
"R$ 35.167.575,97",7898358940535,COCADINHA 250G,Mercearia,"0,00","R$ 15,80",,Loja,SANTA EDWIRGENS,"R$ 0,00",19019020,UN
"R$ 35.167.575,97",M749-1,COCO RALADO 100G,Mercearia,"3,00","R$ 7,50",,Loja,SOCOCO,"R$ 22,50",08011100,UN
"R$ 35.167.575,97",M744-1,COCO RALADO ADOÇADO 50G,Mercearia,"-29,00","R$ 2,30",,Loja,INDIANO,"-R$ 66,70",08011100,UN
"R$ 35.167.575,97",M2792-1,COCO RALADO INDIANO 100G,Mercearia,"17,00","R$ 6,50",,Loja,INDIANO,"R$ 110,50",08011100,UN
"R$ 35.167.575,97",7898910048051,COCO RALADO INDIANO 100G,Mercearia,"10,00","R$ 4,80",,Loja,INDIANO,"R$ 48,00",08011100,UN
"R$ 35.167.575,97",M165-1,COCO RALADO MENINA 100G,Mercearia,"-13,00","R$ 3,50",,Loja,MENINA,"-R$ 45,50",08011100,UN
"R$ 35.167.575,97",M2392-1,COGUMELO TOZZI 80G,Mercearia,"48,00","R$ 5,50",,Loja,TOZZI,"R$ 264,00",20031000,UN
"R$ 35.167.575,97",M282-1,COLA INSTANTENEA SUPER BONDER,Mercearia,"-4,00","R$ 6,90",,Loja,SUPER BONDER,"-R$ 27,60",35061010,UN
"R$ 35.167.575,97",M2365-1,COLA SUPER BONDER 3G ORIGINAL,Mercearia,"2,00","R$ 6,90",,Loja,SUPER BONDE,"R$ 13,80",35061010,UN
"R$ 35.167.575,97",M1367-1,COLORAU 1KG,Mercearia,"-1,00","R$ 25,00",,Loja,MAX,"-R$ 25,00",21039029,UN
"R$ 35.167.575,97",M1412-1,COLORIFICO 100G,Mercearia,"-95,00","R$ 4,80",,Loja,CONDINEW,"-R$ 456,00",08061000,UN
"R$ 35.167.575,97",M1411-1,COLORIFICO 100G,Mercearia,"0,00","R$ 4,80",,Loja,CONDINEW,"R$ 0,00",08061000,UN
"R$ 35.167.575,97",M2838-1,COMPOSTO ALHO E CEBOLA 200GR,Mercearia,"6,00","R$ 5,70",,Loja,ALCIMO ,"R$ 34,20",21039021,UN
"R$ 35.167.575,97",M2618-1,CONDICIONADOR DOVE 190ML NUTRICAO+TRI-OLEOS,Mercearia,"-2,00","R$ 24,90",,Loja,DOVE,"-R$ 49,80",33059000,UN
"R$ 35.167.575,97",M1019-1,CONVENÇÃO DE LARANJA 2L,Mercearia,"-54,00","R$ 7,80",,Loja,CONVENÇÃO,"-R$ 421,20",22021000,UN
"R$ 35.167.575,97",M1018-1,CONVENÇÂO FRUTAINA 2L,Mercearia,"-70,00","R$ 7,80",,Loja,CONVENÇÃO,"-R$ 546,00",22021000,UN
"R$ 35.167.575,97",M1271-1,CONVENÇÃO FRUTAINA 350ML,Mercearia,"-9,00","R$ 3,50",,Loja,CONVENÇÃO,"-R$ 31,50",22021000,UN
"R$ 35.167.575,97",M1017-1,CONVENÇÃO UVA 2L,Mercearia,"-70,00","R$ 7,80",,Loja,CONVENÇÃO,"-R$ 546,00",22021000,UN
"R$ 35.167.575,97",M801-1,COOKIES BAUNILHA COM GOTAS DE CHOCOLATE,Mercearia,"0,00","R$ 2,90",,Loja,RANCHEIRO,"R$ 0,00",19059090,UN
"R$ 35.167.575,97",742832318938,COPO DESCARTAVEIS 180ML,Mercearia,"-33,00","R$ 6,99",,Loja,FONPLAST,"-R$ 230,67",39241000,UN
"R$ 35.167.575,97",M2454-1,COPO PLAST COPOMAIS 300ML TRANS COM 100,Mercearia,"19,00","R$ 11,50",,Loja,COPOMAIS ,"R$ 218,50",39241000,UN
"R$ 35.167.575,97",742832318976,COPOS DESCARTAVEIS 100 UNIDADES,Mercearia,"-17,00","R$ 9,99",,Loja,FONPLAST,"-R$ 169,83",39241000,UN
"R$ 35.167.575,97",M1513-1,CRAVO 06g,Mercearia,"-25,00","R$ 3,50",,Loja,CONDINEW,"-R$ 87,50",09062000,UN
"R$ 35.167.575,97",M199-1,CREME AVELA NUTELLA 140G,Mercearia,"-7,00","R$ 16,50",,Loja,NUTELA,"-R$ 115,50",18069000,UN
"R$ 35.167.575,97",M40-1,CREME CEBOLA NEILAR 60G,Mercearia,"-6,00","R$ 4,80",,Loja,NEILAR,"-R$ 28,80",21041011,UN
"R$ 35.167.575,97",M190-1,CREME CHANTILLY CHANTY MIX AMELIA 200ML,Mercearia,"-52,00","R$ 6,99",,Loja,AMELIA,"-R$ 363,48",21069090,UN
"R$ 35.167.575,97",M2274-1,CREME CHANTILLY CHANTY MIX AMELIA 200ML,Mercearia,"48,00","R$ 7,90",,Loja,CHANTILY,"R$ 379,20",21069090,UN
"R$ 35.167.575,97",M582-1,CREME DE ALHO TRADICIONAL ALEMAO,Mercearia,"-4,00","R$ 10,50",,Loja,.,"-R$ 42,00",21039099,UN
"R$ 35.167.575,97",7896256600780,CREME DE LEITE TIROL 200G,Mercearia,"-73,00","R$ 3,80",,Loja,TIROL,"-R$ 277,40",04015021,UN
"R$ 35.167.575,97",M584-1,CREME DE PIMENTA CHIPOTLE ALEMAO,Mercearia,"-7,00","R$ 10,50",,Loja,.,"-R$ 73,50",21039099,UN
"R$ 35.167.575,97",M585-1,CREME DE PIMENTA FURIOSO ALEMAO,Mercearia,"-3,00","R$ 10,50",,Loja,.,"-R$ 31,50",21039099,UN
"R$ 35.167.575,97",M583-1,CREME DE PIMENTA SALSA COM MOSTARDA ALEMAO,Mercearia,"-5,00","R$ 12,00",,Loja,.,"-R$ 60,00",21039099,UN
"R$ 35.167.575,97",M228-1,CREME LEITE ITALAC 200G,Mercearia,"-39,00","R$ 3,99",,Loja,Italac,"-R$ 155,61",04015021,UN
"R$ 35.167.575,97",M604-1,CREME LEITE MOCOCA 200G,Mercearia,"-63,00","R$ 3,70",,Loja,.,"-R$ 233,10",04015021,UN
"R$ 35.167.575,97",M173-1,CREME LEITE PIRACANJUBA 200G,Mercearia,"53,00","R$ 3,99",,Loja,PIRACANJUBA,"R$ 211,47",04015021,UN
"R$ 35.167.575,97",M121-1,CREME LEITE QUATA 200G,Mercearia,"-50,00","R$ 3,90",,Loja,QUATA,"-R$ 195,00",04015021,UN
"R$ 35.167.575,97",M1190-1,CROCANTISSIMO CHURRASCO 40G BIMBO,Mercearia,"1,00","R$ 3,80",,Loja,BIMBO,"R$ 3,80",19041000,UN
"R$ 35.167.575,97",M1191-1,CROCANTISSIMO SALAME C LIMAO 40g BIMBO,Mercearia,"-4,00","R$ 3,80",,Loja,BIMBO,"-R$ 15,20",19041000,UN
"R$ 35.167.575,97",M412-1,DENTADURAS 80G,Mercearia,"-91,00","R$ 7,50",,Loja,FINI,"-R$ 682,50",17049020,UN
"R$ 35.167.575,97",M1397-1,DESENGRIPANTE 300ML,Mercearia,"-8,00","R$ 17,50",,Loja,GITANES,"-R$ 140,00",27101932,UN
"R$ 35.167.575,97",7896117600058,DEUSA FARINHA MANDIOCA BIJU TEMPERADO TRADICIONAL,Mercearia,"-40,00","R$ 4,90",,Loja,DEUSA,"-R$ 196,00",19019090,UN
"R$ 35.167.575,97",M388-1,DEUSA FARINHA MILHO BACON,Mercearia,"0,00","R$ 7,50",,Loja,DEUSA,"R$ 0,00",19019090,UN
"R$ 35.167.575,97",M984-1,DEUSA FAROFA DE MANDIOCA,Mercearia,"-3,00","R$ 107,90",,Loja,DEUSA,"-R$ 323,69",19019090,UN
"R$ 35.167.575,97",M943-1,DOCE BRIGADEIRO,Mercearia,"-33,00","R$ 3,00",,Loja,NOPONTO,"-R$ 99,00",20081100,UN
"R$ 35.167.575,97",M783-1,DOCE DE ABOBORA RALADA COM COCO 680G,Mercearia,"-3,00","R$ 21,99",,Loja,FRANCHESCO,"-R$ 65,97",20079990,UN
"R$ 35.167.575,97",M1311-1,DOCE DE AMENDOIM GALVANI 90G,Mercearia,"-177,00","R$ 3,50",,Loja,GALVANI,"-R$ 619,50",20081100,UN
"R$ 35.167.575,97",M1430-1,DOCE DE BATATA DOCE,Mercearia,"-30,00","R$ 3,00",,Loja,GALVANI,"-R$ 90,00",20081100,UN
"R$ 35.167.575,97",M781-1,DOCE DE GOIABA CREMOSO 680G,Mercearia,"0,00","R$ 21,99",,Loja,BABY,"R$ 0,00",20079990,UN
"R$ 35.167.575,97",M712-1,DOCE DE LEITE 400 G,Mercearia,"-1,00","R$ 10,90",,Loja,AURORA,"-R$ 10,90",19019020,UN
"R$ 35.167.575,97",M812-1,DOCE DE LEITE 400G,Mercearia,"0,00","R$ 10,90",,Loja,AURORA,"R$ 0,00",19019020,UN
"R$ 35.167.575,97",7898358940566,DOCE DE LEITE COM AMEIXA 250G,Mercearia,"0,00","R$ 15,80",,Loja,SANTA EDWIRGES,"R$ 0,00",19019020,UN
"R$ 35.167.575,97",7898358940320,DOCE DE LEITE COM AMENOIM,Mercearia,"0,00","R$ 15,80",,Loja,SANTA EDWIRGES,"R$ 0,00",19019020,UN
"R$ 35.167.575,97",7898358940290,DOCE DE LEITE COM COCO,Mercearia,"-1,00","R$ 15,80",,Loja,SANTA EDWIRGES,"-R$ 15,80",19019020,UN
"R$ 35.167.575,97",7898358940283,DOCE DE LEITE TABLETE 250G,Mercearia,"0,00","R$ 15,80",,Loja,SANTA EDWIRGES,"R$ 0,00",19019020,UN
"R$ 35.167.575,97",7898358940306,DOCE DE LEUE COM CHOCOLATE 250G,Mercearia,"0,00","R$ 15,80",,Loja,SANTA EDWIRGENS,"R$ 0,00",19019020,UN
"R$ 35.167.575,97",7896536500342,DOCE DE PESSEGO EXTRA 830G,Mercearia,"5,00","R$ 14,50",,Loja,CATOINHO,"R$ 72,50",20081100,UN
"R$ 35.167.575,97",M2490-1,DOCE PASTOSO COM CHOCOLATE 450G,Mercearia,"-5,00","R$ 14,99",,Loja,REI DO DOCE ,"-R$ 74,95",20081900,UN
"R$ 35.167.575,97",M2487-1,DOCE PASTOSO COM COCO 450G,Mercearia,"-8,00","R$ 14,99",,Loja,REI DO DOCE ,"-R$ 119,92",20081900,UN
"R$ 35.167.575,97",M2489-1,DOCE PASTOSO COM GELEIA DE PIMENTA 450G,Mercearia,"-3,00","R$ 14,99",,Loja,REI DO DOCE ,"-R$ 44,97",20081900,UN
"R$ 35.167.575,97",M788-1,DOCE PASTOSO COM LEITE 680G,Mercearia,"-12,00","R$ 21,99",,Loja,FRANCHESCO,"-R$ 263,88",19019020,UN
"R$ 35.167.575,97",M789-1,DOCE PASTOSO COM LEITE E GELEIA DE AMEIXA 680G,Mercearia,"-13,00","R$ 21,99",,Loja,FRANCHESCO,"-R$ 285,87",19019020,UN
"R$ 35.167.575,97",M941-1,DOCE SABOR LEITE COM CHOCOLATE,Mercearia,"-12,00","R$ 3,00",,Loja,.,"-R$ 36,00",20081100,UN
"R$ 35.167.575,97",M429-1,DOCES DIVERSOS,Mercearia,"-635,00","R$ 3,00",,Loja,MARUMAR,"-R$ 1.905,00",20081100,UN
"R$ 35.167.575,97",M942-1,DOCES ELIS PALITO,Mercearia,"-194,00","R$ 3,00",,Loja,.,"-R$ 582,00",20081100,UN
"R$ 35.167.575,97",M944-1,DOLCE SABOR LEITE COM COCO,Mercearia,"-26,00","R$ 3,00",,Loja,NOPONTO,"-R$ 78,00",20081100,UN
"R$ 35.167.575,97",M1047-1,DORITOS DINAM FLAMIN HOT 60G,Mercearia,"-5,00","R$ 5,99",,Loja,PEPSICO,"-R$ 29,95",19059090,UN
"R$ 35.167.575,97",M1034-1,DORITOS NACHO 120G,Mercearia,"-38,00","R$ 15,00",,Loja,PEPSICO,"-R$ 570,00",19059090,UN
"R$ 35.167.575,97",M1048-1,DORITOS NACHO 37G,Mercearia,"-52,00","R$ 5,99",,Loja,PEPSICO,"-R$ 311,48",19059090,UN
"R$ 35.167.575,97",M1041-1,DORITOS NACHO 75G,Mercearia,"-43,00","R$ 10,50",,Loja,PEPSICO,"-R$ 451,50",19059090,UN
"R$ 35.167.575,97",M2422-1,DROPS HALLS MELANCIA,Mercearia,"3,00","R$ 2,00",,Loja,HALLS,"R$ 6,00",17049020,UN
"R$ 35.167.575,97",78938830,DROPS HALLS MENTA,Mercearia,"16,00","R$ 2,50",,Loja,HALLS,"R$ 40,00",17049020,UN
"R$ 35.167.575,97",M1998-1,DROPS HALLS MENTOL,Mercearia,"13,00","R$ 2,50",,Loja,HALLS,"R$ 32,50",17049020,UN
"R$ 35.167.575,97",M85-1,"DROPS MENTOS FRUTAS 37,5G",Mercearia,"-3,00","R$ 3,00",,Loja,MENTOS,"-R$ 9,00",17049020,UN
"R$ 35.167.575,97",7898046373423,ERVAS FINAS 06G,Mercearia,"-19,00","R$ 1,99",,Loja,CONDINEW,"-R$ 37,81",09109900,UN
"R$ 35.167.575,97",M203-1,ERVILHA PREDILECTA 170G,Mercearia,"4,00","R$ 4,20",,Loja,PREDILECTA,"R$ 16,80",20054000,UN
"R$ 35.167.575,97",M938-1,ERVILHAS OLE,Mercearia,"0,00","R$ 3,50",,Loja,.,"R$ 0,00",07081000,UN
"R$ 35.167.575,97",7908214754081,ESCOVA DENTAL CLEAN B,Mercearia,"-13,00","R$ 3,99",,Loja,CLEAN B ,"-R$ 51,87",96032100,UN
"R$ 35.167.575,97",M743-1,ESCOVA OVAL PLASTICO,Mercearia,"-6,00","R$ 5,25",,Loja,CLAMAX,"-R$ 31,50",96039000,UN
"R$ 35.167.575,97",M1805-1,ESP SCOTCH-BRITE 3M D.FACE UNIT PROFISS,Mercearia,"0,00","R$ 2,50",,Loja,SCOTCH,"R$ 0,00",68053090,UN
"R$ 35.167.575,97",M1361-1,ESPETO PARA COSTELA DE CHÃO,Mercearia,"0,00","R$ 225,00",,Loja,.,"R$ 0,00",84198190,UN
"R$ 35.167.575,97",7898509280947,ESPONJA SUPER PRO,Mercearia,"-69,00","R$ 1,70",,Loja,SUPER PRO ,"-R$ 117,30",68053090,UN
"R$ 35.167.575,97",M615-1,ESSENCIA AROMASIL 140ML CITRONELA,Mercearia,"4,00","R$ 10,50",,Loja,.,"R$ 42,00",33029019,UN
"R$ 35.167.575,97",M15-1,EXTRATO TOMATE ELEFANTE 300G,Mercearia,"9,00","R$ 8,90",,Loja,Elefante,"R$ 80,10",20029000,UN
"R$ 35.167.575,97",M625-1,FACA REFEICAO PLASTICO 50 UNIDADES,Mercearia,"-1,00","R$ 3,80",,Loja,.,"-R$ 3,80",39241000,UN
"R$ 35.167.575,97",M1045-1,FANDANGOS PRESUNTO 105G,Mercearia,"-7,00","R$ 10,50",,Loja,PEPSICO,"-R$ 73,50",19041000,UN
"R$ 35.167.575,97",M1056-1,FANDANGOS PRESUNTO 37G,Mercearia,"-1,00","R$ 4,50",,Loja,PEPSICO,"-R$ 4,50",19041000,UN
"R$ 35.167.575,97",M2744-1,FANDANGOS PRESUNTO 85GX15,Mercearia,"0,00","R$ 10,50",,Loja,FANDANGOS,"R$ 0,00",19041000,UN
"R$ 35.167.575,97",M1055-1,FANDANGOS QUEIJO 37G,Mercearia,"0,00","R$ 4,50",,Loja,PEPSICO,"R$ 0,00",19041000,UN
"R$ 35.167.575,97",M1983-1,FANDANGOS QUEIJO 85G,Mercearia,"-35,00","R$ 10,99",,Loja,ruffles,"-R$ 384,65",19041000,UN
"R$ 35.167.575,97",7894900093056,FANTA GUARANA  2L,Mercearia,"-9,00","R$ 11,90",,Loja,COCA COLA,"-R$ 107,10",22021000,UN
"R$ 35.167.575,97",M2371-1,FARINHA AVEIA YOKI 170G,Mercearia,"6,00","R$ 5,99",,Loja,YOKI,"R$ 35,94",11029000,UN
"R$ 35.167.575,97",7891095028351,FARINHA DE AVEIA 170G,Mercearia,"0,00","R$ 6,99",,Loja,YOKI,"R$ 0,00",11041200,UN
"R$ 35.167.575,97",7896117600140,FARINHA DE MANDIOA DEUSA BIJU 1KG,Mercearia,"-9,00","R$ 13,50",,Loja,DEUSA,"-R$ 121,50",11022000,UN
"R$ 35.167.575,97",M987-1,FARINHA DE MANDIOCA BIJU TEMPERADA PICANHA COM PIMENTA 250G,Mercearia,"-24,00","R$ 5,80",,Loja,DEUSA,"-R$ 139,20",19019090,UN
"R$ 35.167.575,97",M619-1,FARINHA DE MILHO BIJU 1KG,Mercearia,"-87,00","R$ 14,99",,Loja,.,"-R$ 1.304,13",11022000,UN
"R$ 35.167.575,97",M620-1,FARINHA DE MILHO BIJU 500G,Mercearia,"-190,00","R$ 7,99",,Loja,.,"-R$ 1.518,10",11022000,UN
"R$ 35.167.575,97",M985-1,FARINHA DE MILHO BIJU TEMPERADA SABOR BACON 350G,Mercearia,"0,00","R$ 7,90",,Loja,DEUSA,"R$ 0,00",19019090,UN
"R$ 35.167.575,97",M728-1,FARINHA DE ROSCA,Mercearia,"6,00","R$ 6,80",,Loja,PULLMAN,"R$ 40,80",19019090,UN
"R$ 35.167.575,97",M389-1,FARINHA DE ROSCA 1 KG,Mercearia,"-1,00","R$ 4,90",,Loja,DEUSA,"-R$ 4,90",19019090,UN
"R$ 35.167.575,97",7896117601031,FARINHA DE ROSCA DEUSA 1KG,Mercearia,"0,00","R$ 7,40",,Loja,DEUSA,"R$ 0,00",19019090,UN
"R$ 35.167.575,97",7896022207984,FARINHA DE TRIGO 1KG,Mercearia,"-1,00","R$ 5,99",,Loja,RENATA,"-R$ 5,99",11010010,UN
"R$ 35.167.575,97",M1445-1,FARINHA LACTEA,Mercearia,"-3,00","R$ 9,99",,Loja,NESTLE,"-R$ 29,97",04022110,UN
"R$ 35.167.575,97",M2209-1,FARINHA MANDIOA TORRADA FINA 500G,Mercearia,"-20,00","R$ 6,90",,Loja,DEUSA,"-R$ 138,00",11022000,UN
"R$ 35.167.575,97",M663-1,FARINHA MANDIOCA 500G BRANCA GROSSA,Mercearia,"-50,00","R$ 6,90",,Loja,DEUSA,"-R$ 345,00",11062000,UN
"R$ 35.167.575,97",M128-1,FARINHA MANDIOCA DEUSA 500G,Mercearia,"-20,00","R$ 7,90",,Loja,DEUSA,"-R$ 158,00",11062000,UN
"R$ 35.167.575,97",7896117600034,FARINHA MANDIOCA TEMPERADA BACON 250G,Mercearia,"-34,00","R$ 4,50",,Loja,DEUSA,"-R$ 153,00",11022000,UN
"R$ 35.167.575,97",M225-1,FARINHA ROSCA DEUSA 500G,Mercearia,"21,00","R$ 7,90",,Loja,DEUSA,"R$ 165,90",19019090,UN
"R$ 35.167.575,97",M27-1,FARINHA TRIGO DONA BENTA 1KG,Mercearia,"-5,00","R$ 6,90",,Loja,BENTA,"-R$ 34,50",11010010,UN
"R$ 35.167.575,97",M1530-1,FARINHA TRIGO NITA 1KG,Mercearia,"-6,00","R$ 5,99",,Loja,NITA,"-R$ 35,94",11010010,UN
"R$ 35.167.575,97",M185-1,FARINHA TRIGO NITA 1KG,Mercearia,"8,00","R$ 5,60",,Loja,NITA,"R$ 44,80",11010010,UN
"R$ 35.167.575,97",M2314-1,FARINHA TRIGO NITA 1KG PURISSIMA,Mercearia,"-1,00","R$ 5,69",,Loja,NITA,"-R$ 5,69",11010010,UN
"R$ 35.167.575,97",M226-1,FARINHA TRIGO RENATA 1KG,Mercearia,"9,00","R$ 8,50",,Loja,RENATA,"R$ 76,50",11010010,UN
"R$ 35.167.575,97",7896117600164,FAROFA  MONJOLINHO 400G,Mercearia,"-1,00","R$ 5,20",,Loja,MONJOLINHO,"-R$ 5,20",19019090,UN
"R$ 35.167.575,97",M2535-1,FAROFA CASEIRA COSTELA 350G,Mercearia,"-12,00","R$ 12,90",,Loja,CONDINEW,"-R$ 154,80",19019090,UN
"R$ 35.167.575,97",M2536-1,FAROFA CASEIRA PEQUI 350G,Mercearia,"-8,00","R$ 12,90",,Loja,CONDIN,"-R$ 103,20",19019090,UN
"R$ 35.167.575,97",M2534-1,FAROFA CASEIRA PICANTE 350G,Mercearia,"-5,00","R$ 12,90",,Loja,CONDINEW,"-R$ 64,50",19019090,UN
"R$ 35.167.575,97",M1331-1,FAROFA DE MANDIOCA MONJOLINHO 250G,Mercearia,"-9,00","R$ 3,90",,Loja,MONJOLINHO,"-R$ 35,10",19019090,UN
"R$ 35.167.575,97",M2208-1,FAROFA DE MANDIOCA SABOR BACON400G,Mercearia,"-15,00","R$ 5,90",,Loja,DEUSA,"-R$ 88,50",11022000,UN
"R$ 35.167.575,97",M986-1,FAROFA DE MANDIOCA SABOR TRADICIONAL 400G,Mercearia,"-18,00","R$ 5,90",,Loja,DEUSA,"-R$ 106,20",19019090,UN
"R$ 35.167.575,97",M1613-1,FAROFA DE MILHO BIJU TEMPERADA TRADICIONAL 350G,Mercearia,"-6,00","R$ 7,90",,Loja,DEUSA,"-R$ 47,40",19019090,UN
"R$ 35.167.575,97",M1739-1,FAROFA PRONTA 400G,Mercearia,"-17,00","R$ 5,99",,Loja,KISABOR,"-R$ 101,83",19019090,UN
"R$ 35.167.575,97",M1082-1,FAROFA PRONTA YOKI 400G MAND TEMPERADA,Mercearia,"-1,00","R$ 6,90",,Loja,YOKI,"-R$ 6,90",19019090,UN
"R$ 35.167.575,97",7896117600584,FAROFA TEMPERADA  CASEIRA TRADICIONAL 350G,Mercearia,"-22,00","R$ 7,90",,Loja,DEUSA,"-R$ 173,80",19019090,UN
"R$ 35.167.575,97",M1083-1,FAROFA YOKI CASEIR 200G MAND C/CEBOLA CX-12UN QTD. 1.00 CX,Mercearia,"0,00","R$ 9,90",,Loja,YOKI,"R$ 0,00",19019090,UN
"R$ 35.167.575,97",M952-1,FAROFA YOKI CASEIRA 200G MANDIOCA COM COSTELINHA,Mercearia,"-2,00","R$ 9,90",,Loja,YOKI,"-R$ 19,80",19019090,UN
"R$ 35.167.575,97",M2156-1,FASCINO CHOC/AVELA 1.5,Mercearia,"-2,00","R$ 41,55",,Loja,JUNDIA,"-R$ 83,10",21050010,UN
"R$ 35.167.575,97",7898036493070,"FASCINO CHOCOLATE COM AVELÃ 1,5L",Mercearia,"-6,00","R$ 39,90",,Loja,JUNDIA,"-R$ 239,40",21050010,UN
"R$ 35.167.575,97",7898036493117,"FASCINO IOGURTE 1,5L",Mercearia,"-5,00","R$ 39,90",,Loja,JUNDIA,"-R$ 199,50",21050010,UN
"R$ 35.167.575,97",M2238-1,FASCINO IOGURTE 1.5,Mercearia,"3,00","R$ 39,90",,Loja,JUNDIA,"R$ 119,70",21050010,UN
"R$ 35.167.575,97",M2153-1,FASCINO IOGURTE 1.5,Mercearia,"0,00","R$ 41,55",,Loja,JUNDIAI ,"R$ 0,00",21050010,UN
"R$ 35.167.575,97",7898036490277,FASCINO NATA COM CHOCOLATE 190G,Mercearia,"-25,00","R$ 13,50",,Loja,JUNDIAI ,"-R$ 337,50",21050010,UN
"R$ 35.167.575,97",M1774-1,FASCINO NATA COM MORANGO 190G,Mercearia,"-24,00","R$ 13,50",,Loja,JUNDIA,"-R$ 324,00",21050010,UN
"R$ 35.167.575,97",M2160-1,FASCINO NATA/CHOCO,Mercearia,"0,00","R$ 172,50",,Loja,JUNDIA,"R$ 0,00",21050010,UN
"R$ 35.167.575,97",M2161-1,FASCINO NATA/MOR,Mercearia,"0,00","R$ 13,50",,Loja,JUNDIAI ,"R$ 0,00",21050010,UN
"R$ 35.167.575,97",M2241-1,FASCINO PIPOCA 1.5,Mercearia,"4,00","R$ 41,55",,Loja,JUNDIA,"R$ 166,20",21050010,UN
"R$ 35.167.575,97",M2158-1,FASCINO PIPOCA 1.5,Mercearia,"0,00","R$ 41,55",,Loja,JUNDIAI ,"R$ 0,00",21050010,UN
"R$ 35.167.575,97",7898036494374,"FASCINO PIPOCA CARAMELIZADA 1,5L",Mercearia,"-2,00","R$ 39,90",,Loja,JUNDIA,"-R$ 79,80",21050010,UN
"R$ 35.167.575,97",7898036493087,"FASCINO TORTA DE LIMAO 1,5L",Mercearia,"-4,00","R$ 39,90",,Loja,JUNDIA,"-R$ 159,60",21050010,UN
"R$ 35.167.575,97",M2155-1,FASCINO TORTA LIMAO 1.5,Mercearia,"5,00","R$ 41,55",,Loja,JUNDIA,"R$ 207,75",21050010,UN
"R$ 35.167.575,97",7898036493100,"FASCINO TRUFADINGO BIANCO 1,5 L",Mercearia,"-7,00","R$ 39,90",,Loja,JUNDIA,"-R$ 279,30",21050010,UN
"R$ 35.167.575,97",7898036493056,"FASCINO TRUFADINHO 1,5L",Mercearia,"-6,00","R$ 39,90",,Loja,JUNDIAI ,"-R$ 239,40",21050010,UN
"R$ 35.167.575,97",M2152-1,FASCINO TRUFADINHO 1.5,Mercearia,"0,00","R$ 41,55",,Loja,JUNDIA,"R$ 0,00",21050010,UN
"R$ 35.167.575,97",M2237-1,FASCINO TRUFADINHO 1.5,Mercearia,"3,00","R$ 39,90",,Loja,JUNDIA,"R$ 119,70",21050010,UN
"R$ 35.167.575,97",M2157-1,FASCINO TRUFADINHO BIANCO 1.5,Mercearia,"0,00","R$ 41,55",,Loja,JUNDIA,"R$ 0,00",21050010,UN
"R$ 35.167.575,97",M2240-1,FASCINO TRUFADINHO BIANCO 1.5,Mercearia,"5,00","R$ 39,90",,Loja,JUNDIA,"R$ 199,50",21050010,UN
"R$ 35.167.575,97",7898036493063,"FASCINO TRUFATINE 1,5",Mercearia,"-5,00","R$ 39,90",,Loja,MEZZANI,"-R$ 199,50",21050010,UN
"R$ 35.167.575,97",M2154-1,FASCINO TRUFATINE 1.5,Mercearia,"0,00","R$ 41,55",,Loja,JUNDIAI ,"R$ 0,00",21050010,UN
"R$ 35.167.575,97",M2239-1,FASCINO TRUFATINE 1.5,Mercearia,"4,00","R$ 39,90",,Loja,JUNDIAI ,"R$ 159,60",21050010,UN
"R$ 35.167.575,97",M2664-1,FAZENDO ARTE 80G,Mercearia,"-12,00","R$ 7,50",,Loja,FINI,"-R$ 90,00",17049020,UN
"R$ 35.167.575,97",M1481-1,FEIJAO BRANCO 1KG,Mercearia,"-14,00","R$ 23,00",,Loja,GALILEU,"-R$ 322,00",07133321,UN
"R$ 35.167.575,97",M724-1,FEIJAO BRANCO 500G,Mercearia,"0,00","R$ 11,20",,Loja,CAMPO BELO,"R$ 0,00",07133321,UN
"R$ 35.167.575,97",M2138-1,FEIJAO CALDO NOBRE 1KG,Mercearia,"-68,00","R$ 9,30",,Loja,CALDO ,"-R$ 632,40",07133321,UN
"R$ 35.167.575,97",7896006744115,FEIJÃO CARIOCA 1KG,Mercearia,"-10,00","R$ 12,30",,Loja,CAMILA,"-R$ 123,00",07133321,UN
"R$ 35.167.575,97",7898053200040,FEIJÃO CARIOCA 1KG MARAVILHA,Mercearia,"-49,00","R$ 9,20",,Loja,MARAVILHA ,"-R$ 450,80",07133321,UN
"R$ 35.167.575,97",M1562-1,FEIJÃO CARIOCA SÃO JOAO 1KG,Mercearia,"-25,00","R$ 8,50",,Loja,SÃO JOAO,"-R$ 212,50",07133321,UN
"R$ 35.167.575,97",7896062602008,FEIJAO CARIOCA SOLITO,Mercearia,"-31,00","R$ 10,90",,Loja,SOLITO,"-R$ 337,90",07133321,UN
"R$ 35.167.575,97",M1497-1,FEIJÃO KICALDO 1KG,Mercearia,"-9,00","R$ 7,50",,Loja,KICALDO ,"-R$ 67,50",07133321,UN
"R$ 35.167.575,97",M2530-1,FEIJAO MAXIMO 1KG,Mercearia,"-21,00","R$ 10,50",,Loja,MAXIMO ,"-R$ 220,50",07133321,UN
"R$ 35.167.575,97",M1302-1,FEIJAO NAMORADO 1KG,Mercearia,"-39,00","R$ 11,90",,Loja,NAMORADO,"-R$ 464,10",07133321,UN
"R$ 35.167.575,97",M2146-1,FEIJAO NENE 1 KG,Mercearia,"-17,00","R$ 10,20",,Loja,NENE,"-R$ 173,40",07133321,UN
"R$ 35.167.575,97",M1697-1,FEIJAO PRETO 1 KG,Mercearia,"-16,00","R$ 9,90",,Loja,CAMIL,"-R$ 158,40",07133311,UN
"R$ 35.167.575,97",M2804-1,FEIJAO PRETO 1 KG,Mercearia,"6,00","R$ 10,30",,Loja,JOLI ,"R$ 61,80",07133319,UN
"R$ 35.167.575,97",M725-1,FEIJAO PRETO 1KG,Mercearia,"-7,00","R$ 9,99",,Loja,SOLITO,"-R$ 69,93",07133311,UN
"R$ 35.167.575,97",7896454100037,FEIJAO PRETO JOLI 500G,Mercearia,"-92,00","R$ 10,30",,Loja,JOLI ,"-R$ 947,60",07133319,UN
"R$ 35.167.575,97",M1761-1,FEIJAO PRETO KICALDO 1KG,Mercearia,"-4,00","R$ 7,99",,Loja,KIKALDO ,"-R$ 31,96",07133311,UN
"R$ 35.167.575,97",M2714-1,FEIJAO PRETO NENE 1KG,Mercearia,"-5,00","R$ 9,90",,Loja,NENE,"-R$ 49,50",07133319,UN
"R$ 35.167.575,97",7898497680361,FEIJAO PRETO SELECT 1KG,Mercearia,"-10,00","R$ 8,90",,Loja,BELACOR,"-R$ 89,00",07133321,UN
"R$ 35.167.575,97",7898497680354,FEIJAO SELECTA 1 KG,Mercearia,"-31,00","R$ 10,50",,Loja,TEMPERABEM,"-R$ 325,50",07133321,UN
"R$ 35.167.575,97",M2558-1,FEIJAO SOLITO PREMIUM,Mercearia,"-17,00","R$ 12,99",,Loja,SOLITO,"-R$ 220,83",07133321,UN
"R$ 35.167.575,97",M726-1,FEIJOADA ENLATADA PRONTA 430G,Mercearia,"-3,00","R$ 13,50",,Loja,BORDON,"-R$ 40,50",16024900,UN
"R$ 35.167.575,97",M731-1,FEIJOADA ENLATADA PRONTA 830G,Mercearia,"-8,00","R$ 22,50",,Loja,BORDON,"-R$ 180,00",16024900,UN
"R$ 35.167.575,97",M730-1,FERMENTO EM PO 250G,Mercearia,"0,00","R$ 9,00",,Loja,ROYAL,"R$ 0,00",21023000,UN
"R$ 35.167.575,97",M129-1,FERMENTO PO DONA BENTA 100G,Mercearia,"0,00","R$ 4,20",,Loja,DONA BENTA,"R$ 0,00",21023000,UN
"R$ 35.167.575,97",M130-1,FERMENTO PO FERMIX DONA BENTA 10G,Mercearia,"-18,00","R$ 1,20",,Loja,DONA BENTA,"-R$ 21,60",21023000,UN
"R$ 35.167.575,97",M191-1,FERMENTO PO ROYAL 100G,Mercearia,"-2,00","R$ 4,50",,Loja,ROYAL,"-R$ 9,00",21023000,UN
"R$ 35.167.575,97",M1808-1,"FILME P/CHURR WYDA 5,0X45CM ROLO",Mercearia,"-15,00","R$ 11,50",,Loja,WYDA,"-R$ 172,50",39204390,UN
"R$ 35.167.575,97",7896300501100,FILME PARA CHURRASCO PRATSY,Mercearia,"10,00","R$ 11,90",,Loja,PRASTY ,"R$ 119,00",39206219,UN
"R$ 35.167.575,97",M959-1,FILTRO DE PAPEL 103 CAICARA,Mercearia,"-42,00","R$ 4,20",,Loja,CAIÇARA,"-R$ 176,40",48232099,UN
"R$ 35.167.575,97",M147-1,FILTRO PAPEL MELITA 103,Mercearia,"20,00","R$ 4,90",,Loja,MELITA,"R$ 98,00",48232099,UN
"R$ 35.167.575,97",M1873-1,FINI TORÇÃO 250G,Mercearia,"-46,00","R$ 10,00",,Loja,FINI,"-R$ 460,00",17049020,UN
"R$ 35.167.575,97",M1880-1,FINI TORÇAO ROSA 250G,Mercearia,"-6,00","R$ 10,00",,Loja,FINI,"-R$ 60,00",17049020,UN
"R$ 35.167.575,97",M1881-1,FINI VULCÃO 200G,Mercearia,"-8,00","R$ 10,00",,Loja,FINI,"-R$ 80,00",17049020,UN
"R$ 35.167.575,97",7898279792077,FINIBURGUERS 80GR,Mercearia,"-6,00","R$ 7,50",,Loja,FINI,"-R$ 45,00",17049020,UN
"R$ 35.167.575,97",7898932426042,FLOCAO DE MILHO 500G,Mercearia,"1,00","R$ 2,99",,Loja,MARATA,"R$ 2,99",11041900,UN
"R$ 35.167.575,97",M132-1,FLOCAO DE MILHO SINHA 500G,Mercearia,"-4,00","R$ 2,90",,Loja,SINHA,"-R$ 11,60",11041900,UN
"R$ 35.167.575,97",M1375-1,FOLHA DE PAPEL ALUMINIO,Mercearia,"3,00","R$ 4,70",,Loja,PARANA,"R$ 14,10",76071190,UN
"R$ 35.167.575,97",M621-1,FOSFORO ACENDEDOR PARANA,Mercearia,"8,00","R$ 6,80",,Loja,.,"R$ 54,40",36050000,UN
"R$ 35.167.575,97",M148-1,FOSFORO PARANA,Mercearia,"-4,00","R$ 4,20",,Loja,PARANA,"-R$ 16,80",36050000,UN
"R$ 35.167.575,97",M149-1,FOSFORO PARANA GIGANTE,Mercearia,"-2,00","R$ 3,20",,Loja,PARANA,"-R$ 6,40",36050000,UN
"R$ 35.167.575,97",M622-1,FOSFORO PINHEIRO,Mercearia,"0,00","R$ 4,99",,Loja,.,"R$ 0,00",36050000,UN
"R$ 35.167.575,97",M2226-1,FRALDA POMPOM D.PROTEK JUMBO G C/24 FD,Mercearia,"1,00","R$ 30,99",,Loja,POMPOM,"R$ 30,99",96190000,UN
"R$ 35.167.575,97",M133-1,FUBA MILHO MIMOSO SINHA 500G,Mercearia,"23,00","R$ 2,40",,Loja,SINHA,"R$ 55,20",11022000,UN
"R$ 35.167.575,97",M1765-1,GALAK NESTLE 80G,Mercearia,"-2,00","R$ 8,40",,Loja,GALAK,"-R$ 16,80",18069000,UN
"R$ 35.167.575,97",M626-1,GARFO SOBREMESA 50 UNIDADES,Mercearia,"-11,00","R$ 3,00",,Loja,.,"-R$ 33,00",39241000,UN
"R$ 35.167.575,97",M1766-1,GAROTO AO LEITE 80G,Mercearia,"-13,00","R$ 8,40",,Loja,GAROTO,"-R$ 109,20",18069000,UN
"R$ 35.167.575,97",M660-1,GELATINA 24G S/SABOR INCOLOR,Mercearia,"5,00","R$ 5,00",,Loja,NEILAR,"R$ 25,00",21069029,UN
"R$ 35.167.575,97",M2430-1,GELATINA APTI 20G LIMAO,Mercearia,"23,00","R$ 1,60",,Loja,Apti,"R$ 36,80",21069029,UN
"R$ 35.167.575,97",M760-1,GELATINA MARACUJA 25G,Mercearia,"0,00","R$ 2,40",,Loja,ROYAL,"R$ 0,00",35030019,UN
"R$ 35.167.575,97",M229-1,GELATINA NEILAR 20G,Mercearia,"0,00","R$ 1,50",,Loja,NEILAR,"R$ 0,00",21069029,UN
"R$ 35.167.575,97",M847-1,GELATINA NEILAR ABACAXI 20G,Mercearia,"-51,00","R$ 1,50",,Loja,NEILAR,"-R$ 76,50",21069029,UN
"R$ 35.167.575,97",M853-1,GELATINA NEILAR BLUEBERRY 20G,Mercearia,"0,00","R$ 1,50",,Loja,NEILAR,"R$ 0,00",21069029,UN
"R$ 35.167.575,97",M845-1,GELATINA NEILAR CEREJA 20G,Mercearia,"0,00","R$ 1,50",,Loja,NEILAR,"R$ 0,00",21069029,UN
"R$ 35.167.575,97",M848-1,GELATINA NEILAR FRAMBOESA 20G,Mercearia,"0,00","R$ 1,50",,Loja,NEILAR,"R$ 0,00",21069029,UN
"R$ 35.167.575,97",M843-1,GELATINA NEILAR LIMAO 20G,Mercearia,"-24,00","R$ 1,50",,Loja,NEILAR,"-R$ 36,00",21069029,UN
"R$ 35.167.575,97",M851-1,GELATINA NEILAR MARACUJA 20G,Mercearia,"-11,00","R$ 1,50",,Loja,NEILAR,"-R$ 16,50",21069029,UN
"R$ 35.167.575,97",M850-1,GELATINA NEILAR MORANGO 20G,Mercearia,"-5,00","R$ 1,50",,Loja,NEILAR,"-R$ 7,50",21069029,UN
"R$ 35.167.575,97",M852-1,GELATINA NEILAR PESSEGO 20G,Mercearia,"0,00","R$ 1,50",,Loja,NEILAR,"R$ 0,00",21069029,UN
"R$ 35.167.575,97",M1183-1,GELATINA SABOR LIMAO25G,Mercearia,"-2,00","R$ 1,50",,Loja,SOL,"-R$ 3,00",21069029,UN
"R$ 35.167.575,97",7896327511472,GELATINA SEM SABOR,Mercearia,"-15,00","R$ 7,50",,Loja,Apti,"-R$ 112,50",21069029,UN
"R$ 35.167.575,97",7896072050035,GELATINA SEM SABOR 24G,Mercearia,"-13,00","R$ 7,50",,Loja,BRETZKE ,"-R$ 97,50",21069029,UN
"R$ 35.167.575,97",7896005210741,GELATINA SOL 20G MORANGO,Mercearia,"4,00","R$ 1,47",,Loja,SOL,"R$ 5,88",21069029,UN
"R$ 35.167.575,97",M1182-1,GELATINA UVA 20G,Mercearia,"0,00","R$ 1,50",,Loja,NEILAR,"R$ 0,00",21069029,UN
"R$ 35.167.575,97",7898175450514,GOIABADA CASCÃO 500G,Mercearia,"-6,00","R$ 13,99",,Loja,FRANCESCHINI ,"-R$ 83,94",20079990,UN
"R$ 35.167.575,97",7896292330061,GOIABADA PREDILECTA 300G,Mercearia,"3,00","R$ 4,20",,Loja,PREDILECTA,"R$ 12,60",20079990,UN
"R$ 35.167.575,97",M134-1,GOIABADA VAL 300G,Mercearia,"-6,00","R$ 4,50",,Loja,VAL,"-R$ 27,00",20079990,UN
"R$ 35.167.575,97",M2159-1,GRANCONE TRUFADINHO,Mercearia,"0,00","R$ 13,50",,Loja,JUNDIA,"R$ 0,00",21050010,UN
"R$ 35.167.575,97",M1770-1,GRANCONE TRUFADINHO,Mercearia,"-32,00","R$ 14,50",,Loja,JUNDIAI ,"-R$ 464,00",21050010,UN
"R$ 35.167.575,97",M2718-1,GRANCONE TRUFADINHO 70G,Mercearia,"2,00","R$ 14,50",,Loja,JUNDIA,"R$ 29,00",21050010,UN
"R$ 35.167.575,97",7896301800028,GUARDANAPO PAPEL COQUETEL,Mercearia,"14,00","R$ 2,50",,Loja,COQUETAL.,"R$ 35,00",48183000,UN
"R$ 35.167.575,97",7896301800073,GUARDANAPO PAPEL COQUETEL,Mercearia,"12,00","R$ 4,50",,Loja,COQUETEL ,"R$ 54,00",48183000,UN
"R$ 35.167.575,97",M618-1,GUARDANAPOS DE PAPEL WHITEPAPER,Mercearia,"-8,00","R$ 2,50",,Loja,.,"-R$ 20,00",48183000,UN
"R$ 35.167.575,97",M1145-1,HALLS CEREJA DROPS,Mercearia,"-1,00","R$ 2,50",,Loja,HALLS,"-R$ 2,50",17049020,UN
"R$ 35.167.575,97",M606-1,HALLS EXTRA FORTE DROPS,Mercearia,"4,00","R$ 2,50",,Loja,HALLS,"R$ 10,00",17049020,UN
"R$ 35.167.575,97",M1146-1,HALLS MORANGO DROPS,Mercearia,"0,00","R$ 2,50",,Loja,HALLS,"R$ 0,00",17049020,UN
"R$ 35.167.575,97",M1550-1,HAVAIANA H.TOPBRVIBESFC BRANCO,Mercearia,"0,00","R$ 39,99",,Loja,HAVAIANAS,"R$ 0,00",64022000,UN
"R$ 35.167.575,97",M1549-1,HAVAIANAS SLIM AZULBRILHANTE,Mercearia,"2,00","R$ 29,99",,Loja,HAVAINAS,"R$ 59,98",64022000,UN
"R$ 35.167.575,97",7896102503708,HEINZ TOMATO KETCHUP 397G,Mercearia,"-4,00","R$ 19,90",,Loja,TALISMAN,"-R$ 79,60",21032010,UN
"R$ 35.167.575,97",7896216100268,INHOC DE BATAT 500G,Mercearia,"-1,00","R$ 13,90",,Loja,MEZZANI,"-R$ 13,90",04061090,UN
"R$ 35.167.575,97",M1884-1,ISQUEIRO BIC MAXI GRANDE,Mercearia,"108,00","R$ 6,00",,Loja,BIC,"R$ 648,00",96131000,UN
"R$ 35.167.575,97",M2679-1,ISQUEIRO BIC MINI,Mercearia,"12,00","R$ 4,90",,Loja,ISQUEIRO ,"R$ 58,80",96131000,UN
"R$ 35.167.575,97",M2746-1,KATCHUP HELLMANNS 380G,Mercearia,"1,00","R$ 11,90",,Loja,HELLMANNS,"R$ 11,90",21032010,UN
"R$ 35.167.575,97",M1537-1,KETCHUP BILLY&JACK 380G,Mercearia,"0,00","R$ 7,99",,Loja,BILLY&JACK,"R$ 0,00",21032010,UN
"R$ 35.167.575,97",M1679-1,KETCHUP HELLMANNS 380G,Mercearia,"-4,00","R$ 12,90",,Loja,HELLMANNS,"-R$ 51,60",21032010,UN
"R$ 35.167.575,97",M2099-1,KETCHUP HELLMANNS SUPREME 390G,Mercearia,"-2,00","R$ 17,00",,Loja,HELLMANNS,"-R$ 34,00",21032010,UN
"R$ 35.167.575,97",M1680-1,KETCHUP PICANTE HELLMANNS 380G,Mercearia,"-4,00","R$ 12,90",,Loja,HELLMANNS,"-R$ 51,60",21032010,UN
"R$ 35.167.575,97",M1536-1,KETCHUP TRADICIONAL 380G KISABOR,Mercearia,"-14,00","R$ 6,99",,Loja,KISABOR,"-R$ 97,86",21032010,UN
"R$ 35.167.575,97",M2424-1,KINDER OVO JOY 20G,Mercearia,"3,00","R$ 11,90",,Loja,BAMBINO ,"R$ 35,70",18069000,UN
"R$ 35.167.575,97",7897042020249,KIT SKALA 325ML SH+COND 200ML CACHOS,Mercearia,"0,00","R$ 15,90",,Loja,SKALA ,"R$ 0,00",33051000,UN
"R$ 35.167.575,97",M1370-1,LAMON PEPPER 1KG,Mercearia,"0,00","R$ 28,50",,Loja,MAX,"R$ 0,00",21039029,UN
"R$ 35.167.575,97",M1584-1,LAMPADA KIAN 70W,Mercearia,"-3,00","R$ 7,00",,Loja,KIAN,"-R$ 21,00",85395200,UN
"R$ 35.167.575,97",M816-1,LASANHA TRADICONAL 200G,Mercearia,"-14,00","R$ 3,99",,Loja,PETYBON,"-R$ 55,86",19021900,UN
"R$ 35.167.575,97",M2742-1,LAYS CLASSICAS 62GX26X1,Mercearia,"-1,00","R$ 11,90",,Loja,LAYS,"-R$ 11,90",20052000,UN
"R$ 35.167.575,97",M1036-1,LAYS CLASSICAS 70GX24 PP,Mercearia,"-22,00","R$ 10,50",,Loja,PEPSICO,"-R$ 231,00",20052000,UN
"R$ 35.167.575,97",M1973-1,LAYS COPA PICANHA 62GX26X1,Mercearia,"-46,00","R$ 12,00",,Loja,ruffles,"-R$ 552,00",20052000,UN
"R$ 35.167.575,97",M1975-1,LAYS COPA QUEIJO 62GX26X1,Mercearia,"-15,00","R$ 11,99",,Loja,RUFFKES,"-R$ 179,85",20052000,UN
"R$ 35.167.575,97",M1767-1,LAYS RUSTOCAS SABOR CREAM CHEESE 68G,Mercearia,"0,00","R$ 10,50",,Loja,LAYS,"R$ 0,00",20052000,UN
"R$ 35.167.575,97",M1394-1,LAYS SALT E VINEGAR 70G,Mercearia,"-1,00","R$ 10,50",,Loja,PEPSICO,"-R$ 10,50",20052000,UN
"R$ 35.167.575,97",M2752-1,LAYS SALY E VINEGAR 62G,Mercearia,"-3,00","R$ 11,50",,Loja,LAYS,"-R$ 34,50",20052000,UN
"R$ 35.167.575,97",M1869-1,LAYS SOUR CREAM 35G,Mercearia,"-7,00","R$ 5,50",,Loja,PEPSICO,"-R$ 38,50",20052000,UN
"R$ 35.167.575,97",M2743-1,LAYS SOUR CREAM 62GX26X1 PP,Mercearia,"4,00","R$ 11,90",,Loja,LAYS,"R$ 47,60",20052000,UN
"R$ 35.167.575,97",M1037-1,LAYS SOUR CREAM 70G,Mercearia,"-8,00","R$ 10,50",,Loja,PEPSICO,"-R$ 84,00",20052000,UN
"R$ 35.167.575,97",M1974-1,LAYS TACO MEXICANO 62GX26X1,Mercearia,"-7,00","R$ 11,99",,Loja,ruffles,"-R$ 83,93",20052000,UN
"R$ 35.167.575,97",M17-1,LEITE CONDENSADO ITALAC 395G SEMI,Mercearia,"-19,00","R$ 8,80",,Loja,Italac,"-R$ 167,20",04029900,UN
"R$ 35.167.575,97",M120-1,LEITE CONDENSADO MOCA 395G,Mercearia,"-89,00","R$ 10,99",,Loja,MOÇA,"-R$ 978,11",04029900,UN
"R$ 35.167.575,97",M1526-1,LEITE CONDENSADO PAULISTA 395G,Mercearia,"0,00","R$ 7,80",,Loja,PAULISTA,"R$ 0,00",04029900,UN
"R$ 35.167.575,97",M961-1,LEITE CONDENSADO PIRACAJUBA 395G SEMI,Mercearia,"0,00","R$ 8,40",,Loja,PIRACAJUBA,"R$ 0,00",04029900,UN
"R$ 35.167.575,97",M1527-1,LEITE CONDENSADO TIROL 395G,Mercearia,"0,00","R$ 7,80",,Loja,TIROL,"R$ 0,00",04029900,UN
"R$ 35.167.575,97",M189-1,LEITE DE COCO INDIANO 200ML,Mercearia,"-6,00","R$ 4,99",,Loja,INDIANO,"-R$ 29,94",20098990,UN
"R$ 35.167.575,97",7896028014494,LEITE DE COCO MENINA,Mercearia,"2,00","R$ 3,80",,Loja,MENINA,"R$ 7,60",20098990,UN
"R$ 35.167.575,97",M2798-1,LEITE DE COCO NORDESTE 200ML,Mercearia,"16,00","R$ 3,60",,Loja,NORDESTE,"R$ 57,60",20098990,UN
"R$ 35.167.575,97",7896004400075,LEITE DE COCO SOCOCO 200ML NATURAL,Mercearia,"1,00","R$ 8,90",,Loja,SOCOCO,"R$ 8,90",20098990,UN
"R$ 35.167.575,97",7891164027704,LEITE EM PO INTEGRAL 400G,Mercearia,"-5,00","R$ 19,50",,Loja,AURORA,"-R$ 97,50",04022110,UN
"R$ 35.167.575,97",M1934-1,LEITE INTEGRAL QUATA 1L,Mercearia,"-122,00","R$ 5,99",,Loja,QUATA,"-R$ 730,78",04012010,UN
"R$ 35.167.575,97",7896569405003,LEITE LIDER 1L,Mercearia,"-95,00","R$ 6,99",,Loja,FLYS,"-R$ 664,05",04015021,UN
"R$ 35.167.575,97",M1762-1,LEITE MOÇA NESTLE 395G,Mercearia,"-1260,00","R$ 10,99",,Loja,NESTLE,"-R$ 13.847,40",04029900,UN
"R$ 35.167.575,97",M767-1,LEITE NINHO INTEGRAL 380G,Mercearia,"-2,00","R$ 27,00",,Loja,NESTLE,"-R$ 54,00",04022110,UN
"R$ 35.167.575,97",M195-1,LEITE PO ITALAC 400G INTEGRAL,Mercearia,"-16,00","R$ 22,60",,Loja,Italac,"-R$ 361,60",04022110,UN
"R$ 35.167.575,97",7896051130116,LEITE PO ITAMBE 400G INTEGRAL,Mercearia,"-7,00","R$ 19,50",,Loja,ITAMBE,"-R$ 136,50",04022110,UN
"R$ 35.167.575,97",7891000399590,LEITE PO NINHO 380G INSTANT,Mercearia,"-1,00","R$ 25,90",,Loja,NINHO,"-R$ 25,90",04022110,UN
"R$ 35.167.575,97",7891000340981,LEITE PO NINHO 380G INTEGRAL,Mercearia,"2,00","R$ 25,90",,Loja,NINHO,"R$ 51,80",04022110,UN
"R$ 35.167.575,97",M2224-1,LEITE PO NINHO 380G INTEGRAL,Mercearia,"2,00","R$ 26,99",,Loja,NINHO,"R$ 53,98",04022110,UN
"R$ 35.167.575,97",M2318-1,LEITE PO PIRACANJUBA 400G INTEGRAL,Mercearia,"1,00","R$ 21,50",,Loja,PIRACANJUBA,"R$ 21,50",04022110,UN
"R$ 35.167.575,97",7898999001442,LIMPA ALUMINIO 500G,Mercearia,"-42,00","R$ 10,80",,Loja,MAXBRIL,"-R$ 453,60",34025000,UN
"R$ 35.167.575,97",M2770-1,LIMPEZA INGLEZA UAU 500ML,Mercearia,"20,00","R$ 5,90",,Loja,UAU,"R$ 118,00",34025000,UN
"R$ 35.167.575,97",M2643-1,LINGUICA TOSCANA NABRASA PERDIGAO,Mercearia,"100,00","R$ 25,19",,Loja,SADIA,"R$ 2.518,50",16010000,UN
"R$ 35.167.575,97",M2543-1,LOCAO HID PAIXAO 200ML IRRESISTIVEL,Mercearia,"1,00","R$ 11,13",,Loja,PAIXAO,"R$ 11,13",33072090,UN
"R$ 35.167.575,97",M2541-1,LOCAO HID PAIXAO 200ML TENTADORA,Mercearia,"0,00","R$ 11,13",,Loja,PAIXAO,"R$ 0,00",33072090,UN
"R$ 35.167.575,97",M2710-1,LUVA LATEX COM PO G,Mercearia,"1,00","R$ 44,90",,Loja,LATEX,"R$ 44,90",40151900,UN
"R$ 35.167.575,97",M603-1,MACARAO DONA BENTA 500G ESPAGUETE,Mercearia,"51,00","R$ 4,40",,Loja,DONA BENTA,"R$ 224,40",19021100,UN
"R$ 35.167.575,97",M2633-1,MACARRAO DONA BENTA 500G OVOS,Mercearia,"13,00","R$ 4,50",,Loja,DONA BENTA,"R$ 58,50",19021100,UN
"R$ 35.167.575,97",M2370-1,MACARRÃO DONA BENTA 500G OVOS AVE MARIA,Mercearia,"5,00","R$ 5,20",,Loja,GALO,"R$ 26,00",19021100,UN
"R$ 35.167.575,97",M168-1,MACARRÃO ESPAGUETE BASILAR 400G,Mercearia,"-39,00","R$ 3,50",,Loja,BASILAR,"-R$ 136,50",19021900,UN
"R$ 35.167.575,97",M224-1,MACARRAO GALO 500G SEMOLA AVE MARIA,Mercearia,"-21,00","R$ 5,20",,Loja,GALO,"-R$ 109,20",19021900,UN
"R$ 35.167.575,97",M221-1,MACARRAO GALO 500G SEMOLA ESPAGUETE,Mercearia,"5,00","R$ 4,90",,Loja,GALO,"R$ 24,50",19021900,UN
"R$ 35.167.575,97",M222-1,MACARRAO GALO 500G SEMOLA PARAFUSO,Mercearia,"-9,00","R$ 4,90",,Loja,GALO,"-R$ 44,10",19021900,UN
"R$ 35.167.575,97",M223-1,MACARRAO GALO 500G SEMOLA PENE,Mercearia,"-14,00","R$ 4,90",,Loja,GALO,"-R$ 68,60",19021900,UN
"R$ 35.167.575,97",M2526-1,MACARRAO INST NISSIN LAMEN 85G GALINHA,Mercearia,"16,00","R$ 3,99",,Loja,NISSIN,"R$ 63,84",19023000,UN
"R$ 35.167.575,97",M135-1,MACARRAO INSTANTANEO ADRIA 75G GALINHA,Mercearia,"2,00","R$ 2,00",,Loja,ADRIA,"R$ 4,00",19023000,UN
"R$ 35.167.575,97",M29-1,MACARRAO INSTANTANEO APTI 70G CARNE,Mercearia,"59,00","R$ 1,50",,Loja,Apti,"R$ 88,50",19023000,UN
"R$ 35.167.575,97",M136-1,MACARRAO INSTANTANEO APTI 70G GALINHA CAIPIRA,Mercearia,"110,00","R$ 1,50",,Loja,Apti,"R$ 165,00",19023000,UN
"R$ 35.167.575,97",M2418-1,MACARRAO INSTANTANEO NISSIN LAMEN 85G,Mercearia,"-1,00","R$ 3,99",,Loja,NISSIM,"-R$ 3,99",19023000,UN
"R$ 35.167.575,97",M2417-1,MACARRAO INSTANTENEO LAMEN 85G,Mercearia,"33,00","R$ 3,99",,Loja,NISSIN,"R$ 131,67",19023000,UN
"R$ 35.167.575,97",M220-1,MACARRAO LIANE 1KG,Mercearia,"-10,00","R$ 11,60",,Loja,LIANE,"-R$ 116,00",19021900,UN
"R$ 35.167.575,97",M1853-1,MACARRÃO LIANE 1KG COMUM NR4,Mercearia,"5,00","R$ 11,60",,Loja,LIANE,"R$ 58,00",19021900,UN
"R$ 35.167.575,97",M601-1,MACARRAO NSTANTANEO APTI 70G GALINHA,Mercearia,"0,00","R$ 1,50",,Loja,Apti,"R$ 0,00",19023000,UN
"R$ 35.167.575,97",M786-1,MACARRAO PADRE NOSSO 400G,Mercearia,"-17,00","R$ 3,99",,Loja,BASILAR,"-R$ 67,83",19021900,UN
"R$ 35.167.575,97",M1488-1,MACARRAO PADRE NOSSO 500G,Mercearia,"11,00","R$ 4,20",,Loja,DONA BENTA,"R$ 46,20",19021900,UN
"R$ 35.167.575,97",M2440-1,MACARRAO PADRE NOSSO 500G,Mercearia,"0,00","R$ 5,20",,Loja,GALO,"R$ 0,00",19021100,UN
"R$ 35.167.575,97",M800-1,MACARRAO PARAFUSO 400G,Mercearia,"0,00","R$ 3,99",,Loja,BASILAR,"R$ 0,00",19021900,UN
"R$ 35.167.575,97",M703-1,MACARRAO PARAFUSO 500G OVOS,Mercearia,"14,00","R$ 4,40",,Loja,DONA BENTA,"R$ 61,60",19021100,UN
"R$ 35.167.575,97",M805-1,MACARRAO PENE 400G,Mercearia,"-1,00","R$ 3,99",,Loja,BASILAR,"-R$ 3,99",19021900,UN
"R$ 35.167.575,97",M1487-1,MACARRAO PENNE 500G,Mercearia,"-14,00","R$ 4,20",,Loja,DONA BENTA,"-R$ 58,80",19021900,UN
"R$ 35.167.575,97",M1157-1,MACARRAO PENNE CAMIL 500G,Mercearia,"0,00","R$ 3,99",,Loja,CAMIL,"R$ 0,00",19021900,UN
"R$ 35.167.575,97",M686-1,MAIONESE 500G,Mercearia,"-2,00","R$ 14,50",,Loja,HELLMMANS,"-R$ 29,00",21039011,UN
"R$ 35.167.575,97",M137-1,MAIONESE HEINZ 215G,Mercearia,"-2,00","R$ 10,92",,Loja,HEINZ,"-R$ 21,84",21039011,UN
"R$ 35.167.575,97",M1848-1,MAIONESE HEINZ 400G,Mercearia,"-2,00","R$ 18,90",,Loja,HEINZ,"-R$ 37,80",21039011,UN
"R$ 35.167.575,97",M2081-1,MAIONESE HELLMANNS 250G,Mercearia,"-32,00","R$ 11,50",,Loja,HELLMANNS,"-R$ 368,00",21039011,UN
"R$ 35.167.575,97",M2774-1,MAIONESE HELLMANNS 250G,Mercearia,"-7,00","R$ 10,90",,Loja,HELLMANNS,"-R$ 76,30",21039011,UN
"R$ 35.167.575,97",M292-1,MAIONESE HELLMANNS 250G TRADICIONAL,Mercearia,"64,00","R$ 10,90",,Loja,HELLMANNS,"R$ 697,60",21039011,UN
"R$ 35.167.575,97",M1893-1,MAIONESE HELLMANNS 500G,Mercearia,"18,00","R$ 27,54",,Loja,HELLMANNS,"R$ 495,72",21039011,UN
"R$ 35.167.575,97",M2527-1,MAIONESE HELLMANNS 500G,Mercearia,"24,00","R$ 14,99",,Loja,HELLMMANNS,"R$ 359,76",21039011,UN
"R$ 35.167.575,97",7894000050034,MAIONESE HELLMANNS PT 500G,Mercearia,"-102,00","R$ 14,50",,Loja,HELLMANNS,"-R$ 1.479,00",21039011,UN
"R$ 35.167.575,97",M200-1,MAIONESE QUERO 495G,Mercearia,"4,00","R$ 8,80",,Loja,QUERO,"R$ 35,20",21039011,UN
"R$ 35.167.575,97",M293-1,MAIZENA 200G,Mercearia,"-22,00","R$ 5,50",,Loja,MAIZENA,"-R$ 121,00",11081200,UN
"R$ 35.167.575,97",M593-1,MANTEIGA SERRA DA MANTIQUEIRA,Mercearia,"-24,00","R$ 24,00",,Loja,.,"-R$ 576,00",04051000,UN
"R$ 35.167.575,97",M2497-1,MARGARINA,Mercearia,"3,00","R$ 7,00",,Loja,MBRF,"R$ 21,00",15171000,UN
"R$ 35.167.575,97",M1010-1,MARGARINA CREMOSA COM SAL QUALY,Mercearia,"0,00","R$ 6,60",,Loja,QUALY,"R$ 0,00",15171000,UN
"R$ 35.167.575,97",M1622-1,MARGARINA DELICIA 250G,Mercearia,"-7,00","R$ 5,99",,Loja,DELICIA,"-R$ 41,93",15171000,UN
"R$ 35.167.575,97",M605-1,MARGARINA DORIANA 250G COM SAL,Mercearia,"-14,00","R$ 5,70",,Loja,.,"-R$ 79,80",15171000,UN
"R$ 35.167.575,97",M616-1,MARGARINA DORIANA 500G COM SAL,Mercearia,"-21,00","R$ 10,20",,Loja,.,"-R$ 214,20",15171000,UN
"R$ 35.167.575,97",M230-1,MARIA MOLE APTI 50G COCO,Mercearia,"-11,00","R$ 4,20",,Loja,Apti,"-R$ 46,20",21069029,UN
"R$ 35.167.575,97",M2665-1,MARSHBOO FANTASMA 70G,Mercearia,"-8,00","R$ 7,60",,Loja,FINI,"-R$ 60,80",17049020,UN
"R$ 35.167.575,97",M2433-1,MARSHMALLOWS PACOQUITA 70G,Mercearia,"-19,00","R$ 7,50",,Loja,FINI,"-R$ 142,50",17049020,UN
"R$ 35.167.575,97",M413-1,MARSHMALLOWS TORCAO 80G,Mercearia,"-31,00","R$ 7,50",,Loja,FINI,"-R$ 232,50",17049020,UN
"R$ 35.167.575,97",M1896-1,MARSHMALLOWS TORCAO 80G,Mercearia,"4,00","R$ 86,76",,Loja,FINI,"R$ 347,04",17049020,UN
"R$ 35.167.575,97",M596-1,MASSA DE PASTEL DISCO 500G,Mercearia,"0,00","R$ 9,49",,Loja,.,"R$ 0,00",04061090,UN
"R$ 35.167.575,97",M595-1,MASSA DE PASTEL FRESCA ROLO 400G,Mercearia,"-16,00","R$ 6,99",,Loja,.,"-R$ 111,84",19021900,UN
"R$ 35.167.575,97",M2757-1,MASSA PASTEL DISCO GUACU MASSAS,Mercearia,"15,00","R$ 8,90",,Loja,SEM LIMITE,"R$ 133,50",19021900,UN
"R$ 35.167.575,97",M2758-1,MASSA PASTEL ROLO GUACU MASSAS,Mercearia,"18,00","R$ 7,90",,Loja,GUACU ,"R$ 142,20",19021900,UN
"R$ 35.167.575,97",M1510-1,MASSA PASTEL SANDRINI 500G,Mercearia,"0,00","R$ 7,99",,Loja,SANDRINI,"R$ 0,00",04061090,UN
"R$ 35.167.575,97",M1551-1,MAT INSET MULTI INSETICIDA 360ML,Mercearia,"2,00","R$ 14,99",,Loja,MAT INSET,"R$ 29,98",38089119,UN
"R$ 35.167.575,97",M2162-1,MAX AVELA,Mercearia,"0,00","R$ 13,50",,Loja,JUNDIA,"R$ 0,00",21050010,UN
"R$ 35.167.575,97",M1773-1,MAX AVELA 75G,Mercearia,"-31,00","R$ 14,50",,Loja,JUNDIAI ,"-R$ 449,50",21050010,UN
"R$ 35.167.575,97",M768-1,MEL DE 1L,Mercearia,"-16,00","R$ 22,50",,Loja,.,"-R$ 360,00",04090000,UN
"R$ 35.167.575,97",123123,MEL DOCE FAVO 280G,Mercearia,"-5,00","R$ 17,00",,Loja,.,"-R$ 85,00",04090000,UN
"R$ 35.167.575,97",M785-1,MEL SERRA DE OURO 700GR,Mercearia,"-31,00","R$ 23,99",,Loja,.,"-R$ 743,69",04090000,UN
"R$ 35.167.575,97",M2666-1,MELANCIA AZEDINHA FATIAS 80G,Mercearia,"-6,00","R$ 7,60",,Loja,FINI,"-R$ 45,60",17049020,UN
"R$ 35.167.575,97",M1429-1,"MENTOS SABOR MENTA 37,5G",Mercearia,"-1,00","R$ 3,00",,Loja,MENTOS,"-R$ 3,00",17049020,UN
"R$ 35.167.575,97",7895144293080,MENTOS UP2U 336G,Mercearia,"-4,00","R$ 14,99",,Loja,MENTOS,"-R$ 59,96",21069050,UN
"R$ 35.167.575,97",M1330-1,MILHO DE PIPOCA AMAFIL 500G,Mercearia,"-7,00","R$ 4,00",,Loja,AMAFIL,"-R$ 28,00",10059010,UN
"R$ 35.167.575,97",7898930142784,MILHO EM CONSERVA 280G,Mercearia,"-24,00","R$ 4,50",,Loja,SALSARETTI,"-R$ 108,00",20058000,UN
"R$ 35.167.575,97",M204-1,MILHO VERDE PREDILECTA 170G,Mercearia,"-3,00","R$ 3,90",,Loja,PREDILECTA,"-R$ 11,70",20058000,UN
"R$ 35.167.575,97",7898279790776,MINHOCAS 80G,Mercearia,"-51,00","R$ 7,50",,Loja,FINI,"-R$ 382,50",17049020,UN
"R$ 35.167.575,97",7898279792039,MINHOCAS AZEDINHAS 80G,Mercearia,"-59,00","R$ 7,50",,Loja,FINI,"-R$ 442,50",17049020,UN
"R$ 35.167.575,97",7898080642165,MISTURA BOLO CENOURA 400G,Mercearia,"9,00","R$ 8,99",,Loja,Italac,"R$ 80,91",19012090,UN
"R$ 35.167.575,97",7896005217023,MISTURA BOLO CHOCOLATE DONA BENTA 450G,Mercearia,"7,00","R$ 8,99",,Loja,DONA BENTA,"R$ 62,93",19012090,UN
"R$ 35.167.575,97",M1521-1,MISTURA P/ BOLO APTI 400G CENOURA,Mercearia,"-12,00","R$ 5,00",,Loja,Apti,"-R$ 60,00",19012090,UN
"R$ 35.167.575,97",7908494801079,MISTURA PARA BOLINHO DE CHUVA 300G,Mercearia,"-18,00","R$ 2,00",,Loja,PALADAR ,"-R$ 36,00",19019090,UN
"R$ 35.167.575,97",7896005280911,MISTURA PARA BOLO 450G CENOURA,Mercearia,"5,00","R$ 7,90",,Loja,DONA BENTA,"R$ 39,50",19012090,UN
"R$ 35.167.575,97",M2789-1,MISTURA PARA BOLO APTI 400G CHOCOLATE,Mercearia,"12,00","R$ 4,70",,Loja,Apti,"R$ 56,40",19012090,UN
"R$ 35.167.575,97",7908494800447,MISTURA PARA BOLO CHOCOLATE 300G,Mercearia,"-34,00","R$ 2,00",,Loja,BOM GOSTO ,"-R$ 68,00",19019090,UN
"R$ 35.167.575,97",7896005272046,MISTURA PARA BOLO COCO 450G,Mercearia,"-3,00","R$ 7,90",,Loja,DONA BENTA,"-R$ 23,70",19012090,UN
"R$ 35.167.575,97",7896005272060,MISTURA PARA BOLO FESTA 450G,Mercearia,"4,00","R$ 7,90",,Loja,DONA BENTA,"R$ 31,60",19012090,UN
"R$ 35.167.575,97",M141-1,MISTURA PARA BOLO ITALAC 400G CHOCOLATE,Mercearia,"-5,00","R$ 5,50",,Loja,Italac,"-R$ 27,50",19019090,UN
"R$ 35.167.575,97",M142-1,MISTURA PARA BOLO ITALAC 400G COCO,Mercearia,"0,00","R$ 5,50",,Loja,Italac,"R$ 0,00",19019090,UN
"R$ 35.167.575,97",7896005272022,MISTURA PARA BOLO LARANJA 450G,Mercearia,"7,00","R$ 7,90",,Loja,DONA BENTA,"R$ 55,30",19012090,UN
"R$ 35.167.575,97",M594-1,MISTURA REQUEIJAO E GORDURA VEGETAL E AMIDO,Mercearia,"-20,00","R$ 11,00",,Loja,.,"-R$ 220,00",04061090,UN
"R$ 35.167.575,97",7908228807766,MIX SURPRESA 80G,Mercearia,"-5,00","R$ 7,50",,Loja,FINI,"-R$ 37,50",17049020,UN
"R$ 35.167.575,97",M2654-1,MOLHO ALHO 150ML,Mercearia,"-3,00","R$ 7,99",,Loja,CONDINEW,"-R$ 23,97",21039091,UN
"R$ 35.167.575,97",M857-1,MOLHO ALHO C/ PIMENTA 150ML,Mercearia,"-4,00","R$ 5,80",,Loja,.,"-R$ 23,20",21039091,UN
"R$ 35.167.575,97",M858-1,MOLHO CALABRES 150ML,Mercearia,"-10,00","R$ 4,90",,Loja,.,"-R$ 49,00",21039091,UN
"R$ 35.167.575,97",M829-1,MOLHO CHEIRO VERDE 145ML,Mercearia,"-9,00","R$ 7,99",,Loja,CONDINEW,"-R$ 71,91",21039029,UN
"R$ 35.167.575,97",M823-1,MOLHO CUMARI E DEDO DE MOÇA 145ML,Mercearia,"-2,00","R$ 6,99",,Loja,CONDINEW,"-R$ 13,98",21039021,UN
"R$ 35.167.575,97",M2833-1,MOLHO DE ALHO 150 ML,Mercearia,"11,00","R$ 5,70",,Loja,ALCIMO ,"R$ 62,70",21039091,UN
"R$ 35.167.575,97",M825-1,MOLHO DE ALHO 150ML,Mercearia,"-8,00","R$ 3,99",,Loja,CONDINEW,"-R$ 31,92",21039029,UN
"R$ 35.167.575,97",M581-1,MOLHO DE PIMENTA BRAVA ALEMAO,Mercearia,"-11,00","R$ 6,50",,Loja,.,"-R$ 71,50",21039099,UN
"R$ 35.167.575,97",M580-1,MOLHO DE PIMENTA CAIPIRA ALEMAO,Mercearia,"-9,00","R$ 10,50",,Loja,.,"-R$ 94,50",21039099,UN
"R$ 35.167.575,97",M2306-1,MOLHO DE PIMENTA CALABRESA 150ML,Mercearia,"-22,00","R$ 5,90",,Loja,ALCIMO ,"-R$ 129,80",21039099,UN
"R$ 35.167.575,97",7898953190960,MOLHO DE PIMENTA CAROLINA REAPER,Mercearia,"-3,00","R$ 5,90",,Loja,ALCIMO ,"-R$ 17,70",21039099,UN
"R$ 35.167.575,97",M828-1,MOLHO DE PIMENTA CUMARI VERMELHO 50G,Mercearia,"-7,00","R$ 14,99",,Loja,CONDINEW,"-R$ 104,93",07096000,UN
"R$ 35.167.575,97",M2832-1,MOLHO DE PIMENTA GOTA PICANTE 150 ML,Mercearia,"12,00","R$ 5,80",,Loja,ALCIMO ,"R$ 69,60",21039091,UN
"R$ 35.167.575,97",M822-1,MOLHO DE PIMENTA MALAGUETA 150ML,Mercearia,"-9,00","R$ 5,99",,Loja,CONDINEW,"-R$ 53,91",21039021,UN
"R$ 35.167.575,97",M859-1,MOLHO DE PIMENTA MEXICANA 145ML,Mercearia,"-11,00","R$ 7,50",,Loja,.,"-R$ 82,50",21039091,UN
"R$ 35.167.575,97",M827-1,MOLHO DE PIMENTA VERMELHA 150ML,Mercearia,"-16,00","R$ 4,99",,Loja,CONDINEW,"-R$ 79,84",21039021,UN
"R$ 35.167.575,97",M1188-1,MOLHO DE TOMATE QUERO 240G,Mercearia,"-6,00","R$ 2,50",,Loja,QUERO,"-R$ 15,00",21032090,UN
"R$ 35.167.575,97",M861-1,MOLHO GOTA DE FOGO 145ML,Mercearia,"-17,00","R$ 7,99",,Loja,CONDINEW,"-R$ 135,83",21039091,UN
"R$ 35.167.575,97",M2624-1,MOLHO HELLMANNS 230G AMERICAN BURGER PICLES,Mercearia,"-3,00","R$ 18,00",,Loja,HELLMANNS,"-R$ 54,00",21039091,UN
"R$ 35.167.575,97",M2625-1,"MOLHO HELLMANNS 335G CEBOLA, SALSA E LIMAO",Mercearia,"-4,00","R$ 22,90",,Loja,HELLMANNS,"-R$ 91,60",21039091,UN
"R$ 35.167.575,97",M2626-1,MOLHO HELLMANNS 335G CHEDDAR,Mercearia,"-3,00","R$ 21,90",,Loja,HELLMANNS,"-R$ 65,70",21039091,UN
"R$ 35.167.575,97",M862-1,MOLHO INGLES 150ML,Mercearia,"-19,00","R$ 3,90",,Loja,CONDINEW,"-R$ 74,10",21039091,UN
"R$ 35.167.575,97",M863-1,MOLHO P/ CHURRASCO EXTRA FORTE 500ML,Mercearia,"-4,00","R$ 16,50",,Loja,CONDINEW,"-R$ 66,00",21039091,UN
"R$ 35.167.575,97",M820-1,MOLHO PARA CHURRASCO PICANTE 500ML,Mercearia,"-4,00","R$ 15,90",,Loja,CONDINEW,"-R$ 63,60",21039091,UN
"R$ 35.167.575,97",M821-1,MOLHO PARA CHURRASCO TRADICIONAL 500ML,Mercearia,"-5,00","R$ 15,90",,Loja,CONDINEW,"-R$ 79,50",21039091,UN
"R$ 35.167.575,97",M864-1,MOLHO SHOYU 150ML,Mercearia,"-21,00","R$ 4,50",,Loja,CONDINEW,"-R$ 94,50",21031010,UN
"R$ 35.167.575,97",M1844-1,MOLHO SWEET CHILLI ABACAXI 280G,Mercearia,"-3,00","R$ 14,99",,Loja,POLETTO,"-R$ 44,97",21039091,UN
"R$ 35.167.575,97",M1843-1,MOLHO SWEET CHILLI GOIABADA 280G,Mercearia,"-5,00","R$ 14,99",,Loja,POLETTO,"-R$ 74,95",21039091,UN
"R$ 35.167.575,97",M1842-1,MOLHO SWEET CHILLI MARACUJA 280G,Mercearia,"-4,00","R$ 14,99",,Loja,POLETTO,"-R$ 59,96",21039091,UN
"R$ 35.167.575,97",M1841-1,MOLHO SWEET CHILLI MORANGO 280G,Mercearia,"-1,00","R$ 14,99",,Loja,POLETTO,"-R$ 14,99",21039091,UN
"R$ 35.167.575,97",M9-1,MOLHO TOM FUGINI 300G TRADICIONAL,Mercearia,"-185,00","R$ 2,00",,Loja,Fugini,"-R$ 370,00",21032010,UN
"R$ 35.167.575,97",M628-1,MOLHO TOMATE HEINZ 240G,Mercearia,"0,00","R$ 3,50",,Loja,.,"R$ 0,00",21032090,UN
"R$ 35.167.575,97",M138-1,MOLHO TOMATE POMAROLA 300G TRADICIONAL,Mercearia,"0,00","R$ 3,70",,Loja,POMAROLA,"R$ 0,00",21032010,UN
"R$ 35.167.575,97",M139-1,MOLHO TOMATE SALSARETTI 300G TRADICIONAL,Mercearia,"-56,00","R$ 2,70",,Loja,SALSARETTI,"-R$ 151,20",21032010,UN
"R$ 35.167.575,97",7896117600249,MONJOLINHO FARINHA MANDIOCA BRANCA FINA 500G,Mercearia,"-1,00","R$ 5,80",,Loja,DEUSA,"-R$ 5,80",11062000,UN
"R$ 35.167.575,97",7896117601079,MONJOLINHO FARINHA MANDIOCA BRANCA GROSSA 1KG,Mercearia,"-16,00","R$ 7,30",,Loja,MONJOLINHO,"-R$ 116,80",11062000,UN
"R$ 35.167.575,97",M390-1,MONJOLINHO FAROFA MANDIOCA PRONTA,Mercearia,"0,00","R$ 4,99",,Loja,DEUSA,"R$ 0,00",19019090,UN
"R$ 35.167.575,97",7908228809463,MORANGO SILVESTRE 80G,Mercearia,"-21,00","R$ 7,50",,Loja,FNI,"-R$ 157,50",17049020,UN
"R$ 35.167.575,97",M309-1,MOSTARDA HELLMANNS 170G,Mercearia,"-15,00","R$ 12,90",,Loja,HELLMANNS,"-R$ 193,50",21033021,UN
"R$ 35.167.575,97",M42-1,MOSTARDA PREDILECTA 180G,Mercearia,"16,00","R$ 5,50",,Loja,PREDILECTA,"R$ 88,00",21033021,UN
"R$ 35.167.575,97",M2434-1,OCEANITOS 80GR,Mercearia,"2,00","R$ 7,50",,Loja,FINI,"R$ 15,00",17049020,UN
"R$ 35.167.575,97",M1109-1,OLEO COMPOSTO OLINDA 500ML TRAD,Mercearia,"3,00","R$ 13,50",,Loja,OLINDA,"R$ 40,50",15179010,UN
"R$ 35.167.575,97",M780-1,ÓLEO DE SOJA,Mercearia,"-92,00","R$ 9,90",,Loja,CONCORDIA,"-R$ 910,80",15079090,UN
"R$ 35.167.575,97",M1382-1,OLEO DE SOJA LIZA 900ML,Mercearia,"-9,00","R$ 9,90",,Loja,LIZA,"-R$ 89,10",15079090,UN
"R$ 35.167.575,97",M1195-1,OLEO SOYA 900ML,Mercearia,"-267,00","R$ 9,90",,Loja,SOYA,"-R$ 2.643,30",15079090,UN
"R$ 35.167.575,97",7896000593672,OURO COCO 1L,Mercearia,"8,00","R$ 10,60",,Loja,MAGUARY,"R$ 84,80",20098921,UN
"R$ 35.167.575,97",7896530720227,OVO DE PASCOA LACIELA AO LEITE 200G,Mercearia,"0,00","R$ 49,90",,Loja,LACIELLA ,"R$ 0,00",19053200,UN
"R$ 35.167.575,97",7896530720234,OVO DE PASCOA LACIELLA BRANCO 200G,Mercearia,"-1,00","R$ 49,90",,Loja,LACIELLA ,"-R$ 49,90",19053200,UN
"R$ 35.167.575,97",7896530722313,OVO DE PASCOA LACIELLA MEIO AMARGO 200G,Mercearia,"-1,00","R$ 49,90",,Loja,LACIELLA ,"-R$ 49,90",19053200,UN
"R$ 35.167.575,97",7896530718637,OVO DE PASCOA POEME 500G,Mercearia,"-2,00","R$ 49,90",,Loja,POEME,"-R$ 99,80",19053200,UN
"R$ 35.167.575,97",7896530712116,OVO DE PASCOA SUPREME AO LEITE 240G,Mercearia,"-3,00","R$ 28,90",,Loja,SUPREME,"-R$ 86,70",19053200,UN
"R$ 35.167.575,97",7896530712055,OVO DE PASCOA TALISMAN 150G,Mercearia,"-4,00","R$ 17,90",,Loja,TALISMAN,"-R$ 71,60",19053200,UN
"R$ 35.167.575,97",7896530712093,OVO DE PASCOA TALISMAN CROCANTE150G,Mercearia,"-4,00","R$ 17,90",,Loja,TALISMAN,"-R$ 71,60",19053200,UN
"R$ 35.167.575,97",7896530720241,OVO PASCOA LACIELLA CROCANTE 200G,Mercearia,"0,00","R$ 49,90",,Loja,LACIELLA ,"R$ 0,00",19053200,UN
"R$ 35.167.575,97",7896530712130,OVO PASCOA SUPREME CROCANTE 240G,Mercearia,"-4,00","R$ 27,90",,Loja,SUPREME,"-R$ 111,60",19053200,UN
"R$ 35.167.575,97",M2436-1,OVOS FRITOS 80GR,Mercearia,"-7,00","R$ 7,50",,Loja,FINI,"-R$ 52,50",17049020,UN
"R$ 35.167.575,97",M2249-1,PALITO DE DENTE,Mercearia,"-19,00","R$ 1,80",,Loja,CRYSTAL,"-R$ 34,20",44219900,UN
"R$ 35.167.575,97",7896423900262,PALMITO EM CONSERVA 540G,Mercearia,"-25,00","R$ 24,99",,Loja,SCALA,"-R$ 624,75",20089100,UN
"R$ 35.167.575,97",M202-1,PALMITO TIO PACO 300G PUPUNHA INTEIRO,Mercearia,"-2,00","R$ 23,99",,Loja,TIO PACO,"-R$ 47,97",20089100,UN
"R$ 35.167.575,97",M2542-1,"PANELA PRESSAO PANELUX 4,5L ALUM POLIDA UN-1UN QTD. 1.00 UN",Mercearia,"1,00","R$ 64,32",,Loja,PANELUX,"R$ 64,32",76151000,UN
"R$ 35.167.575,97",M1528-1,PAO BISNAGUINHA VISCONTI 240G,Mercearia,"-9,00","R$ 5,50",,Loja,VISCONTI,"-R$ 49,50",19059090,UN
"R$ 35.167.575,97",M588-1,PAO DE ALHO PREA,Mercearia,"-209,00","R$ 14,50",,Loja,.,"-R$ 3.030,50",19052090,UN
"R$ 35.167.575,97",M590-1,PAO DE ALHO TRADICIONAL ZINHO,Mercearia,"-1,00","R$ 15,90",,Loja,.,"-R$ 15,90",19052090,UN
"R$ 35.167.575,97",M589-1,PAO RECHEADO COM CATUPIRY ZINHO,Mercearia,"0,00","R$ 15,90",,Loja,.,"R$ 0,00",19052090,UN
"R$ 35.167.575,97",M1784-1,PAP ALUMINIO PARANA 30X4MT,Mercearia,"5,00","R$ 3,50",,Loja,PARANA,"R$ 17,50",76071190,UN
"R$ 35.167.575,97",7896026850148,PAPEL HIGIENICO DUETTO COM 4,Mercearia,"29,00","R$ 7,99",,Loja,BOM GOSTO ,"R$ 231,71",48181000,UN
"R$ 35.167.575,97",7898962794067,PAPEL HIGIENICO MAX COM 12 UNIDADES,Mercearia,"0,00","R$ 24,99",,Loja,MAX,"R$ 0,00",48181000,UN
"R$ 35.167.575,97",M28-1,PAPEL HIGIENICO PALOMA C/4 FL.DP 30MT,Mercearia,"13,00","R$ 6,90",,Loja,PALOMA,"R$ 89,70",48181000,UN
"R$ 35.167.575,97",7896061920202,PAPEL TOALHA KITCHEN,Mercearia,"2,00","R$ 5,90",,Loja,KITCHEN,"R$ 11,80",48189090,UN
"R$ 35.167.575,97",M276-1,PAPEL TOALHA YURI FIT COM 2 BRANCO,Mercearia,"-15,00","R$ 4,50",,Loja,YURI,"-R$ 67,50",48189090,UN
"R$ 35.167.575,97",7896914000716,PAPELOALHA SOCIAL CLEAN,Mercearia,"1,00","R$ 4,50",,Loja,CLEAN,"R$ 4,50",48189090,UN
"R$ 35.167.575,97",M629-1,PASTA  ALHO E CEBOLA SALSA E CEBOLINHA 200G,Mercearia,"-30,00","R$ 5,50",,Loja,.,"-R$ 165,00",07032090,UN
"R$ 35.167.575,97",M632-1,PASTA ALHO CEBOLA CHIMICHURRI,Mercearia,"-11,00","R$ 5,30",,Loja,.,"-R$ 58,30",07032090,UN
"R$ 35.167.575,97",M634-1,PASTA ALHO CEBOLA ERVAS FINAS 200G,Mercearia,"-17,00","R$ 5,30",,Loja,.,"-R$ 90,10",07032090,UN
"R$ 35.167.575,97",M631-1,PASTA ALHO E CEBOLA 200G,Mercearia,"3,00","R$ 5,30",,Loja,.,"R$ 15,90",07032090,UN
"R$ 35.167.575,97",7896481600029,PESSEGO CALDA GB 450G,Mercearia,"1,00","R$ 13,90",,Loja,CAMEL,"R$ 13,90",20087010,UN
"R$ 35.167.575,97",M1772-1,PIC DUO MARACUJA E LIMÃO 60G,Mercearia,"-17,00","R$ 7,99",,Loja,JUNDIA,"-R$ 135,83",21050010,UN
"R$ 35.167.575,97",7898036490017,PICOLE ABACAXI 60G,Mercearia,"-13,00","R$ 5,50",,Loja,JUNDIA,"-R$ 71,50",21050010,UN
"R$ 35.167.575,97",M2169-1,PICOLE BOMBOM BRIGOLE 70G,Mercearia,"-32,00","R$ 10,90",,Loja,JUNDIA,"-R$ 348,80",21050010,UN
"R$ 35.167.575,97",7898036490918,PICOLE COCO 60G,Mercearia,"-54,00","R$ 6,50",,Loja,JUNDIA,"-R$ 351,00",21050010,UN
"R$ 35.167.575,97",M2170-1,PICOLE COCO 70G,Mercearia,"0,00","R$ 6,50",,Loja,JUNDIA,"R$ 0,00",21050010,UN
"R$ 35.167.575,97",7898036490611,PICOLE MILHO VERDE 60G,Mercearia,"-47,00","R$ 6,50",,Loja,JUNDIA,"-R$ 305,50",21050010,UN
"R$ 35.167.575,97",M2168-1,PICOLE MILHO VERDE 70G,Mercearia,"0,00","R$ 6,50",,Loja,JUNDIA,"R$ 0,00",21050010,UN
"R$ 35.167.575,97",M2173-1,PICOLE MY LITTLE PONY 50G,Mercearia,"-18,00","R$ 5,50",,Loja,JUNDIA,"-R$ 99,00",21050010,UN
"R$ 35.167.575,97",M2172-1,PICOLE SPLIC MORANGO 50G,Mercearia,"-16,00","R$ 5,50",,Loja,JUNDIA,"-R$ 88,00",21050010,UN
"R$ 35.167.575,97",M2171-1,PICOLE SPLIC UVA 50G,Mercearia,"-22,00","R$ 6,80",,Loja,JUNDIA,"-R$ 149,60",21050010,UN
"R$ 35.167.575,97",7898036490215,PICOLE UVA  60G,Mercearia,"-23,00","R$ 5,50",,Loja,JUNDIA,"-R$ 126,50",21050010,UN
"R$ 35.167.575,97",M2648-1,PILHA RAYOVAC,Mercearia,"12,00","R$ 5,99",,Loja,ROYAVAC,"R$ 71,88",85061020,UN
"R$ 35.167.575,97",M1789-1,PILHA RAYOVAC PAL C/4,Mercearia,"0,00","R$ 6,99",,Loja,RAYOVAC ,"R$ 0,00",85061020,UN
"R$ 35.167.575,97",M1999-1,PILHA RAYOVAC PAL C/4 AAA,Mercearia,"80,00","R$ 6,74",,Loja,RAYOVAC ,"R$ 538,80",85061020,UN
"R$ 35.167.575,97",M2089-1,PILHA RAYOVAC PEQ C/4 AA TUBO DP-12UN QTD. 1.00 DP,Mercearia,"60,00","R$ 5,66",,Loja,.,"R$ 339,30",85061020,UN
"R$ 35.167.575,97",M835-1,PIMENTA BIQUINHO 90G,Mercearia,"-7,00","R$ 14,90",,Loja,CONDINEW,"-R$ 104,30",07096000,UN
"R$ 35.167.575,97",M833-1,PIMENTA BODE AMARELA,Mercearia,"-4,00","R$ 15,99",,Loja,CONDINEW,"-R$ 63,96",07096000,UN
"R$ 35.167.575,97",M830-1,PIMENTA BODE VERMELHA,Mercearia,"-2,00","R$ 13,99",,Loja,CONDINEW,"-R$ 27,98",07096000,UN
"R$ 35.167.575,97",M834-1,PIMENTA CUMARI DO PARA 90G,Mercearia,"-2,00","R$ 15,99",,Loja,CONDINEW,"-R$ 31,98",07096000,UN
"R$ 35.167.575,97",M826-1,PIMENTA CUMARI VERDE 50G,Mercearia,"-13,00","R$ 12,99",,Loja,CONDINEW,"-R$ 168,87",07096000,UN
"R$ 35.167.575,97",M922-1,PIMENTA DA ROÇA TEMPERO COMPLETO COM ERVAS FINAS 180G,Mercearia,"-9,00","R$ 2,50",,Loja,PIMENTA DA ROÇA,"-R$ 22,50",21039029,UN
"R$ 35.167.575,97",M832-1,PIMENTA MALAGUETA 90G,Mercearia,"-5,00","R$ 18,00",,Loja,CONDINEW,"-R$ 90,00",07096000,UN
"R$ 35.167.575,97",7898901584001,PIPOCA DOCE PULITO,Mercearia,"-20,00","R$ 2,00",,Loja,PULITO ,"-R$ 40,00",19041000,UN
"R$ 35.167.575,97",M2539-1,PIPOCA MICRO YOKI 100G NATURAL,Mercearia,"7,00","R$ 3,99",,Loja,YOKI,"R$ 27,93",20081900,UN
"R$ 35.167.575,97",M208-1,PIPOCA MICRO YOKI 100G NATURAL C/SAL,Mercearia,"-10,00","R$ 4,80",,Loja,YOKI,"-R$ 48,00",20081900,UN
"R$ 35.167.575,97",M207-1,PIPOCA MICROONDAS YOKI 100G CINEMA,Mercearia,"-1,00","R$ 4,80",,Loja,YOKI,"-R$ 4,80",20081900,UN
"R$ 35.167.575,97",M206-1,PIPOCA MILHO YOKI 400G,Mercearia,"0,00","R$ 5,90",,Loja,YOKI,"R$ 0,00",10059010,UN
"R$ 35.167.575,97",M2079-1,PIPOCA MILHO YOKI 400G PREMIUM,Mercearia,"21,00","R$ 7,20",,Loja,YOKI,"R$ 151,20",10059010,UN
"R$ 35.167.575,97",M1263-1,PIPOCA NHAC SALGADA 60G,Mercearia,"-51,00","R$ 3,50",,Loja,.,"-R$ 178,50",19041000,UN
"R$ 35.167.575,97",M1515-1,PIPOCA SALGADA 40G,Mercearia,"-93,00","R$ 2,50",,Loja, SMAC,"-R$ 232,50",19041000,UN
"R$ 35.167.575,97",M1262-1,PIPOCA VOVOZINHA MEDIA,Mercearia,"-63,00","R$ 3,50",,Loja,.,"-R$ 220,50",19041000,UN
"R$ 35.167.575,97",M2629-1,PIRULITO 7BELO FRAMBOESA,Mercearia,"1,00","R$ 1,00",,Loja,BELO,"R$ 1,00",17049090,UN
"R$ 35.167.575,97",M2634-1,PIRULITO BIG BIG,Mercearia,"0,00","R$ 1,00",,Loja,BIG BIG,"R$ 0,00",17049090,UN
"R$ 35.167.575,97",M921-1,PO ROYAL 100G,Mercearia,"-17,00","R$ 4,00",,Loja,ROYAL,"-R$ 68,00",21023000,UN
"R$ 35.167.575,97",M772-1,POLVILHO AZEDO 500G,Mercearia,"7,00","R$ 6,50",,Loja,AMAFIL,"R$ 45,50",11081400,UN
"R$ 35.167.575,97",M999-1,POLVILHO DOCE,Mercearia,"17,00","R$ 6,60",,Loja,AMAFIL,"R$ 112,20",33049100,UN
"R$ 35.167.575,97",7908228805120,POLVO 80G,Mercearia,"-4,00","R$ 7,50",,Loja,FINI,"-R$ 30,00",17049020,UN
"R$ 35.167.575,97",M2675-1,POM POM COND. CAMOMILA 200ML,Mercearia,"2,00","R$ 13,50",,Loja,POMPOM,"R$ 27,00",33051000,UN
"R$ 35.167.575,97",M2242-1,POTE ABACAXI 2L,Mercearia,"4,00","R$ 36,90",,Loja,JUNDIA,"R$ 147,60",21050010,UN
"R$ 35.167.575,97",M2243-1,POTE BOMBOM 2L,Mercearia,"4,00","R$ 36,90",,Loja,JUNDIA,"R$ 147,60",21050010,UN
"R$ 35.167.575,97",M2244-1,POTE COCO 2L,Mercearia,"4,00","R$ 39,45",,Loja,JUNDIA,"R$ 157,80",21050010,UN
"R$ 35.167.575,97",002000,POTE DE BANHA 450G,Mercearia,"-49,00","R$ 13,00",,Loja,.,"-R$ 637,00",15011000,UN
"R$ 35.167.575,97",M2245-1,POTE FLOCOS 2L,Mercearia,"6,00","R$ 36,90",,Loja,JUNDIA,"R$ 221,40",21050010,UN
"R$ 35.167.575,97",M2715-1,POTE MILHO VERDE 2L,Mercearia,"2,00","R$ 36,90",,Loja,JUNDIA,"R$ 73,80",21050010,UN
"R$ 35.167.575,97",M2247-1,POTE NAPOLITANO 2L,Mercearia,"4,00","R$ 39,45",,Loja,JUNDIA,"R$ 157,80",21050010,UN
"R$ 35.167.575,97",M2246-1,POTE TRES CHOCOLATES 2L,Mercearia,"1,00","R$ 36,90",,Loja,JUNDIA,"R$ 36,90",21050010,UN
"R$ 35.167.575,97",M1593-1,PRATO DESCARTAVEIS 15CM,Mercearia,"-6,00","R$ 2,50",,Loja,VITALFORM,"-R$ 15,00",39241000,UN
"R$ 35.167.575,97",M1592-1,PRATO DESCARTAVEIS 21CM,Mercearia,"-12,00","R$ 4,50",,Loja,FAÇA FACIL FUN!,"-R$ 54,00",39241000,UN
"R$ 35.167.575,97",M624-1,PRATO DESCARTAVEL PLASTICO 15 UNIDADES,Mercearia,"68,00","R$ 2,00",,Loja,.,"R$ 136,00",39241000,UN
"R$ 35.167.575,97",M2453-1,PRATO PLASTICO COPOMAIS 18CM,Mercearia,"40,00","R$ 2,60",,Loja,COPOMAIS ,"R$ 104,00",39241000,UN
"R$ 35.167.575,97",M1878-1,PRATOS DESCARTAVEIS 10UN,Mercearia,"-2,00","R$ 4,50",,Loja,FONPLAST,"-R$ 9,00",39241000,UN
"R$ 35.167.575,97",M623-1,PRENDEDOR DE ROUPA MADEIRA,Mercearia,"-4,00","R$ 2,40",,Loja,.,"-R$ 9,60",44219900,UN
"R$ 35.167.575,97",M1147-1,PRESTIGIO 33G,Mercearia,"33,00","R$ 2,99",,Loja,NESTLE,"R$ 98,67",18063110,UN
"R$ 35.167.575,97",M430-1,PURURUCA 50G,Mercearia,"-88,00","R$ 4,50",,Loja,TOPFRITAS,"-R$ 396,00",20081100,UN
"R$ 35.167.575,97",7891164029128,QUEIJO RALADO AURORA,Mercearia,"0,00","R$ 4,50",,Loja,AURORA,"R$ 0,00",04062000,UN
"R$ 35.167.575,97",7896077650377,QUEIJO RALADO CRIOULO 40G,Mercearia,"-112,00","R$ 5,50",,Loja,CRIOULO,"-R$ 616,00",04062000,UN
"R$ 35.167.575,97",M2451-1,QUEIJO RALADO ITALAC 40G,Mercearia,"5,00","R$ 5,50",,Loja,Italac,"R$ 27,50",04062000,UN
"R$ 35.167.575,97",M2416-1,QUEIJO RALADO MOCOCA 40g,Mercearia,"29,00","R$ 4,60",,Loja,MOCOCA,"R$ 133,40",04062000,UN
"R$ 35.167.575,97",M675-1,QUEIJO RALADO PARMETTO 40G,Mercearia,"-63,00","R$ 4,60",,Loja,MATILAT ,"-R$ 289,80",04062000,UN
"R$ 35.167.575,97",M188-1,QUEIJO RALADO TEIXEIRA 40G PARMESAO,Mercearia,"6,00","R$ 4,90",,Loja,TEIXEIRA,"R$ 29,40",04062000,UN
"R$ 35.167.575,97",M140-1,QUEIJO RALADO VIGOR 50G,Mercearia,"-1,00","R$ 7,20",,Loja,VIGOR,"-R$ 7,20",04062000,UN
"R$ 35.167.575,97",M1877-1,QUEROSENE TUPI 500ML,Mercearia,"0,00","R$ 15,39",,Loja,TUPI,"R$ 0,00",27101919,UN
"R$ 35.167.575,97",M2719-1,RADICAL FLOCOS 150G,Mercearia,"-7,00","R$ 12,50",,Loja,JUNDIA,"-R$ 87,50",21050010,UN
"R$ 35.167.575,97",M2720-1,RADICAL NAPOLITANO 150G,Mercearia,"-1,00","R$ 12,50",,Loja,JUNDIA,"-R$ 12,50",21050010,UN
"R$ 35.167.575,97",7908228806219,RATO 80G,Mercearia,"-43,00","R$ 7,50",,Loja,FINI,"-R$ 322,50",17049020,UN
"R$ 35.167.575,97",M103-1,REFRESCO TANG 18G ABACAXI,Mercearia,"22,00","R$ 2,00",,Loja,TANG,"R$ 44,00",21069010,UN
"R$ 35.167.575,97",M104-1,REFRESCO TANG 18G AZUL ESPACIAL,Mercearia,"-1,00","R$ 2,00",,Loja,TANG,"-R$ 2,00",21069010,UN
"R$ 35.167.575,97",M105-1,REFRESCO TANG 18G GOIABA,Mercearia,"18,00","R$ 2,00",,Loja,TANG,"R$ 36,00",21069010,UN
"R$ 35.167.575,97",M106-1,REFRESCO TANG 18G GUARANA,Mercearia,"-11,00","R$ 2,00",,Loja,TANG,"-R$ 22,00",21069010,UN
"R$ 35.167.575,97",M107-1,REFRESCO TANG 18G LARANJA,Mercearia,"20,00","R$ 2,00",,Loja,TANG,"R$ 40,00",21069010,UN
"R$ 35.167.575,97",M1522-1,REFRESCO TANG 18G LARANJA,Mercearia,"1,00","R$ 2,00",,Loja,TANG,"R$ 2,00",21069010,UN
"R$ 35.167.575,97",M109-1,REFRESCO TANG 18G LARANJA / MAMAO,Mercearia,"5,00","R$ 2,00",,Loja,TANG,"R$ 10,00",21069010,UN
"R$ 35.167.575,97",M108-1,REFRESCO TANG 18G LARANJA DOCINHA,Mercearia,"1,00","R$ 2,00",,Loja,TANG,"R$ 2,00",21069010,UN
"R$ 35.167.575,97",M110-1,REFRESCO TANG 18G LIMAO,Mercearia,"10,00","R$ 2,00",,Loja,TANG,"R$ 20,00",21069010,UN
"R$ 35.167.575,97",M111-1,REFRESCO TANG 18G MANGA,Mercearia,"40,00","R$ 2,00",,Loja,TANG,"R$ 80,00",21069010,UN
"R$ 35.167.575,97",M112-1,REFRESCO TANG 18G MARACUJA,Mercearia,"-1,00","R$ 2,00",,Loja,TANG,"-R$ 2,00",21069010,UN
"R$ 35.167.575,97",M113-1,REFRESCO TANG 18G MORANGO,Mercearia,"36,00","R$ 2,00",,Loja,TANG,"R$ 72,00",21069010,UN
"R$ 35.167.575,97",M114-1,REFRESCO TANG 18G TANGERINA,Mercearia,"-4,00","R$ 2,00",,Loja,TANG,"-R$ 8,00",21069010,UN
"R$ 35.167.575,97",M115-1,REFRESCO TANG 18G UVA,Mercearia,"-31,00","R$ 2,00",,Loja,TANG,"-R$ 62,00",21069010,UN
"R$ 35.167.575,97",M2603-1,REQUEIJAO COPO CRIOULO 220G,Mercearia,"5,00","R$ 18,06",,Loja,CRIOULO,"R$ 90,30",04061090,UN
"R$ 35.167.575,97",7898039680873,REQUEIJAO COPO SCALA 380G,Mercearia,"-6,00","R$ 18,99",,Loja,SCALA,"-R$ 113,94",04061090,UN
"R$ 35.167.575,97",M2602-1,REQUEIJAO COPO VIGOR 200G,Mercearia,"11,00","R$ 10,99",,Loja,VIGOR,"R$ 120,89",04061090,UN
"R$ 35.167.575,97",7898005652545,REQUEIJAO CREMOSO 200G,Mercearia,"-6,00","R$ 10,50",,Loja,RITA ,"-R$ 63,00",04061090,UN
"R$ 35.167.575,97",7898135810327,REQUEIJAO CREMOSO BANDEIRA 400G,Mercearia,"-19,00","R$ 23,90",,Loja,BANDEIRA ,"-R$ 454,10",04061090,UN
"R$ 35.167.575,97",M1509-1,REQUEIJAO TAINA 400G,Mercearia,"0,00","R$ 9,99",,Loja,TAINA,"R$ 0,00",04061090,UN
"R$ 35.167.575,97",M652-1,REQUEIJAO TRADICIONAL 200G,Mercearia,"0,00","R$ 9,60",,Loja,QUALY,"R$ 0,00",04061090,UN
"R$ 35.167.575,97",M957-1,REQUEIJAO TRADICIONAL TIROLEZ 200GR,Mercearia,"-135,00","R$ 9,50",,Loja,TIROLEZ,"-R$ 1.282,50",04061090,UN
"R$ 35.167.575,97",M1681-1,REXONA POWDER DRY 50ML,Mercearia,"-5,00","R$ 11,00",,Loja,REXONA,"-R$ 55,00",33072010,UN
"R$ 35.167.575,97",M1984-1,RUFFLES CEB E SALSA 32G,Mercearia,"-18,00","R$ 4,99",,Loja,ruffles,"-R$ 89,82",20052000,UN
"R$ 35.167.575,97",M1039-1,RUFFLES CEB E SALSA 68G,Mercearia,"-22,00","R$ 10,50",,Loja,PEPSICO,"-R$ 231,00",20052000,UN
"R$ 35.167.575,97",M1658-1,RUFFLES CEBOLA E SALSA 115G,Mercearia,"-5,00","R$ 15,00",,Loja,PEPSICO,"-R$ 75,00",20052000,UN
"R$ 35.167.575,97",M1822-1,RUFFLES CEBOLA E SALSA 32G,Mercearia,"-1,00","R$ 4,99",,Loja,ruffles,"-R$ 4,99",20052000,UN
"R$ 35.167.575,97",M1659-1,RUFFLES CHURRASCO 115G,Mercearia,"-6,00","R$ 15,00",,Loja,PEPSICO,"-R$ 90,00",20052000,UN
"R$ 35.167.575,97",M1050-1,RUFFLES CHURRASCO 32G,Mercearia,"-10,00","R$ 4,99",,Loja,PEPSICO,"-R$ 49,90",20052000,UN
"R$ 35.167.575,97",M1040-1,RUFFLES CHURRASCO 68G,Mercearia,"-10,00","R$ 10,50",,Loja,PEPSICO,"-R$ 105,00",20052000,UN
"R$ 35.167.575,97",M1033-1,RUFFLES SAL 115G,Mercearia,"-30,00","R$ 15,00",,Loja,PEPSICO,"-R$ 450,00",20052000,UN
"R$ 35.167.575,97",M1049-1,RUFFLES SAL 32G,Mercearia,"0,00","R$ 4,99",,Loja,PEPSICO,"R$ 0,00",20052000,UN
"R$ 35.167.575,97",M1985-1,RUFFLES SAL 32G,Mercearia,"-22,00","R$ 4,99",,Loja,ruffles,"-R$ 109,78",20052000,UN
"R$ 35.167.575,97",M1038-1,RUFFLES SAL 68G,Mercearia,"-32,00","R$ 10,50",,Loja,PEPSICO,"-R$ 336,00",20052000,UN
"R$ 35.167.575,97",M2463-1,SACO LIXO PRETAO 50L COM 10,Mercearia,"11,00","R$ 7,50",,Loja,SACO,"R$ 82,50",39232190,UN
"R$ 35.167.575,97",M1654-1,SAL CISNE 1KG GROSSO,Mercearia,"-5,00","R$ 4,90",,Loja,CISNE,"-R$ 24,50",25010020,UN
"R$ 35.167.575,97",M576-1,SAL DE PARRILHA CHIMICHURRI ALEMAO,Mercearia,"-8,00","R$ 12,00",,Loja,.,"-R$ 96,00",21039021,UN
"R$ 35.167.575,97",M577-1,SAL DE PARRILHA COM ALHO,Mercearia,"-6,00","R$ 12,00",,Loja,.,"-R$ 72,00",21039021,UN
"R$ 35.167.575,97",M575-1,SAL DE PARRILHA DEFUMADO ALEMAO,Mercearia,"-7,00","R$ 12,00",,Loja,.,"-R$ 84,00",21039021,UN
"R$ 35.167.575,97",M578-1,SAL DE PARRILHA LEMON PEPPER ALEMAO,Mercearia,"-5,00","R$ 12,00",,Loja,.,"-R$ 60,00",21039021,UN
"R$ 35.167.575,97",M579-1,SAL DE PARRILHA PIMENTA CALABRESA ALEMAO,Mercearia,"-8,00","R$ 12,00",,Loja,.,"-R$ 96,00",21039021,UN
"R$ 35.167.575,97",M2836-1,SAL DE PARRILLA ALHO 240g,Mercearia,"6,00","R$ 11,50",,Loja,ALCIMO ,"R$ 69,00",25010090,UN
"R$ 35.167.575,97",M2835-1,SAL DE PARRILLA CHIMICHURRI  240g,Mercearia,"6,00","R$ 11,50",,Loja,ALCIMO ,"R$ 69,00",25010090,UN
"R$ 35.167.575,97",M2837-1,SAL DE PARRILLA LEMON PEPPER 240g,Mercearia,"5,00","R$ 11,50",,Loja,ALCIMO ,"R$ 57,50",25010090,UN
"R$ 35.167.575,97",M2834-1,SAL DE PARRILLA TRADICIONAL 240g,Mercearia,"6,00","R$ 11,50",,Loja,ALCIMO ,"R$ 69,00",25010090,UN
"R$ 35.167.575,97",M1399-1,SAL FINO CISNE 500G,Mercearia,"0,00","R$ 4,20",,Loja,CISNE,"R$ 0,00",25010020,UN
"R$ 35.167.575,97",M637-1,SAL GROSSO COM ALHO 500G,Mercearia,"-8,00","R$ 3,75",,Loja,.,"-R$ 30,00",25010020,UN
"R$ 35.167.575,97",M636-1,SAL GROSSO COM CHIMICHURRI 500G,Mercearia,"-10,00","R$ 3,75",,Loja,.,"-R$ 37,50",25010020,UN
"R$ 35.167.575,97",M635-1,SAL GROSSO COM ERVAS FINAS 500G,Mercearia,"-9,00","R$ 3,75",,Loja,.,"-R$ 33,75",25010020,UN
"R$ 35.167.575,97",M639-1,SAL GROSSO TEMPERADO 500G,Mercearia,"-10,00","R$ 3,70",,Loja,.,"-R$ 37,00",25010020,UN
"R$ 35.167.575,97",M640-1,SAL GROSSO TRADICIONAL 500G,Mercearia,"-8,00","R$ 3,70",,Loja,.,"-R$ 29,60",25010020,UN
"R$ 35.167.575,97",M214-1,SAL LEBRE 1KG GROSSO PARA CHURRASCO,Mercearia,"-9,00","R$ 3,20",,Loja,Lebre,"-R$ 28,80",25010020,UN
"R$ 35.167.575,97",M10-1,SAL LEBRE 1KG REFINADO,Mercearia,"12,00","R$ 3,30",,Loja,Lebre,"R$ 39,60",25010020,UN
"R$ 35.167.575,97",M2668-1,SAL MARINHO FINO INTEGRAL POUCH 500G - 01UNX500G - 44781,Mercearia,"0,00","R$ 8,27",,Loja,.,"R$ 0,00",25010090,UN
"R$ 35.167.575,97",M574-1,SAL PARRILHA ERVAS FINAS ALEMAO,Mercearia,"-4,00","R$ 12,00",,Loja,.,"-R$ 48,00",21039021,UN
"R$ 35.167.575,97",M573-1,SAL PARRILHA TRADICIONAL ALEMAO,Mercearia,"-3,00","R$ 12,00",,Loja,.,"-R$ 36,00",21039021,UN
"R$ 35.167.575,97",M2669-1,SAL PARRILLA BR SPICES CLASSICO 500G,Mercearia,"0,00","R$ 17,36",,Loja,.,"R$ 0,00",25010090,UN
"R$ 35.167.575,97",M1840-1,SAL PARRILLA E CHIMICHURRI 250 G,Mercearia,"-2,00","R$ 8,99",,Loja,FUTURA,"-R$ 17,98",25010090,UN
"R$ 35.167.575,97",M1839-1,SAL PARRILLA ERVAS FINAS 250 G,Mercearia,"-4,00","R$ 8,99",,Loja,FRIUNA,"-R$ 35,96",25010090,UN
"R$ 35.167.575,97",M2670-1,SAL ROSA DO HIMALAIA FINO IODADO POUCH 250G - 01UNX250G - 44590,Mercearia,"0,00","R$ 8,46",,Loja,.,"R$ 0,00",25010090,UN
"R$ 35.167.575,97",M641-1,SAL ROSA DO HIMALAIA MOIDO 500G,Mercearia,"-2,00","R$ 3,50",,Loja,.,"-R$ 7,00",25010020,UN
"R$ 35.167.575,97",M1838-1,SAL ROSA HIMALAIA FINO 300G,Mercearia,"-3,00","R$ 12,99",,Loja,ADORO,"-R$ 38,97",25010090,UN
"R$ 35.167.575,97",M1265-1,SALAMITOS ORIGINAL 36G,Mercearia,"0,00","R$ 4,50",,Loja,SADIA,"R$ 0,00",16010000,UN
"R$ 35.167.575,97",M31-1,SALGADINHO FOFURA 60G CEBOLA,Mercearia,"-21,00","R$ 3,50",,Loja,FOFURA,"-R$ 73,50",19041000,UN
"R$ 35.167.575,97",M32-1,SALGADINHO FOFURA 60G CHURRASCO,Mercearia,"-52,00","R$ 3,50",,Loja,FOFURA,"-R$ 182,00",19041000,UN
"R$ 35.167.575,97",M283-1,SALGADINHO FOFURA 60G PRESUNTO,Mercearia,"-19,00","R$ 3,50",,Loja,FOFURA,"-R$ 66,50",19041000,UN
"R$ 35.167.575,97",M1504-1,SALGADINHO FOFURA QUEIJO 60G,Mercearia,"-27,00","R$ 3,50",,Loja,FOFURA,"-R$ 94,50",19041000,UN
"R$ 35.167.575,97",M1503-1,SALGADINHO FOFURA REQUEIJAO 60G,Mercearia,"-32,00","R$ 3,50",,Loja,FOFURA,"-R$ 112,00",19041000,UN
"R$ 35.167.575,97",7896002311762,SALGADINHO TAKIS HOT CHILLI 56G,Mercearia,"-10,00","R$ 5,20",,Loja,TNT,"-R$ 52,00",19041000,UN
"R$ 35.167.575,97",7896002311755,SALGADINHO TAKIS XPLOSION 56G,Mercearia,"-12,00","R$ 5,20",,Loja,PEDIGRE,"-R$ 62,40",19041000,UN
"R$ 35.167.575,97",M427-1,SALGADO BACON 80G,Mercearia,"-211,00","R$ 4,00",,Loja,CRISTAL,"-R$ 844,00",20081100,UN
"R$ 35.167.575,97",7895265700320,SAND HAVAIANAS BRASIL PRETO 33/34,Mercearia,"0,00","R$ 44,90",,Loja,HAVAIANAS,"R$ 0,00",64022000,UN
"R$ 35.167.575,97",M1807-1,SAND HAVAIANAS BRASIL PRETO 41/42 UN-1UN QTD. 3.00 UN,Mercearia,"-7,00","R$ 44,99",,Loja,HAVAIANAS,"-R$ 314,93",64022000,UN
"R$ 35.167.575,97",M2772-1,SAND HAVAIANAS DUAL BRANCA MARINHO 41/42,Mercearia,"3,00","R$ 59,90",,Loja,HAVAIANAS,"R$ 179,70",64022000,UN
"R$ 35.167.575,97",M2773-1,SAND HAVAIANAS DUAL BRANCA MARINHO 43/44,Mercearia,"1,00","R$ 59,90",,Loja,HAVAIANAS,"R$ 59,90",64022000,UN
"R$ 35.167.575,97",M1802-1,SAND HAVAIANAS KIDS ATHLETIC BC/AZ 25/26 UN-1UN QTD. 1.00 UN,Mercearia,"-2,00","R$ 28,99",,Loja,HAVAIANAS,"-R$ 57,98",64022000,UN
"R$ 35.167.575,97",M1804-1,SAND HAVAIANAS KIDS ATHLETIC BC/AZ 27/28 UN-1UN QTD. 1.00 UN,Mercearia,"-1,00","R$ 28,99",,Loja,HAVAIANAS,"-R$ 28,99",64022000,UN
"R$ 35.167.575,97",214251427967,SAND HAVAIANAS KIDS ATHLETIC BC/AZ 29/30 UN-1UN,Mercearia,"0,00","R$ 27,99",,Loja,HAVAIANAS,"R$ 0,00",64022000,UN
"R$ 35.167.575,97",M1801-1,SAND HAVAIANAS KIDS ATHLETIC BC/AZ 29/30 UN-1UN QTD. 1.00 UN,Mercearia,"-1,00","R$ 28,99",,Loja,HAVAIANAS,"-R$ 28,99",64022000,UN
"R$ 35.167.575,97",M1800-1,SAND HAVAIANAS KIDS ATHLETIC BC/AZ 31/32 UN,Mercearia,"-2,00","R$ 28,99",,Loja,HAVAIANAS,"-R$ 57,98",64022000,UN
"R$ 35.167.575,97",M1791-1,SAND HAVAIANAS KIDS FLORES FLUX/RO 27/28,Mercearia,"0,00","R$ 29,99",,Loja,HAVAIANAS,"R$ 0,00",64022000,UN
"R$ 35.167.575,97",M1792-1,SAND HAVAIANAS KIDS FLORES FLUX/RO 29/30,Mercearia,"1,00","R$ 29,99",,Loja,HAVAIANAS,"R$ 29,99",64022000,UN
"R$ 35.167.575,97",M1790-1,SAND HAVAIANAS KIDS FLORES FLUX/RO 31/32 UN-1UN QTD. 1.00 UN,Mercearia,"0,00","R$ 29,99",,Loja,HAVAIANAS,"R$ 0,00",64022000,UN
"R$ 35.167.575,97",M1799-1,SAND HAVAIANAS KIDS FLORES ROSA/CO 29/30 UN-1UN QTD. 1.00 UN,Mercearia,"0,00","R$ 29,99",,Loja,HAVAIANAS,"R$ 0,00",64022000,UN
"R$ 35.167.575,97",M1795-1,SAND HAVAIANAS KIDS SLIM PRIN.AZUL 29/30 UN-1UN QTD. 1.00 UN,Mercearia,"0,00","R$ 47,99",,Loja,HAVAIANAS,"R$ 0,00",64022000,UN
"R$ 35.167.575,97",M1796-1,SAND HAVAIANAS KIDS SLIM PRIN.AZUL 31/32 UN-1UN QTD. 1.00 UN,Mercearia,"-1,00","R$ 47,99",,Loja,HAVAIANAS,"-R$ 47,99",64022000,UN
"R$ 35.167.575,97",M1794-1,SAND HAVAIANAS KIDS SLIM PRIN.RO N 29/30,Mercearia,"0,00","R$ 47,99",,Loja,HAVAIANAS,"R$ 0,00",64022000,UN
"R$ 35.167.575,97",M1793-1,SAND HAVAIANAS KIDS SLIM PRIN.RO N 31/32,Mercearia,"-2,00","R$ 47,99",,Loja,HAVAIANAS,"-R$ 95,98",64022000,UN
"R$ 35.167.575,97",M2768-1,SAND HAVAIANAS SLIM AZUL BRILHANTE 35/36,Mercearia,"2,00","R$ 38,90",,Loja,HAVAIANAS,"R$ 77,80",64022000,UN
"R$ 35.167.575,97",M2769-1,SAND HAVAIANAS SLIM BRANCA 37/38,Mercearia,"0,00","R$ 38,90",,Loja,HAVAIANAS,"R$ 0,00",64022000,UN
"R$ 35.167.575,97",M2767-1,SAND HAVAIANAS SLIM DISNEY BC/PRE 37/38,Mercearia,"0,00","R$ 47,90",,Loja,HAVAIANAS,"R$ 0,00",64022000,UN
"R$ 35.167.575,97",M1798-1,SAND HAVAIANAS SLIM DISNEY STICH 27/28 UN,Mercearia,"0,00","R$ 49,99",,Loja,HAVAIANAS,"R$ 0,00",64022000,UN
"R$ 35.167.575,97",M1797-1,SAND HAVAIANAS SLIM DISNEY STICH 29/30 UN-1UN QTD. 1.00 UN,Mercearia,"-1,00","R$ 49,99",,Loja,HAVAIANAS,"-R$ 49,99",64022000,UN
"R$ 35.167.575,97",7890732316486,SAND HAVAIANAS SLIM PRETO 37/38,Mercearia,"-1,00","R$ 37,90",,Loja,HAVAIANAS,"-R$ 37,90",64022000,UN
"R$ 35.167.575,97",M1803-1,SAND HAVAIANAS SLIM ROSA GUM METAL 37/38 UN-1UN QTD. 2.00 UN,Mercearia,"-2,00","R$ 38,99",,Loja,HAVAIANAS,"-R$ 77,98",64022000,UN
"R$ 35.167.575,97",M2283-1,SAND HAVAIANAS TOP BASIC BCO/AZ N 37/38 UN-1UN QTD. 1.00 UN,Mercearia,"-1,00","R$ 38,84",,Loja,.,"-R$ 38,84",64022000,UN
"R$ 35.167.575,97",7909989845790,SAND HAVAIANAS TOP BR VIBES,Mercearia,"0,00","R$ 39,90",,Loja,HAVAIANAS,"R$ 0,00",64022000,UN
"R$ 35.167.575,97",M2765-1,SAND HAVAIANAS TOP DISNEY AZ LAV 37/38,Mercearia,"1,00","R$ 41,90",,Loja,HAVAIANAS,"R$ 41,90",64022000,UN
"R$ 35.167.575,97",M2766-1,SAND HAVAIANAS TOP DISNEY BEG PAL 37/38,Mercearia,"1,00","R$ 41,90",,Loja,HAVAIANAS,"R$ 41,90",64022000,UN
"R$ 35.167.575,97",7893249648071,SAND HAVAIANAS TOP ROSA FLUX 37/38,Mercearia,"-1,00","R$ 32,00",,Loja,HAVAIANAS,"-R$ 32,00",64022000,UN
"R$ 35.167.575,97",7891266524248,SAND HAVAIANAS TOP VERMELHO 37/38,Mercearia,"1,00","R$ 32,00",,Loja,HAVAIANAS,"R$ 32,00",64022000,UN
"R$ 35.167.575,97",M661-1,SAND SLIM DISNEY STICH 31/32,Mercearia,"-1,00","R$ 44,90",,Loja,HAVAIANAS,"-R$ 44,90",64022000,UN
"R$ 35.167.575,97",M1392-1,SANDALIA HAVAIANA TRADICIONAL 41/42,Mercearia,"1,00","R$ 25,50",,Loja,HAVAIANA,"R$ 25,50",64022000,UN
"R$ 35.167.575,97",M360-1,SANDALIA HAVAIANAS ALOHA BRANCO/VERDE 39/40,Mercearia,"-1,00","R$ 38,90",,Loja,HAVAINAS,"-R$ 38,90",64022000,UN
"R$ 35.167.575,97",M359-1,SANDALIA HAVAIANAS ALOHA BRANCO/VERDE 41/42,Mercearia,"0,00","R$ 38,90",,Loja,HAVAIANAS,"R$ 0,00",64022000,UN
"R$ 35.167.575,97",M358-1,SANDALIA HAVAIANAS ALOHA PRETO/CINZA 39/40,Mercearia,"0,00","R$ 38,90",,Loja,HAVAIANAS,"R$ 0,00",64022000,UN
"R$ 35.167.575,97",M357-1,SANDALIA HAVAIANAS ALOHA PRETO/CINZA 41/42,Mercearia,"0,00","R$ 38,90",,Loja,HAVAIANAS,"R$ 0,00",64022000,UN
"R$ 35.167.575,97",7909843020547,SANDALIA HAVAIANAS BRANCA 35/36,Mercearia,"-1,00","R$ 42,00",,Loja,HAVAIANAS,"-R$ 42,00",21039021,UN
"R$ 35.167.575,97",M337-1,SANDALIA HAVAIANAS BRASIL AZUL NAVAL 39/40,Mercearia,"0,00","R$ 43,90",,Loja,HAVAIANAS,"R$ 0,00",64022000,UN
"R$ 35.167.575,97",M2288-1,SANDALIA HAVAIANAS BRASIL BRANCA 33/34,Mercearia,"-1,00","R$ 44,90",,Loja,HAVAIANAS,"-R$ 44,90",64022000,UN
"R$ 35.167.575,97",7895265145299,SANDALIA HAVAIANAS BRASIL BRANCA 35/36,Mercearia,"2,00","R$ 44,90",,Loja,HAVAIANAS,"R$ 89,80",64022000,UN
"R$ 35.167.575,97",7895265145305,SANDALIA HAVAIANAS BRASIL BRANCA 37/38,Mercearia,"1,00","R$ 44,90",,Loja,HAVAIANAS,"R$ 44,90",64022000,UN
"R$ 35.167.575,97",M336-1,SANDALIA HAVAIANAS BRASIL BRANCA 39/40,Mercearia,"-1,00","R$ 34,90",,Loja,HAVAIANAS,"-R$ 34,90",64022000,UN
"R$ 35.167.575,97",7895265145336,SANDALIA HAVAIANAS BRASIL BRANCA 43/44,Mercearia,"1,00","R$ 44,90",,Loja,HAVAIANAS,"R$ 44,90",64022000,UN
"R$ 35.167.575,97",M2289-1,SANDALIA HAVAIANAS BRASIL BRANCO N 45/46,Mercearia,"1,00","R$ 44,90",,Loja,HAVAIANAS,"R$ 44,90",64022000,UN
"R$ 35.167.575,97",7895265700337,SANDALIA HAVAIANAS BRASIL PRETO 35/36,Mercearia,"0,00","R$ 44,90",,Loja,HAVAIANAS,"R$ 0,00",64022000,UN
"R$ 35.167.575,97",7895265700344,SANDALIA HAVAIANAS BRASIL PRETO 37/38,Mercearia,"0,00","R$ 44,90",,Loja,HAVAIANAS,"R$ 0,00",64022000,UN
"R$ 35.167.575,97",M335-1,SANDALIA HAVAIANAS BRASIL PRETO 39/40,Mercearia,"2,00","R$ 43,90",,Loja,HAVAIANAS,"R$ 87,80",64022000,UN
"R$ 35.167.575,97",7895265700375,SANDALIA HAVAIANAS BRASIL PRETO 43/44,Mercearia,"0,00","R$ 44,90",,Loja,HAVAIANAS,"R$ 0,00",64022000,UN
"R$ 35.167.575,97",M2287-1,SANDALIA HAVAIANAS BRASIL PRETO 45/46,Mercearia,"-1,00","R$ 44,90",,Loja,HAVAIANAS,"-R$ 44,90",64022000,UN
"R$ 35.167.575,97",M351-1,SANDALIA HAVAIANAS COLOR ESSENT PRETO 41/42,Mercearia,"0,00","R$ 31,90",,Loja,HAVAIANAS,"R$ 0,00",64022000,UN
"R$ 35.167.575,97",M356-1,SANDALIA HAVAIANAS COLOR ESSENTIAL AZUL 39/4,Mercearia,"0,00","R$ 31,90",,Loja,HAVAIANAS,"R$ 0,00",64022000,UN
"R$ 35.167.575,97",M355-1,SANDALIA HAVAIANAS COLOR ESSENTIAL AZUL 41/42,Mercearia,"0,00","R$ 31,90",,Loja,HAVAIANAS,"R$ 0,00",64022000,UN
"R$ 35.167.575,97",M354-1,SANDALIA HAVAIANAS COLOR ESSENTIAL MARINHO 39/40,Mercearia,"-2,00","R$ 31,90",,Loja,HAVAIANAS,"-R$ 63,80",64022000,UN
"R$ 35.167.575,97",M353-1,SANDALIA HAVAIANAS COLOR PRETO 39/40,Mercearia,"-1,00","R$ 31,90",,Loja,HAVAIANAS,"-R$ 31,90",64022000,UN
"R$ 35.167.575,97",M352-1,SANDALIA HAVAIANAS COLOR PRETO 41/42,Mercearia,"-3,00","R$ 31,90",,Loja,HAVAIANAS,"-R$ 95,70",64022000,UN
"R$ 35.167.575,97",M371-1,SANDALIA HAVAIANAS ELEGANCE DOURADA 35/36,Mercearia,"0,00","R$ 23,90",,Loja,HAVAIANAS,"R$ 0,00",64022000,UN
"R$ 35.167.575,97",M370-1,SANDALIA HAVAIANAS ELEGANCE DOURADA 37/38,Mercearia,"0,00","R$ 23,90",,Loja,HAVAIANAS,"R$ 0,00",64022000,UN
"R$ 35.167.575,97",M367-1,SANDALIA HAVAIANAS ELEGANCE PRETO 37/38,Mercearia,"-1,00","R$ 23,90",,Loja,HAVAIANAS,"-R$ 23,90",64022000,UN
"R$ 35.167.575,97",M369-1,SANDALIA HAVAIANAS ELEGANCE ROSA BALLE 35/36,Mercearia,"0,00","R$ 23,90",,Loja,HAVAIANAS,"R$ 0,00",64022000,UN
"R$ 35.167.575,97",M368-1,SANDALIA HAVAIANAS ELEGANCE ROSA BALLE 37/38,Mercearia,"0,00","R$ 23,90",,Loja,HAVAIANAS,"R$ 0,00",64022000,UN
"R$ 35.167.575,97",M1011-1,SANDALIA HAVAIANAS KID FLORES,Mercearia,"0,00","R$ 28,90",,Loja,HAVAIANAS,"R$ 0,00",64022000,UN
"R$ 35.167.575,97",M2650-1,SANDALIA HAVAIANAS KIDS ATHLETIC MARIN 25/26,Mercearia,"2,00","R$ 29,90",,Loja,HAVAIANAS,"R$ 59,80",64022000,UN
"R$ 35.167.575,97",M2649-1,SANDALIA HAVAIANAS KIDS ATHLETIC MARIN 29/30,Mercearia,"1,00","R$ 29,90",,Loja,HAVAIANAS,"R$ 29,90",64022000,UN
"R$ 35.167.575,97",M2647-1,SANDALIA HAVAIANAS KIDS ATHLETIC MARIN 31/32,Mercearia,"2,00","R$ 29,90",,Loja,HAVAIANAS,"R$ 59,80",64022000,UN
"R$ 35.167.575,97",7909989665572,SANDALIA HAVAIANAS SLIM GLOSS CINZA N 35/36,Mercearia,"0,00","R$ 39,99",,Loja,HAVAIANAS,"R$ 0,00",64022000,UN
"R$ 35.167.575,97",M366-1,SANDALIA HAVAIANAS SLIM PETS DOURADO/PRETO 35/36,Mercearia,"0,00","R$ 41,90",,Loja,HAVAIANAS,"R$ 0,00",64022000,UN
"R$ 35.167.575,97",M364-1,SANDALIA HAVAIANAS SLIM PETS DOURADO/PRETO 37/38,Mercearia,"-1,00","R$ 41,90",,Loja,HAVAIANAS,"-R$ 41,90",64022000,UN
"R$ 35.167.575,97",M363-1,SANDALIA HAVAIANAS SLIM PETS DOURADO/PRETO 39/40,Mercearia,"0,00","R$ 41,90",,Loja,HAVAIANAS,"R$ 0,00",64022000,UN
"R$ 35.167.575,97",M362-1,SANDALIA HAVAIANAS SLIM PETS ROSA 37/38,Mercearia,"-1,00","R$ 41,90",,Loja,HAVAINAS,"-R$ 41,90",64022000,UN
"R$ 35.167.575,97",M361-1,SANDALIA HAVAIANAS SLIM PETS ROSA 39/40,Mercearia,"0,00","R$ 41,90",,Loja,HAVAIANAS,"R$ 0,00",64022000,UN
"R$ 35.167.575,97",M350-1,SANDALIA HAVAIANAS SLIM ROSA CHIFFON 35/36,Mercearia,"-2,00","R$ 38,90",,Loja,HAVAIANAS,"-R$ 77,80",64022000,UN
"R$ 35.167.575,97",M349-1,SANDALIA HAVAIANAS SLIM ROSA CHIFFON 37/38,Mercearia,"0,00","R$ 38,90",,Loja,HAVAIANAS,"R$ 0,00",64022000,UN
"R$ 35.167.575,97",M348-1,SANDALIA HAVAIANAS SLIM SQUARE ROSA 37/38,Mercearia,"0,00","R$ 41,90",,Loja,HAVAINAS,"R$ 0,00",64022000,UN
"R$ 35.167.575,97",M347-1,SANDALIA HAVAIANAS SLIM SQUARE VERDE 37/38,Mercearia,"-1,00","R$ 41,90",,Loja,HAVAIANAS,"-R$ 41,90",64022000,UN
"R$ 35.167.575,97",M327-1,SANDALIA HAVAIANAS TOP AMARELO 37/38,Mercearia,"-1,00","R$ 32,00",,Loja,HAVAIANAS,"-R$ 32,00",64022000,UN
"R$ 35.167.575,97",M346-1,SANDALIA HAVAIANAS TOP ATHLETIC GRAFITE 41/42,Mercearia,"0,00","R$ 34,90",,Loja,HAVAIANAS,"R$ 0,00",64022000,UN
"R$ 35.167.575,97",M345-1,SANDALIA HAVAIANAS TOP ATHLETIC PRETO 41/42,Mercearia,"0,00","R$ 34,90",,Loja,HAVAIANAS,"R$ 0,00",64022000,UN
"R$ 35.167.575,97",M2425-1,SANDALIA HAVAIANAS TOP AZUL NAVAL 35/36,Mercearia,"3,00","R$ 32,90",,Loja,HAVAIANAS,"R$ 98,70",64022000,UN
"R$ 35.167.575,97",M884-1,SANDALIA HAVAIANAS TOP AZUL NAVAL 37-38,Mercearia,"0,00","R$ 32,00",,Loja,HAVAIANAS,"R$ 0,00",64022000,UN
"R$ 35.167.575,97",M385-1,SANDALIA HAVAIANAS TOP AZUL NAVAL 39/40,Mercearia,"-1,00","R$ 32,00",,Loja,HAVAINAS,"-R$ 32,00",64022000,UN
"R$ 35.167.575,97",M329-1,SANDALIA HAVAIANAS TOP AZUL NAVAL 43/44,Mercearia,"0,00","R$ 29,90",,Loja,HAVAINAS,"R$ 0,00",64022000,UN
"R$ 35.167.575,97",M890-1,SANDALIA HAVAIANAS TOP BASIC BRANCA 39/40,Mercearia,"0,00","R$ 38,90",,Loja,HAVAIANAS,"R$ 0,00",22030000,UN
"R$ 35.167.575,97",M325-1,SANDALIA HAVAIANAS TOP BASIC PRETO  41/42,Mercearia,"1,00","R$ 38,90",,Loja,HAVAIANAS,"R$ 38,90",64022000,UN
"R$ 35.167.575,97",M2282-1,SANDALIA HAVAIANAS TOP BASIC PRETO 37/38,Mercearia,"1,00","R$ 37,90",,Loja,HAVAIANAS,"R$ 37,90",64022000,UN
"R$ 35.167.575,97",M324-1,SANDALIA HAVAIANAS TOP BASIC PRETO 39/40,Mercearia,"0,00","R$ 38,90",,Loja,HAVAINAS,"R$ 0,00",64022000,UN
"R$ 35.167.575,97",M323-1,SANDALIA HAVAIANAS TOP BASICA BRANCA /AZUL 43/44,Mercearia,"0,00","R$ 38,90",,Loja,HAVAINAS,"R$ 0,00",64022000,UN
"R$ 35.167.575,97",M322-1,SANDALIA HAVAIANAS TOP BASICA BRANCA/AZUL 41/42,Mercearia,"1,00","R$ 38,90",,Loja,HAVAIANAS,"R$ 38,90",64022000,UN
"R$ 35.167.575,97",M326-1,SANDALIA HAVAIANAS TOP BASICA PRETO 43/44,Mercearia,"0,00","R$ 38,90",,Loja,HAVAIANAS,"R$ 0,00",64022000,UN
"R$ 35.167.575,97",M2426-1,SANDALIA HAVAIANAS TOP BRANCO 35/36,Mercearia,"0,00","R$ 32,90",,Loja,HAVAIANAS,"R$ 0,00",64022000,UN
"R$ 35.167.575,97",M384-1,SANDALIA HAVAIANAS TOP BRANCO 37/38,Mercearia,"1,00","R$ 32,00",,Loja,HAVAIANAS,"R$ 32,00",64022000,UN
"R$ 35.167.575,97",M383-1,SANDALIA HAVAIANAS TOP BRANCO 39/40,Mercearia,"-1,00","R$ 32,00",,Loja,HAVAIANAS,"-R$ 32,00",64022000,UN
"R$ 35.167.575,97",M382-1,SANDALIA HAVAIANAS TOP BRANCO 41/42,Mercearia,"-1,00","R$ 32,00",,Loja,HAVAIANAS,"-R$ 32,00",64022000,UN
"R$ 35.167.575,97",M2291-1,SANDALIA HAVAIANAS TOP MARINHO 37/38,Mercearia,"0,00","R$ 32,90",,Loja,HAVAIANAS,"R$ 0,00",64022000,UN
"R$ 35.167.575,97",M2292-1,SANDALIA HAVAIANAS TOP MARINHO 39/40,Mercearia,"1,00","R$ 32,90",,Loja,HAVAIANAS,"R$ 32,90",64022000,UN
"R$ 35.167.575,97",M2293-1,SANDALIA HAVAIANAS TOP MARINHO 41/42,Mercearia,"0,00","R$ 32,90",,Loja,HAVAIANAS,"R$ 0,00",64022000,UN
"R$ 35.167.575,97",M2294-1,SANDALIA HAVAIANAS TOP MARINHO 43/44,Mercearia,"0,00","R$ 32,90",,Loja,HAVAIANAS,"R$ 0,00",64022000,UN
"R$ 35.167.575,97",M380-1,SANDALIA HAVAIANAS TOP PRETO,Mercearia,"4,00","R$ 32,00",,Loja,HAVAIANAS,"R$ 128,00",64022000,UN
"R$ 35.167.575,97",M376-1,SANDALIA HAVAIANAS TOP PRETO 35/36,Mercearia,"0,00","R$ 32,00",,Loja,HAVAIANAS,"R$ 0,00",64022000,UN
"R$ 35.167.575,97",M381-1,SANDALIA HAVAIANAS TOP PRETO 37/38,Mercearia,"-1,00","R$ 32,00",,Loja,HAVAIANAS,"-R$ 32,00",64022000,UN
"R$ 35.167.575,97",M379-1,SANDALIA HAVAIANAS TOP PRETO 41/42,Mercearia,"0,00","R$ 32,00",,Loja,HAVAIANAS,"R$ 0,00",64022000,UN
"R$ 35.167.575,97",M378-1,SANDALIA HAVAIANAS TOP PRETO 43/44,Mercearia,"4,00","R$ 32,00",,Loja,HAVAIANAS,"R$ 128,00",64022000,UN
"R$ 35.167.575,97",M377-1,SANDALIA HAVAIANAS TOP PRETO 45/46,Mercearia,"0,00","R$ 32,00",,Loja,HAVAIANAS,"R$ 0,00",64022000,UN
"R$ 35.167.575,97",7893249648064,SANDALIA HAVAIANAS TOP ROSA 35/36,Mercearia,"-1,00","R$ 32,00",,Loja,HAVAIANAS,"-R$ 32,00",64022000,UN
"R$ 35.167.575,97",7893249647364,SANDALIA HAVAIANAS TOP ROSA BALLET,Mercearia,"0,00","R$ 32,00",,Loja,HAVAIANAS,"R$ 0,00",64022000,UN
"R$ 35.167.575,97",M2290-1,SANDALIA HAVAIANAS TOP ROSA FLUX 39/40,Mercearia,"0,00","R$ 32,90",,Loja,HAVAIANAS,"R$ 0,00",64022000,UN
"R$ 35.167.575,97",M375-1,SANDALIA HAVAIANAS TOP VERDE PATRIA 37/38,Mercearia,"0,00","R$ 32,00",,Loja,HAVAIANAS,"R$ 0,00",64022000,UN
"R$ 35.167.575,97",M374-1,SANDALIA HAVAIANAS TOP VERDE PATRIA 39/40,Mercearia,"0,00","R$ 32,00",,Loja,HAVAIANAS,"R$ 0,00",64022000,UN
"R$ 35.167.575,97",M373-1,SANDALIA HAVAIANAS TOP VERDE PATRIA 41/42,Mercearia,"-1,00","R$ 32,00",,Loja,HAVAINAS,"-R$ 32,00",64022000,UN
"R$ 35.167.575,97",7891266524231,SANDALIA HAVAIANAS TOP VERMELHA,Mercearia,"1,00","R$ 32,00",,Loja,HAVAIANAS,"R$ 32,00",64022000,UN
"R$ 35.167.575,97",M344-1,SANDALIA HAVAIANAS TRACK GO MARINHO 39/40,Mercearia,"-1,00","R$ 32,99",,Loja,HAVAIANAS,"-R$ 32,99",64022000,UN
"R$ 35.167.575,97",M343-1,SANDALIA HAVAIANAS TRACK GO MARINHO 41/42,Mercearia,"-1,00","R$ 32,99",,Loja,HAVAIANAS,"-R$ 32,99",64022000,UN
"R$ 35.167.575,97",M342-1,SANDALIA HAVAIANAS TRACK GO MARINHO 43/44,Mercearia,"-3,00","R$ 32,99",,Loja,HAVAIANAS,"-R$ 98,96",64022000,UN
"R$ 35.167.575,97",M341-1,SANDALIA HAVAIANAS TRACK GO PRETO 39/40,Mercearia,"-2,00","R$ 32,99",,Loja,HAVAIANAS,"-R$ 65,97",64022000,UN
"R$ 35.167.575,97",M340-1,SANDALIA HAVAIANAS TRACK GO PRETO 41/42,Mercearia,"-1,00","R$ 32,99",,Loja,HAVAIANAS,"-R$ 32,99",64022000,UN
"R$ 35.167.575,97",M339-1,SANDALIA HAVAIANAS TRADICIONAL AZUL 39/40,Mercearia,"1,00","R$ 25,90",,Loja,HAVAIANAS,"R$ 25,90",64022000,UN
"R$ 35.167.575,97",M338-1,SANDALIA HAVAIANAS TRADICIONAL AZUL 41/42,Mercearia,"0,00","R$ 25,50",,Loja,HAVAIANAS,"R$ 0,00",64022000,UN
"R$ 35.167.575,97",7909989649831,SANDALIA HAVAINAS CAFE 35/36,Mercearia,"0,00","R$ 42,00",,Loja,HAVAIANAS,"R$ 0,00",64022000,UN
"R$ 35.167.575,97",7909989649848,SANDALIA HAVAINAS SLIM CAFE 37/38,Mercearia,"0,00","R$ 42,00",,Loja,HAVAIANAS,"R$ 0,00",64022000,UN
"R$ 35.167.575,97",M662-1,SANDALIA KIDS MORANGO 31/32,Mercearia,"0,00","R$ 28,50",,Loja,HAVAIANAS,"R$ 0,00",22030000,UN
"R$ 35.167.575,97",7908228805151,SAPO 80G,Mercearia,"-4,00","R$ 7,50",,Loja,FINI,"-R$ 30,00",17049020,UN
"R$ 35.167.575,97",M181-1,SARDINHA GOMES DA COSTA 125G OLEO,Mercearia,"11,00","R$ 6,70",,Loja,GOMES DA COSTA,"R$ 73,70",16041310,UN
"R$ 35.167.575,97",M180-1,SARDINHA GOMES DA COSTA 125G TOMATE,Mercearia,"0,00","R$ 6,70",,Loja,GOMES DA COSTA,"R$ 0,00",16041310,UN
"R$ 35.167.575,97",7898943163028,SARDINHA ROBIN CRUSOE 125G TOMATE,Mercearia,"1,00","R$ 6,80",,Loja,SUPREME,"R$ 6,80",16041310,UN
"R$ 35.167.575,97",M1168-1,SAZON NORDESTE,Mercearia,"0,00","R$ 6,99",,Loja,Sazon,"R$ 0,00",21039021,UN
"R$ 35.167.575,97",M1167-1,SAZON NORDESTE,Mercearia,"0,00","R$ 6,99",,Loja,Sazon,"R$ 0,00",21039021,UN
"R$ 35.167.575,97",M2601-1,SAZON TEMPERO VERMELHO (,Mercearia,"2,00","R$ 0,00",,Loja,Sazon,"R$ 0,00",21039021,UN
"R$ 35.167.575,97",M205-1,SELETA DE LEGUMES PREDILECTA 170G,Mercearia,"-17,00","R$ 4,90",,Loja,PREDILECTA,"-R$ 83,30",20059900,UN
"R$ 35.167.575,97",M1046-1,SENSACOES FRANGO GRELHADO 40G,Mercearia,"-4,00","R$ 6,50",,Loja,PEPSICO,"-R$ 26,00",20052000,UN
"R$ 35.167.575,97",M2745-1,SENSACOES PREMIUM SABOR FRANGO GRELHADO 70G,Mercearia,"-2,00","R$ 10,50",,Loja,LAYS,"-R$ 21,00",20052000,UN
"R$ 35.167.575,97",M1261-1,SMAC ARGOLAO DOCE 80G,Mercearia,"-52,00","R$ 3,80",,Loja,.,"-R$ 197,60",19041000,UN
"R$ 35.167.575,97",M2794-1,SNICKERS 40G ORIGINAL,Mercearia,"11,00","R$ 4,50",,Loja,SNICKERS,"R$ 49,50",18063110,UN
"R$ 35.167.575,97",M1140-1,SNICKERS CARAMELO AMENDOIM E NOUGAT 45G,Mercearia,"-19,00","R$ 4,00",,Loja,SNICKERS,"-R$ 76,00",18063110,UN
"R$ 35.167.575,97",M1737-1,SNICKERS PÉ DE MOLEQUE 42G,Mercearia,"-4,00","R$ 4,00",,Loja,SNICKERS,"-R$ 16,00",18063110,UN
"R$ 35.167.575,97",M2459-1,SOBREMESA CHAN DELLE COM 4,Mercearia,"0,00","R$ 5,99",,Loja,CHAN DELLE,"R$ 0,00",04039000,UN
"R$ 35.167.575,97",M1093-1,SOPÃO CARNE COM LEGUMES180G,Mercearia,"5,00","R$ 5,50",,Loja,Apti,"R$ 27,50",21041011,UN
"R$ 35.167.575,97",M1094-1,SOPÃO GALINHA COM VEGETAIS 180G,Mercearia,"7,00","R$ 5,50",,Loja,Apti,"R$ 38,50",21041011,UN
"R$ 35.167.575,97",M166-1,SOPAO NEILAR 200G CARNE,Mercearia,"-7,00","R$ 6,00",,Loja,NEILAR,"-R$ 42,00",21041011,UN
"R$ 35.167.575,97",M167-1,SOPAO NEILAR 200G GALINHA,Mercearia,"-10,00","R$ 6,00",,Loja,NEILAR,"-R$ 60,00",21041011,UN
"R$ 35.167.575,97",7898036491076,SOREVE JUNDIA ABACAXI 2L,Mercearia,"-3,00","R$ 38,90",,Loja,JUNDIAI ,"-R$ 116,70",21050010,UN
"R$ 35.167.575,97",7898036491588,SORVETE ABACAXI AO VINHO 2L,Mercearia,"-7,00","R$ 38,90",,Loja,JUNDIA,"-R$ 272,30",21050010,UN
"R$ 35.167.575,97",M2164-1,SORVETE BOMBOM CEREJA/AMARENA 70G,Mercearia,"0,00","R$ 10,90",,Loja,JUNDIA,"R$ 0,00",21050010,UN
"R$ 35.167.575,97",M2165-1,SORVETE BOMBOM CEREJA/AMARENA 70G,Mercearia,"-16,00","R$ 9,50",,Loja,JUNDIA,"-R$ 152,00",21050010,UN
"R$ 35.167.575,97",M1771-1,SORVETE BOMBOM CHOCOBAR 70G,Mercearia,"-43,00","R$ 9,60",,Loja,JUNDIA,"-R$ 412,80",21050010,UN
"R$ 35.167.575,97",M2166-1,SORVETE BOMBOM CHOCOBAR 70G,Mercearia,"-1,00","R$ 8,55",,Loja,JUNDIA,"-R$ 8,55",21050010,UN
"R$ 35.167.575,97",M2167-1,SORVETE BOMBOM DADINHO 70G,Mercearia,"-13,00","R$ 8,50",,Loja,JUNDIA,"-R$ 110,50",21050010,UN
"R$ 35.167.575,97",7898036491571,SORVETE BRIGADEIRO 2L,Mercearia,"-1,00","R$ 38,90",,Loja,JUNDIA,"-R$ 38,90",21050010,UN
"R$ 35.167.575,97",M2717-1,SORVETE CEREJA AMARENA,Mercearia,"1,00","R$ 10,99",,Loja,JUNDIA,"R$ 10,99",21050010,UN
"R$ 35.167.575,97",7898036491274,SORVETE COCO 2L,Mercearia,"-3,00","R$ 38,90",,Loja,JUNDIAI ,"-R$ 116,70",21050010,UN
"R$ 35.167.575,97",7898036491175,SORVETE JUNDIA CREME 2L,Mercearia,"0,00","R$ 38,90",,Loja,JUNDIA,"R$ 0,00",21050010,UN
"R$ 35.167.575,97",7898036491472,SORVETE JUNDIA FLOCOS 2L,Mercearia,"-5,00","R$ 38,90",,Loja,JUNDIA,"-R$ 194,50",21050010,UN
"R$ 35.167.575,97",7898036492370,SORVETE JUNDIA NAPOLITANO 2L,Mercearia,"-4,00","R$ 38,90",,Loja,.,"-R$ 155,60",21050010,UN
"R$ 35.167.575,97",M1909-1,SORVETE MILHO VERDE 2L,Mercearia,"0,00","R$ 38,90",,Loja,JUNDIA,"R$ 0,00",21050010,UN
"R$ 35.167.575,97",M1777-1,"SORVETE MORANGO 1,5L",Mercearia,"0,00","R$ 36,90",,Loja,JUNDIA,"R$ 0,00",21050010,UN
"R$ 35.167.575,97",M2046-1,SORVETE POTE BOMBOM 2 LITROS,Mercearia,"-13,00","R$ 36,90",,Loja,JUNDIA,"-R$ 479,70",21050010,UN
"R$ 35.167.575,97",M1775-1,"SORVETE POTE CREME 1,5L",Mercearia,"0,00","R$ 36,90",,Loja,JUNDIA,"R$ 0,00",21050010,UN
"R$ 35.167.575,97",M1778-1,"SORVETE POTE FLOCOS 1,5L",Mercearia,"0,00","R$ 36,90",,Loja,JUNDIA,"R$ 0,00",21050010,UN
"R$ 35.167.575,97",M1776-1,"SORVETE POTE NAPOLITANO 1,5L",Mercearia,"0,00","R$ 36,90",,Loja,JUNDIA,"R$ 0,00",21050010,UN
"R$ 35.167.575,97",7898036492738,SORVETE TRES CHOCOLATES 2L,Mercearia,"-4,00","R$ 38,90",,Loja,JUNDIA,"-R$ 155,60",21050010,UN
"R$ 35.167.575,97",M1203-1,SUCRILHOS CHOCOLATE 110G KELLOGGS,Mercearia,"0,00","R$ 6,90",,Loja,KELLOGS,"R$ 0,00",19041000,UN
"R$ 35.167.575,97",M898-1,"SUPER BONDER 3,6G",Mercearia,"-12,00","R$ 6,50",,Loja,HENKEL,"-R$ 78,00",35061010,UN
"R$ 35.167.575,97",M2462-1,SUPER BONDER 3G ORIGINAL,Mercearia,"16,00","R$ 7,80",,Loja,SUPER BONDE,"R$ 124,80",35061010,UN
"R$ 35.167.575,97",M2457-1,TAKIS BUCKIN RANCH 49G,Mercearia,"-4,00","R$ 5,50",,Loja,TAKIS,"-R$ 22,00",19041000,UN
"R$ 35.167.575,97",M2458-1,TAKIS CARNE LOUCA 49G,Mercearia,"-8,00","R$ 5,50",,Loja,TAKIS,"-R$ 44,00",19041000,UN
"R$ 35.167.575,97",7896002311748,TAKIS FUEGO 49G,Mercearia,"0,00","R$ 5,20",,Loja,TAKIS,"R$ 0,00",19059010,UN
"R$ 35.167.575,97",M2696-1,TAKIS HOT CHILLI 49G,Mercearia,"-1,00","R$ 5,90",,Loja,BIMBO,"-R$ 5,90",19059090,UN
"R$ 35.167.575,97",M1872-1,TALHER DE PLASTICO 50 UNIDADES,Mercearia,"-1,00","R$ 9,00",,Loja,ELITE,"-R$ 9,00",39241000,UN
"R$ 35.167.575,97",M627-1,TALHER SOBREMSA 50 UNIDADES,Mercearia,"-1,00","R$ 5,20",,Loja,.,"-R$ 5,20",39241000,UN
"R$ 35.167.575,97",M143-1,TAPIOCA AMAFIL 500G,Mercearia,"29,00","R$ 5,50",,Loja,AMAFIL,"R$ 159,50",11081400,UN
"R$ 35.167.575,97",M736-1,TEMPERO - ALHO E CEBOLA 23G,Mercearia,"-5,00","R$ 8,90",,Loja,KNORR,"-R$ 44,50",21039021,UN
"R$ 35.167.575,97",M735-1,"TEMPERO - ALHO, CEBOLA E CURCUMA 23G",Mercearia,"-20,00","R$ 8,90",,Loja,KNORR,"-R$ 178,00",21039021,UN
"R$ 35.167.575,97",M756-1,TEMPERO - PIMENTAO E TOMILHO 23G,Mercearia,"-16,00","R$ 8,90",,Loja,KNORR,"-R$ 142,40",21039021,UN
"R$ 35.167.575,97",M761-1,TEMPERO 60G NORDESTE,Mercearia,"-1,00","R$ 6,00",,Loja,Sazon,"-R$ 6,00",21039021,UN
"R$ 35.167.575,97",M560-1,TEMPERO ALHO E SAL,Mercearia,"-1,00","R$ 2,40",,Loja,.,"-R$ 2,40",21039021,UN
"R$ 35.167.575,97",M556-1,TEMPERO COMPLETO CEBOLA ALHO E SALSA,Mercearia,"0,00","R$ 2,40",,Loja,.,"R$ 0,00",21039021,UN
"R$ 35.167.575,97",M559-1,TEMPERO COMPLETO COM PIMENTA,Mercearia,"-2,00","R$ 2,40",,Loja,.,"-R$ 4,80",21039021,UN
"R$ 35.167.575,97",M1366-1,TEMPERO COMPLETO EDU GUEDES 500G,Mercearia,"-4,00","R$ 27,00",,Loja,MAX,"-R$ 108,00",21039029,UN
"R$ 35.167.575,97",12121212,TEMPERO DIVERSOS,Mercearia,"-21,00","R$ 10,00",,Loja,TEMPEROS,"-R$ 210,00",21039029,UN
"R$ 35.167.575,97",M558-1,TEMPERO ERVAS FINAS E ACAFRAO,Mercearia,"-8,00","R$ 2,50",,Loja,.,"-R$ 20,00",21039021,UN
"R$ 35.167.575,97",M2615-1,TEMPERO KNORR MEU ASSADO 25G CEBOLA E ALHO,Mercearia,"1,00","R$ 8,90",,Loja,KNNOR,"R$ 8,90",21039021,UN
"R$ 35.167.575,97",M690-1,TEMPERO MEU ASSADO 23G CASEIRO,Mercearia,"0,00","R$ 138,90",,Loja,KNORR,"R$ 0,00",21039021,UN
"R$ 35.167.575,97",M557-1,TEMPERO PIMENTA DO REINO,Mercearia,"-4,00","R$ 3,30",,Loja,.,"-R$ 13,20",21039021,UN
"R$ 35.167.575,97",M1186-1,TEMPERO SAZON 60G,Mercearia,"-4,00","R$ 6,99",,Loja,Sazon,"-R$ 27,96",21039021,UN
"R$ 35.167.575,97",M212-1,TEMPERO SAZON 60G AMARELO,Mercearia,"0,00","R$ 6,99",,Loja,Sazon,"R$ 0,00",21039021,UN
"R$ 35.167.575,97",M26-1,TEMPERO SAZON 60G BRANCO,Mercearia,"-5,00","R$ 6,99",,Loja,Sazon,"-R$ 34,95",21039021,UN
"R$ 35.167.575,97",M213-1,TEMPERO SAZON 60G SALADA,Mercearia,"8,00","R$ 6,99",,Loja,Sazon,"R$ 55,92",21039021,UN
"R$ 35.167.575,97",M211-1,TEMPERO SAZON 60G VERDE,Mercearia,"0,00","R$ 6,99",,Loja,Sazon,"R$ 0,00",21039021,UN
"R$ 35.167.575,97",M16-1,TEMPERO SAZON 60G VERMELHO,Mercearia,"67,00","R$ 7,19",,Loja,Sazon,"R$ 481,40",21039021,UN
"R$ 35.167.575,97",M1269-1,TERROR 80G,Mercearia,"0,00","R$ 7,50",,Loja,FINI,"R$ 0,00",17049020,UN
"R$ 35.167.575,97",M2667-1,TERROR MORANGO E LIMAO ACIDO 80G,Mercearia,"-6,00","R$ 7,50",,Loja,FINI,"-R$ 45,00",17049020,UN
"R$ 35.167.575,97",M2449-1,"TIRA MANCHAS CANDURA 1,5L",Mercearia,"11,00","R$ 10,50",,Loja,CANDURA,"R$ 115,50",34025000,UN
"R$ 35.167.575,97",7908228804994,TIRAS ROLLER MORANGO CITRICA 20G,Mercearia,"0,00","R$ 3,50",,Loja,FINI,"R$ 0,00",17049020,UN
"R$ 35.167.575,97",M2741-1,TORCIDA BACON 60GX24,Mercearia,"15,00","R$ 3,50",,Loja,TORCIDA ,"R$ 52,50",19059090,UN
"R$ 35.167.575,97",M2740-1,TORCIDA CEBOLA 60GX24,Mercearia,"16,00","R$ 3,50",,Loja,TORCIDA ,"R$ 56,00",19059090,UN
"R$ 35.167.575,97",M2738-1,TORCIDA CHURRASCO 60GX24,Mercearia,"22,00","R$ 3,50",,Loja,TORICA ,"R$ 77,00",19059090,UN
"R$ 35.167.575,97",M2739-1,TORCIDA QUEIJO 60G,Mercearia,"21,00","R$ 3,50",,Loja,TORCIDA ,"R$ 73,50",19059090,UN
"R$ 35.167.575,97",M2353-1,TORCIDA SABOR CHURRASCO 60G,Mercearia,"-99,00","R$ 3,50",,Loja,TORCIDA ,"-R$ 346,50",19041000,UN
"R$ 35.167.575,97",M231-1,TORRADA BAUDUCCO 142G TRADICIONAL,Mercearia,"-20,00","R$ 5,40",,Loja,BAUDUCO,"-R$ 108,00",19054000,UN
"R$ 35.167.575,97",M232-1,TORRADA LEV MAGIC MARILAN 110G,Mercearia,"-18,00","R$ 6,60",,Loja,Marilan,"-R$ 118,80",19054000,UN
"R$ 35.167.575,97",M2077-1,TRENTO 25G MASSIMO CHOCOLATE,Mercearia,"-13,00","R$ 3,80",,Loja,TRENTO,"-R$ 49,40",19053200,UN
"R$ 35.167.575,97",M2078-1,TRENTO 29G DUO,Mercearia,"-12,00","R$ 3,80",,Loja,TRENTO,"-R$ 45,60",19053200,UN
"R$ 35.167.575,97",M1337-1,TRENTO AVELÃ 29G,Mercearia,"11,00","R$ 3,80",,Loja,TRENTO,"R$ 41,80",18063110,UN
"R$ 35.167.575,97",M1142-1,TRENTO CHOCOLATE 29G,Mercearia,"5,00","R$ 2,99",,Loja,TRENTO,"R$ 14,95",18063110,UN
"R$ 35.167.575,97",M1143-1,TRENTO TORTA DE LIMAO 29G,Mercearia,"0,00","R$ 2,99",,Loja,TRENTO,"R$ 0,00",18063110,UN
"R$ 35.167.575,97",M2456-1,TRIGO PARA KIBE 500G,Mercearia,"-5,00","R$ 10,50",,Loja,DEUSA,"-R$ 52,50",11010010,UN
"R$ 35.167.575,97",M2671-1,TUBES DESENROLA E ESTIKA PINK LEMONADE 80G.,Mercearia,"-7,00","R$ 7,50",,Loja,FINI,"-R$ 52,50",17049020,UN
"R$ 35.167.575,97",M2672-1,TUBES MACA DO AMOR 15G -,Mercearia,"3,00","R$ 1,80",,Loja,.,"R$ 5,40",17049020,UN
"R$ 35.167.575,97",7908228809470,TUBES MACA DO AMOR 80G,Mercearia,"-11,00","R$ 7,50",,Loja,FINI,"-R$ 82,50",17049020,UN
"R$ 35.167.575,97",M1400-1,TUBES MORABGA AZEDINHOS 80G,Mercearia,"-35,00","R$ 7,50",,Loja,FINI,"-R$ 262,50",17049020,UN
"R$ 35.167.575,97",8410525159619,TUBES MORANGO 80G,Mercearia,"-62,00","R$ 7,50",,Loja,FINI,"-R$ 465,00",17049020,UN
"R$ 35.167.575,97",M2435-1,TUBES MORANGO CITRICO 80G,Mercearia,"5,00","R$ 7,50",,Loja,FINI,"R$ 37,50",17049020,UN
"R$ 35.167.575,97",M1171-1,TWIX,Mercearia,"-61,00","R$ 1,50",,Loja,TWIX,"-R$ 91,50",19053100,UN
"R$ 35.167.575,97",7896272010167,UVA PASSA 80G,Mercearia,"-23,00","R$ 3,99",,Loja,VALE FERTIL,"-R$ 91,77",08062000,UN
"R$ 35.167.575,97",M751-1,UVA-PASSA ESCURA SEM SEMENTES 100G,Mercearia,"12,00","R$ 4,50",,Loja,LA VIOLETERA,"R$ 54,00",08062000,UN
"R$ 35.167.575,97",M868-1,VELA ? BIG BRANCA,Mercearia,"-3,00","R$ 4,50",,Loja,NEW FEST,"-R$ 13,50",34060000,UN
"R$ 35.167.575,97",M870-1,VELA ? GLITER DOURADO,Mercearia,"0,00","R$ 5,99",,Loja,NEW FEST,"R$ 0,00",34060000,UN
"R$ 35.167.575,97",M871-1,VELA BIG BRANCA NO 0,Mercearia,"0,00","R$ 4,50",,Loja,NEW FEST,"R$ 0,00",34060000,UN
"R$ 35.167.575,97",M872-1,VELA BIG BRANCA NO 1,Mercearia,"-7,00","R$ 4,50",,Loja,NEW FEST,"-R$ 31,50",34060000,UN
"R$ 35.167.575,97",M873-1,VELA BIG BRANCA NO 2,Mercearia,"-1,00","R$ 4,50",,Loja,NEW FEST,"-R$ 4,50",34060000,UN
"R$ 35.167.575,97",M874-1,VELA BIG BRANCA NO 3,Mercearia,"-7,00","R$ 4,50",,Loja,NEW FEST,"-R$ 31,50",34060000,UN
"R$ 35.167.575,97",M875-1,VELA BIG BRANCA NO 4,Mercearia,"-1,00","R$ 4,50",,Loja,NEW FEST,"-R$ 4,50",34060000,UN
"R$ 35.167.575,97",M876-1,VELA BIG BRANCA NO 5,Mercearia,"-5,00","R$ 4,50",,Loja,NEW FEST,"-R$ 22,50",34060000,UN
"R$ 35.167.575,97",M877-1,VELA BIG BRANCA NO 6,Mercearia,"-2,00","R$ 4,50",,Loja,NEW FEST,"-R$ 9,00",34060000,UN
"R$ 35.167.575,97",M878-1,VELA BIG BRANCA NO 7,Mercearia,"-1,00","R$ 4,50",,Loja,NEW FEST,"-R$ 4,50",34060000,UN
"R$ 35.167.575,97",M879-1,VELA BIG BRANCA NO 8,Mercearia,"0,00","R$ 4,50",,Loja,NEW FEST,"R$ 0,00",34060000,UN
"R$ 35.167.575,97",M880-1,VELA BIG BRANCA NO 9,Mercearia,"0,00","R$ 4,50",,Loja,NEW FEST,"R$ 0,00",34060000,UN
"R$ 35.167.575,97",M881-1,VELA ESTRELINHA C/4,Mercearia,"-3,00","R$ 4,99",,Loja,NEW FEST,"-R$ 14,97",34060000,UN
"R$ 35.167.575,97",M882-1,VELA GLITER DOURADA NO 0,Mercearia,"0,00","R$ 5,99",,Loja,NEW FEST,"R$ 0,00",34060000,UN
"R$ 35.167.575,97",M883-1,VELA GLITER DOURADA NO 1,Mercearia,"0,00","R$ 5,99",,Loja,NEW FEST,"R$ 0,00",34060000,UN
"R$ 35.167.575,97",M885-1,VELA GLITER DOURADA NO 2,Mercearia,"-2,00","R$ 5,99",,Loja,NEW FEST,"-R$ 11,98",34060000,UN
"R$ 35.167.575,97",M886-1,VELA GLITER DOURADA NO 3,Mercearia,"-4,00","R$ 5,99",,Loja,NEW FEST,"-R$ 23,96",34060000,UN
"R$ 35.167.575,97",M887-1,VELA GLITER DOURADA NO 4,Mercearia,"-2,00","R$ 5,99",,Loja,NEW FEST,"-R$ 11,98",34060000,UN
"R$ 35.167.575,97",M888-1,VELA GLITER DOURADA NO 5,Mercearia,"-1,00","R$ 5,99",,Loja,NEW FEST,"-R$ 5,99",34060000,UN
"R$ 35.167.575,97",M889-1,VELA GLITER DOURADA NO 6,Mercearia,"0,00","R$ 5,99",,Loja,NEW FEST,"R$ 0,00",34060000,UN
"R$ 35.167.575,97",M891-1,VELA GLITER DOURADA NO 7,Mercearia,"0,00","R$ 5,99",,Loja,NEW FEST,"R$ 0,00",34060000,UN
"R$ 35.167.575,97",M892-1,VELA GLITER DOURADA NO 8,Mercearia,"-3,00","R$ 5,99",,Loja,NEW FEST,"-R$ 17,97",34060000,UN
"R$ 35.167.575,97",M893-1,VELA GLITER DOURADA NO 9,Mercearia,"0,00","R$ 5,99",,Loja,NEW FEST,"R$ 0,00",34060000,UN
"R$ 35.167.575,97",7896080901077,VELA PARANA 1 UNIDADE 255G,Mercearia,"-10,00","R$ 12,50",,Loja,PARANA,"-R$ 125,00",17011400,UN
"R$ 35.167.575,97",7896080901589,VELA PARANA N 5,Mercearia,"-24,00","R$ 6,80",,Loja,PARANA,"-R$ 163,20",17011400,UN
"R$ 35.167.575,97",M279-1,VELA SAO DOMINGOS 245G 7 DIAS,Mercearia,"3,00","R$ 13,50",,Loja,DOMINGOS,"R$ 40,50",34060000,UN
"R$ 35.167.575,97",M150-1,VELA SAO DOMINGOS 9G,Mercearia,"19,00","R$ 3,60",,Loja,SAO DOMINGOS,"R$ 68,40",34060000,UN
"R$ 35.167.575,97",M894-1,VELA VULCAO SORTIDA 1X1,Mercearia,"-2,00","R$ 7,50",,Loja,NEW FEST,"-R$ 15,00",34060000,UN
"R$ 35.167.575,97",M1490-1,VELAS 8UN,Mercearia,"0,00","R$ 3,90",,Loja,SAO DOMINGOS,"R$ 0,00",34060000,UN
"R$ 35.167.575,97",M1657-1,VELAS SAO DOMINGOS N3,Mercearia,"-7,00","R$ 3,99",,Loja,velas sao domingos,"-R$ 27,93",34060000,UN
"R$ 35.167.575,97",M218-1,VINAGRE BELMONT 750ML ALCOOL LIMÃO,Mercearia,"-7,00","R$ 6,50",,Loja,BELMONT,"-R$ 45,50",22090000,UN
"R$ 35.167.575,97",M1493-1,VINAGRE DE VINHO BRANCO 750ML,Mercearia,"0,00","R$ 5,99",,Loja,TOSCANO,"R$ 0,00",22090000,UN
"R$ 35.167.575,97",M217-1,VINAGRE FORTALEZA 750ML ALCOOL,Mercearia,"0,00","R$ 2,50",,Loja,FORTALEZA,"R$ 0,00",22090000,UN
"R$ 35.167.575,97",M144-1,VINAGRE FORTALEZA 750ML COLORIDO,Mercearia,"0,00","R$ 2,50",,Loja,FORTALEZA,"R$ 0,00",22090000,UN
"R$ 35.167.575,97",M614-1,VINAGRE TOSCANO 750ML COLORIDO,Mercearia,"103,00","R$ 2,50",,Loja,.,"R$ 257,50",22090000,UN
"R$ 35.167.575,97",M1605-1,VINAGRE TOSCANO LIMÃO 750ML,Mercearia,"-15,00","R$ 8,50",,Loja,TOSCANO,"-R$ 127,50",22090000,UN
"R$ 35.167.575,97",M2145-1,VINAGRE TOSCANO MAÇA 750 ML,Mercearia,"-2,00","R$ 7,50",,Loja,TOSCANO,"-R$ 15,00",22090000,UN
"R$ 35.167.575,97",M1323-1,VINAGRE TOSCANO VINHO TINTO 750ML,Mercearia,"-7,00","R$ 9,90",,Loja,TOSCANO,"-R$ 69,30",22090000,UN
"R$ 35.167.575,97",7896029046296,WHISKAS SABOR CORDEIRO 85G,Mercearia,"-11,00","R$ 3,99",,Loja,whiskas,"-R$ 43,89",23091000,UN
"R$ 35.167.575,97",M770-1,YAKULT 6 UNIDADES,Mercearia,"-92,00","R$ 12,00",,Loja,.,"-R$ 1.104,00",04039000,UN
"R$ 35.167.575,97",M769-1,YAKULT 80G,Mercearia,"-24,00","R$ 2,00",,Loja,.,"-R$ 48,00",04039000,UN
"R$ 35.167.575,97",M1410-1,AMENDOIM COM CASCA 50G,Padaria,"0,00","R$ 2,99",,Loja,LAMOR,"R$ 0,00",20081100,UN
"R$ 35.167.575,97",M1409-1,AMENDOIM DOCE PLALINE50G,Padaria,"0,00","R$ 2,99",,Loja,LAMOR,"R$ 0,00",20081100,UN
"R$ 35.167.575,97",M553-1,ANA MARIA BAUNILHA 70G,Padaria,"-25,00","R$ 4,90",,Loja,BIMBO,"-R$ 122,50",19059090,UN
"R$ 35.167.575,97",M2571-1,ANA MARIA CENOURA 70G,Padaria,"8,00","R$ 5,60",,Loja,BIMBO,"R$ 44,80",19059090,UN
"R$ 35.167.575,97",M406-1,ANA MARIA CHOCOLATE 70G,Padaria,"-32,00","R$ 4,90",,Loja,BIMBO,"-R$ 156,80",19059090,UN
"R$ 35.167.575,97",M1192-1,ANA MARIA COBERTURA DE CHOCOLATE 42G BIMBO,Padaria,"-38,00","R$ 3,20",,Loja,BIMBO,"-R$ 121,60",19059090,UN
"R$ 35.167.575,97",M408-1,ANA MARIA GOTAS DE CHOCOLATE 70G,Padaria,"-32,00","R$ 4,50",,Loja,BIMBO,"-R$ 144,00",19059090,UN
"R$ 35.167.575,97",M405-1,ANA MARIA MORANGO 70G,Padaria,"-21,00","R$ 4,90",,Loja,BIMBO,"-R$ 102,90",19059090,UN
"R$ 35.167.575,97",M404-1,ANA MARIA TRIPLO CHOCOLATE 70G BIMBO,Padaria,"-30,00","R$ 4,90",,Loja,BIMBO,"-R$ 147,00",19059090,UN
"R$ 35.167.575,97",7896587400035,BELISCÃO 400G,Padaria,"-10,00","R$ 13,99",,Loja,BOLACHAS BRALIA,"-R$ 139,90",19053100,UN
"R$ 35.167.575,97",M2141-1,BISCOIITO MARILAN LEITE 300G,Padaria,"-6,00","R$ 5,99",,Loja,Marilan,"-R$ 35,94",19053100,UN
"R$ 35.167.575,97",M1759-1,BISCOITO AMENDOA COM CHOCOLATE 200G,Padaria,"-6,00","R$ 11,50",,Loja,DLEO,"-R$ 69,00",19053100,UN
"R$ 35.167.575,97",M1760-1,BISCOITO BANANA COM CHOCOLATE 200G,Padaria,"-1,00","R$ 11,50",,Loja,DLEO,"-R$ 11,50",19053100,UN
"R$ 35.167.575,97",M1728-1,BISCOITO BESLISCAO 400G,Padaria,"-3,00","R$ 13,50",,Loja,MESA MINEIRA,"-R$ 40,50",19053100,UN
"R$ 35.167.575,97",M1124-1,BISCOITO CAMILLA 200G,Padaria,"-157,00","R$ 7,00",,Loja,CAMILLA,"-R$ 1.099,00",20081100,UN
"R$ 35.167.575,97",M1757-1,BISCOITO COM GOTAS DE CHOCOLATE 200G,Padaria,"-2,00","R$ 11,50",,Loja,DLEO,"-R$ 23,00",19053100,UN
"R$ 35.167.575,97",M1758-1,BISCOITO DE GOIABA 200G,Padaria,"0,00","R$ 11,50",,Loja,DLEO,"R$ 0,00",19053100,UN
"R$ 35.167.575,97",M1756-1,BISCOITO FLOR DE MORANGO 200G,Padaria,"-1,00","R$ 11,50",,Loja,DLEO,"-R$ 11,50",19053100,UN
"R$ 35.167.575,97",7896071030038,BISCOITO MABEL ROSQUINHA 300G BANANA/CANELA,Padaria,"-29,00","R$ 4,90",,Loja,MABEL,"-R$ 142,10",19053100,UN
"R$ 35.167.575,97",7896071030014,BISCOITO MABEL ROSQUINHA 300G CHOCOLATE,Padaria,"-22,00","R$ 5,80",,Loja,MABEL,"-R$ 127,60",19053100,UN
"R$ 35.167.575,97",M1727-1,BISCOITO PALITO DE CHOCOLATE 400G,Padaria,"-4,00","R$ 16,50",,Loja,MESA MINEIRA,"-R$ 66,00",19053100,UN
"R$ 35.167.575,97",M1726-1,BISCOITO PÃO DE MEL 400G,Padaria,"0,00","R$ 16,50",,Loja,MESA MINEIRA,"R$ 0,00",19053100,UN
"R$ 35.167.575,97",M2576-1,BISNAGA ARTESANO 300G,Padaria,"0,00","R$ 12,50",,Loja,BIMBO,"R$ 0,00",19059090,UN
"R$ 35.167.575,97",M2572-1,BISNAGA ARTESANO NA CHAPA 300g,Padaria,"0,00","R$ 12,50",,Loja,BIMBO,"R$ 0,00",19059090,UN
"R$ 35.167.575,97",M905-1,BISNAGUINHA FERMENTAÇÃO NATURAL 260G,Padaria,"12,00","R$ 6,90",,Loja,BAUDUCO,"R$ 82,80",19059090,UN
"R$ 35.167.575,97",M402-1,BISNAGUITO 300G  PULLMAN,Padaria,"-49,00","R$ 11,50",,Loja,BIMBO,"-R$ 563,50",19059090,UN
"R$ 35.167.575,97",M1730-1,BOLACHA CAVAQUINHA DE COCO 400G,Padaria,"-32,00","R$ 13,90",,Loja,BEM MINERIN,"-R$ 444,80",19053100,UN
"R$ 35.167.575,97",M1732-1,BOLACHA ENROLADA DE COCO 400G,Padaria,"-67,00","R$ 13,90",,Loja,BEM MINERIN,"-R$ 931,30",19053100,UN
"R$ 35.167.575,97",M1729-1,BOLACHA ENROLADA SIMPLES 400G,Padaria,"-24,00","R$ 13,90",,Loja,BEM MINERIN,"-R$ 333,60",19053100,UN
"R$ 35.167.575,97",M1731-1,BOLACHGA CAVAQUINHA 400G,Padaria,"-25,00","R$ 13,90",,Loja,BEM MINERIN,"-R$ 347,50",19053100,UN
"R$ 35.167.575,97",M403-1,BOLO DE CHOCOLATE 250G PULLMAN,Padaria,"-21,00","R$ 11,50",,Loja,BIMBO,"-R$ 241,50",19059090,UN
"R$ 35.167.575,97",M1755-1,BOLO DE CHOCOLATE 300G,Padaria,"-4,00","R$ 11,50",,Loja,DLEO,"-R$ 46,00",19059090,UN
"R$ 35.167.575,97",M2410-1,BOLO DE COCO 250G,Padaria,"-5,00","R$ 8,90",,Loja,SEVENBOYS,"-R$ 44,50",19059090,UN
"R$ 35.167.575,97",M1750-1,BOLO DE COCO 300G,Padaria,"-2,00","R$ 11,50",,Loja,DLEO,"-R$ 23,00",19059090,UN
"R$ 35.167.575,97",M1753-1,BOLO DE FORMIGUEIRO 300G,Padaria,"-3,00","R$ 11,50",,Loja,DLEO,"-R$ 34,50",19059090,UN
"R$ 35.167.575,97",M1751-1,BOLO DE FRAPE 300G,Padaria,"-3,00","R$ 11,50",,Loja,DLEO,"-R$ 34,50",19059090,UN
"R$ 35.167.575,97",M555-1,BOLO DE GOTAS DE CHOCOLATE 250G,Padaria,"-16,00","R$ 11,50",,Loja,BIMBO,"-R$ 184,00",19059090,UN
"R$ 35.167.575,97",M2411-1,BOLO DE LARANJA 250G,Padaria,"-3,00","R$ 8,90",,Loja,SEVENBOYS,"-R$ 26,70",19059090,UN
"R$ 35.167.575,97",M1189-1,BOLO DE LARANJA 250G BIMBO,Padaria,"-18,00","R$ 10,00",,Loja,PULMANN,"-R$ 180,00",19059090,UN
"R$ 35.167.575,97",M1754-1,BOLO DE LARANJA 300G,Padaria,"-2,00","R$ 11,50",,Loja,DLEO,"-R$ 23,00",19059090,UN
"R$ 35.167.575,97",M1752-1,BOLO DE MILHO 300G,Padaria,"0,00","R$ 11,50",,Loja,DLEO,"R$ 0,00",19059090,UN
"R$ 35.167.575,97",M554-1,BOLO FRAPE 250G,Padaria,"-16,00","R$ 11,50",,Loja,BIMBO,"-R$ 184,00",19059090,UN
"R$ 35.167.575,97",M2408-1,BOLO SABOR CHOCOLATE 250G,Padaria,"-2,00","R$ 8,90",,Loja,SEVENBOYS,"-R$ 17,80",19059090,UN
"R$ 35.167.575,97",M2409-1,BOLO SABOR MARMORE 250G,Padaria,"-4,00","R$ 8,90",,Loja,SEVENBOYS,"-R$ 35,60",19059090,UN
"R$ 35.167.575,97",7891000416266,CAFE NESCAFE SOLUVEL 40G,Padaria,"0,00","R$ 8,50",,Loja,NESCAFE ,"R$ 0,00",21011110,UN
"R$ 35.167.575,97",M1785-1,"CHOC BIS LACTA 100,8G BRANCO",Padaria,"27,00","R$ 8,40",,Loja,BIS,"R$ 226,80",19053200,UN
"R$ 35.167.575,97",M1787-1,CHOC GAROTO TAB 80G BRANCO,Padaria,"-9,00","R$ 8,40",,Loja,GAROTO,"-R$ 75,60",17049010,UN
"R$ 35.167.575,97",M1193-1,CROCANTISSIMO PEITO DE PERU COM REQUEIJAO 40G BIMBO,Padaria,"-3,00","R$ 3,80",,Loja,BIMBO,"-R$ 11,40",19041000,UN
"R$ 35.167.575,97",M1194-1,CROCANTISSIMO QUEIJO E CEBOLA 40G BIMBO,Padaria,"-1,00","R$ 3,80",,Loja,BIMBO,"-R$ 3,80",19041000,UN
"R$ 35.167.575,97",M1482-1,MAIONESE QUERO200G,Padaria,"-6,00","R$ 3,70",,Loja,QUERO,"-R$ 22,20",21039011,UN
"R$ 35.167.575,97",M1506-1,MAIONESE SOYA 500G,Padaria,"-11,00","R$ 7,20",,Loja,SOYA,"-R$ 79,20",21039011,UN
"R$ 35.167.575,97",M1077-1,MARGARINA CLAYBOM 250G CREMOSA C/SAL,Padaria,"0,00","R$ 4,70",,Loja,CLAYBOM,"R$ 0,00",15171000,UN
"R$ 35.167.575,97",M1074-1,MARGARINA CLAYBOM 500G CREMOSA C/SAL,Padaria,"-25,00","R$ 8,50",,Loja,CLAYBOM,"-R$ 212,50",15171000,UN
"R$ 35.167.575,97",M1075-1,MARGARINA DELICIA 500G C/SAL,Padaria,"0,00","R$ 8,99",,Loja,CLAYBOM,"R$ 0,00",15171000,UN
"R$ 35.167.575,97",M1342-1,MASSA FRESCA PARA PASTEL 500G,Padaria,"-33,00","R$ 8,90",,Loja,GUAÇU MASSAS,"-R$ 293,70",19021900,UN
"R$ 35.167.575,97",M1341-1,MASSA FRESCA PARA PASTEL1KG,Padaria,"-6,00","R$ 14,99",,Loja,GUAÇU MASSAS,"-R$ 89,94",19021900,UN
"R$ 35.167.575,97",M1343-1,MASSA PARA PASTEL DISCO 500G,Padaria,"-50,00","R$ 8,90",,Loja,GUAÇU MASSAS,"-R$ 445,00",19021900,UN
"R$ 35.167.575,97",M1574-1,MILHO PARA PIPOCA 400G,Padaria,"-9,00","R$ 4,50",,Loja,KI SABOR,"-R$ 40,50",10059010,UN
"R$ 35.167.575,97",M1108-1,PAÇOCA CASEIRA 90G,Padaria,"-397,00","R$ 3,00",,Loja,VOVO MARIA,"-R$ 1.191,00",20081100,UN
"R$ 35.167.575,97",M1032-1,PAÇOQUINHA 20G,Padaria,"-215,00","R$ 1,00",,Loja,PAÇOQUINHA,"-R$ 215,00",17049090,UN
"R$ 35.167.575,97",M1009-1,PANETTONE FRUTAS ROMANATO 300G,Padaria,"0,00","R$ 9,90",,Loja,ROMANATO,"R$ 0,00",19052010,UN
"R$ 35.167.575,97",M570-1,PANETTONE GOTAS ROMANATO 300G,Padaria,"0,00","R$ 9,90",,Loja,ROMANATO,"R$ 0,00",19052010,UN
"R$ 35.167.575,97",M2729-1,PAO ABOBORA E LINHACA 350G,Padaria,"2,00","R$ 15,50",,Loja,BIMBO,"R$ 31,00",19059010,UN
"R$ 35.167.575,97",M2575-1,PÃO ARETESANO INTEGRAL 500G,Padaria,"-1,00","R$ 18,00",,Loja,BIMBO,"-R$ 18,00",19059010,UN
"R$ 35.167.575,97",M1344-1,PAO ARTESANO 500G,Padaria,"-3,00","R$ 17,00",,Loja,BIMBO,"-R$ 50,99",19059010,UN
"R$ 35.167.575,97",7896002302197,PAO ARTESANO 500G,Padaria,"-5,00","R$ 16,90",,Loja,BIMBO,"-R$ 84,50",19059010,UN
"R$ 35.167.575,97",M2577-1,PÃO ARTESANO NA CHAPA 500G,Padaria,"3,00","R$ 18,00",,Loja,BIMBO,"R$ 54,00",19059010,UN
"R$ 35.167.575,97",M1748-1,PAO BRIOCHE 150G,Padaria,"0,00","R$ 5,50",,Loja,DLEO,"R$ 0,00",19059090,UN
"R$ 35.167.575,97",M1747-1,PAO CASEIRINHO 200G,Padaria,"0,00","R$ 5,50",,Loja,DLEO,"R$ 0,00",19059090,UN
"R$ 35.167.575,97",M1746-1,PAO CASEIRO ARTESANAL 200G,Padaria,"0,00","R$ 5,50",,Loja,DLEO,"R$ 0,00",19059090,UN
"R$ 35.167.575,97",M2728-1,PAO CRANBERRY E QUINOA 350GP,Padaria,"2,00","R$ 15,50",,Loja,BIMBO,"R$ 31,00",19059010,UN
"R$ 35.167.575,97",7896002310345,PÃO DE FOMA ARTESANO NA CHAPA 500G,Padaria,"0,00","R$ 17,99",,Loja,PULLMAN,"R$ 0,00",19059010,UN
"R$ 35.167.575,97",7896066336381,PÃO DE FORMA 100 GIRASSOL E CASTANHA 350G,Padaria,"-2,00","R$ 15,90",,Loja,WICKBOLD,"-R$ 31,80",19059010,UN
"R$ 35.167.575,97",7896002300360,PÃO DE FORMA 100 NATURAL 450G,Padaria,"-2,00","R$ 14,90",,Loja,NUTRELLA,"-R$ 29,80",19059010,UN
"R$ 35.167.575,97",M401-1,PÃO DE FORMA 480G PULLMAN,Padaria,"-188,00","R$ 11,90",,Loja,BIMBO,"-R$ 2.237,20",19059010,UN
"R$ 35.167.575,97",7896066301143,PÃO DE FORMA 5 ZEROS 400G,Padaria,"-6,00","R$ 10,99",,Loja,WICKBOLD,"-R$ 65,94",19059010,UN
"R$ 35.167.575,97",M2250-1,PÃO DE FORMA CASTANHA DO PARA E QUINOA 350G,Padaria,"-2,00","R$ 15,90",,Loja,NUTRELLA,"-R$ 31,80",19059010,UN
"R$ 35.167.575,97",M2260-1,PAO DE FORMA CASTANHA DO PARA E QUINOA 350G,Padaria,"-2,00","R$ 14,90",,Loja,WICKBOLD,"-R$ 29,80",19059010,UN
"R$ 35.167.575,97",7896002310246,PÃO DE FORMA COM AVEIA 350G,Padaria,"-3,00","R$ 14,90",,Loja,NUTRELLA,"-R$ 44,70",19059010,UN
"R$ 35.167.575,97",7896002312677,PÃO DE FORMA COM PROTEINAS 370G,Padaria,"-3,00","R$ 13,99",,Loja,PULLMAN,"-R$ 41,97",19059010,UN
"R$ 35.167.575,97",7896066301457,PÃO DE FORMA DO FORNO 100 FONTE DE FIBRAS 500G,Padaria,"-3,00","R$ 17,90",,Loja,WICK,"-R$ 53,70",19059010,UN
"R$ 35.167.575,97",M2253-1,PÃO DE FORMA MAIS SEMENTES 350G,Padaria,"-4,00","R$ 14,99",,Loja,NUTRELLA,"-R$ 59,96",19059010,UN
"R$ 35.167.575,97",M2574-1,PÃO DE FORMA SEM CASCA 450G,Padaria,"3,00","R$ 16,99",,Loja,BIMBO,"R$ 50,97",19059010,UN
"R$ 35.167.575,97",7896002310239,PÃO DE FORMA SEMENTE ABOBORA LINHAÇA CENOURA 350G,Padaria,"-2,00","R$ 14,90",,Loja,NUTRELLA,"-R$ 29,80",19059010,UN
"R$ 35.167.575,97",M84-1,PAO DE FORMA TRADICIONAL BAUDUCCO 390GR,Padaria,"0,00","R$ 7,99",,Loja,BAUDUCCO,"R$ 0,00",19059010,UN
"R$ 35.167.575,97",M86-1,PAO DE FORMA TRADICIONAL VISCONTI 400G,Padaria,"-24,00","R$ 7,50",,Loja,VISCONTI,"-R$ 180,00",19059010,UN
"R$ 35.167.575,97",M1508-1,PAO DE HAMBURGUE GERGELIM 420G,Padaria,"-12,00","R$ 17,99",,Loja,PULLMAN,"-R$ 215,88",19059090,UN
"R$ 35.167.575,97",M2252-1,PÃO DE MILHO 450G,Padaria,"-5,00","R$ 11,99",,Loja,SEVENBOYS,"-R$ 59,95",19059010,UN
"R$ 35.167.575,97",M908-1,PÃO FERMENTAÇÃO NATURAL INTEGRAL 390G,Padaria,"0,00","R$ 9,90",,Loja,BAUDUCCO,"R$ 0,00",19059010,UN
"R$ 35.167.575,97",7896002301633,PAO FORMA SEM CASCA TRADICIONAL 450G,Padaria,"-3,00","R$ 16,50",,Loja,PULLMAN,"-R$ 49,50",19059010,UN
"R$ 35.167.575,97",000401,pao frances,Padaria,"-10,39","R$ 20,00",,Loja,.,"-R$ 207,80",19059090,KG
"R$ 35.167.575,97",000260,PAO FRANCES,Padaria,"-608,49","R$ 20,00",,Loja,.,"-R$ 12.169,80",19052090,KG
"R$ 35.167.575,97",M2730-1,PAO FRUTAS 500G,Padaria,"1,00","R$ 18,90",,Loja,BIMBO,"R$ 18,90",19059010,UN
"R$ 35.167.575,97",7896002304184,PAO HAMBURGUER BRIOCHE 520G,Padaria,"-21,00","R$ 17,90",,Loja,BIMBO,"-R$ 375,90",19059090,UN
"R$ 35.167.575,97",M2570-1,PÃO HOT DOG ORIGINAL200G,Padaria,"0,00","R$ 11,90",,Loja,WICKBOLD,"R$ 0,00",19059090,UN
"R$ 35.167.575,97",M2251-1,PÃO INTEGRAL 12 GRÃOS 450G,Padaria,"-2,00","R$ 14,90",,Loja,PULLMAN,"-R$ 29,80",19059010,UN
"R$ 35.167.575,97",78960663012979,PÃO INTEGRAL CASTANHA DO PARA E QUINOA 350G,Padaria,"0,00","R$ 14,90",,Loja,WICKBOLD,"R$ 0,00",19059010,UN
"R$ 35.167.575,97",M407-1,PAO INTEGRAL480G PULLMAN,Padaria,"-20,00","R$ 13,50",,Loja,BIMBO,"-R$ 270,00",19059010,UN
"R$ 35.167.575,97",M1745-1,PAO LEVE INTEGRAL 150G,Padaria,"0,00","R$ 5,50",,Loja,DLEO,"R$ 0,00",19059090,UN
"R$ 35.167.575,97",M1749-1,PAO LEVE MULTICEREAIS 150G,Padaria,"0,00","R$ 5,50",,Loja,DLEO,"R$ 0,00",19059090,UN
"R$ 35.167.575,97",M2573-1,PÃO NATURAL 450G,Padaria,"4,00","R$ 18,60",,Loja,BIMBO,"R$ 74,40",19059010,UN
"R$ 35.167.575,97",7896066301204,PÃO PARA HAMBURGUER AUSTRALIANO 320G,Padaria,"-2,00","R$ 11,90",,Loja,WICKBOLD,"-R$ 23,80",19059010,UN
"R$ 35.167.575,97",7896066305622,PÃO SEM CASCA FONTE DE FIBRAS 400G,Padaria,"0,00","R$ 22,90",,Loja,WICKBOLD,"R$ 0,00",19059010,UN
"R$ 35.167.575,97",7896002369787,PINGUINOS 80G,Padaria,"-1,00","R$ 5,50",,Loja,BIMBO,"-R$ 5,50",19059090,UN
"R$ 35.167.575,97",7896002302135,PINGUINOS CHOCOLATE 80G,Padaria,"5,00","R$ 5,42",,Loja,BIMBO,"R$ 27,08",19059090,UN
"R$ 35.167.575,97",M1338-1,QUEIJO CHEDDAR,Padaria,"0,00","R$ 9,90",,Loja,SANDUBOM,"R$ 0,00",04061010,UN
"R$ 35.167.575,97",M1722-1,RAP10 FIT 297G,Padaria,"-8,00","R$ 14,99",,Loja,RAP10,"-R$ 119,92",19059090,UN
"R$ 35.167.575,97",M1723-1,RAP10 INTEGRAL 297G,Padaria,"-6,00","R$ 14,99",,Loja,RAP10,"-R$ 89,94",19059090,UN
"R$ 35.167.575,97",M1724-1,RAP10 ORIGINAL,Padaria,"-8,00","R$ 14,99",,Loja,RAP10,"-R$ 119,92",19059090,UN
"R$ 35.167.575,97",M2578-1,RAP10 TAPIOCA 198G,Padaria,"5,00","R$ 15,20",,Loja,RAP10,"R$ 76,00",19030000,UN
"R$ 35.167.575,97",M2698-1,TAKIS FUEGO 49G,Padaria,"0,00","R$ 5,90",,Loja,BIMBO,"R$ 0,00",19059090,UN
"R$ 35.167.575,97",7896002312493,TAKIS NACHO,Padaria,"-21,00","R$ 5,50",,Loja,BIMBO,"-R$ 115,50",19059090,UN
"R$ 35.167.575,97",M2697-1,TAKIS XPLOSION 49G,Padaria,"0,00","R$ 5,90",,Loja,BIMBO,"R$ 0,00",19059090,UN
"R$ 35.167.575,97",M249-1,ABSORVENTE INTIMUS GEL COM 8 NOTURNO SUAVE,Perfumaria,"4,00","R$ 8,99",,Loja,INTIMUS GEL,"R$ 35,96",96190000,UN
"R$ 35.167.575,97",M250-1,ABSORVENTE INTIMUS GEL COM 8 SUAVE,Perfumaria,"13,00","R$ 6,80",,Loja,INTIMUS GEL,"R$ 88,40",96190000,UN
"R$ 35.167.575,97",M251-1,ALGODAO APOLO 25G,Perfumaria,"6,00","R$ 2,80",,Loja,APOLO,"R$ 16,80",56012110,UN
"R$ 35.167.575,97",M2478-1,AMACIANTE AZUL CANDURA 2L,Perfumaria,"4,00","R$ 8,90",,Loja,CANDURA,"R$ 35,60",38099190,UN
"R$ 35.167.575,97",M38-1,APARELHO BARBEAR BIC COMFORT 3 ACTION 3L PELE SENSIVEL,Perfumaria,"-180,00","R$ 5,00",,Loja,BIC,"-R$ 900,00",82121020,UN
"R$ 35.167.575,97",M37-1,APARELHO BARBEAR GILLET PRESTOBARBA COM 2 ULTTRA GRIP,Perfumaria,"-19,00","R$ 6,90",,Loja,GILLET,"-R$ 131,10",82121020,UN
"R$ 35.167.575,97",M2790-1,BIC SOLEIL BARBEAR,Perfumaria,"-4,00","R$ 7,50",,Loja,BIC,"-R$ 30,00",82121020,UN
"R$ 35.167.575,97",M740-1,BUCHA VEGETAL,Perfumaria,"-21,00","R$ 8,90",,Loja,QUALLY,"-R$ 186,90",14049090,UN
"R$ 35.167.575,97",M2621-1,CLOSEUP 250ML,Perfumaria,"-3,00","R$ 13,90",,Loja,CLOSEUP,"-R$ 41,70",33069000,UN
"R$ 35.167.575,97",7891150099838,COND SEDA 300ML LUMINOUS UV GLYCOL+VITA,Perfumaria,"-2,00","R$ 19,90",,Loja,SEDA,"-R$ 39,80",33059000,UN
"R$ 35.167.575,97",M2091-1,COND SEDA 325ML PRETOS LUMINOSOS UN-1UN QTD. 2.00 UN,Perfumaria,"2,00","R$ 21,41",,Loja,SEDE,"R$ 42,81",33059000,UN
"R$ 35.167.575,97",M2096-1,COND SEDA BABOSA-PREB 250ML,Perfumaria,"-4,00","R$ 16,50",,Loja,SEDA,"-R$ 66,00",33059000,UN
"R$ 35.167.575,97",M2610-1,CONDICIONADOR  DOVE 190ML RECONSTRUCAO+AMINIOACIDO,Perfumaria,"1,00","R$ 72,45",,Loja,DOVE,"R$ 72,45",33059000,UN
"R$ 35.167.575,97",M294-1,CONDICIONADOR DOVE 200ML RECONST COMPLETA,Perfumaria,"-1,00","R$ 19,90",,Loja,DOVE,"-R$ 19,90",33059000,UN
"R$ 35.167.575,97",M980-1,CONDICIONADOR LISO PERFEITO 325 ML,Perfumaria,"-7,00","R$ 17,90",,Loja,SEDA,"-R$ 125,30",33059000,UN
"R$ 35.167.575,97",M246-1,CONDICIONADOR PANTENE 175ML HIDRATACAO,Perfumaria,"0,00","R$ 20,90",,Loja,PANTENE,"R$ 0,00",33059000,UN
"R$ 35.167.575,97",M1206-1,CONDICIONADOR POMPOM SUAVE 200ML,Perfumaria,"2,00","R$ 13,80",,Loja,POMPOM,"R$ 27,60",33059000,UN
"R$ 35.167.575,97",M977-1,CONDICIONADOR SEDA BRILHO CERAMIDAS 325ML,Perfumaria,"-9,00","R$ 17,90",,Loja,SEDA,"-R$ 161,10",33059000,UN
"R$ 35.167.575,97",7891150037465,CONDICIONADOR SEDA CACHOS DEFINIDOS 325ML,Perfumaria,"-5,00","R$ 16,80",,Loja,SEDA,"-R$ 84,00",33059000,UN
"R$ 35.167.575,97",M1227-1,CONDICIONADOR SEDA COLAGENO-VITAMINA C 250ML,Perfumaria,"-6,00","R$ 17,90",,Loja,SEDA,"-R$ 107,40",33059000,UN
"R$ 35.167.575,97",7891150037342,CONDICIONADOR SEDA PRETOS LUMINOSOS 325ML,Perfumaria,"-1,00","R$ 16,80",,Loja,SEDA,"-R$ 16,80",33059000,UN
"R$ 35.167.575,97",M2176-1,CREME COLGATE TRIPLA AÇÃO 90G,Perfumaria,"-7,00","R$ 6,90",,Loja,COLGATE,"-R$ 48,30",33061000,UN
"R$ 35.167.575,97",M254-1,CREME DENTAL COLGATE 90G,Perfumaria,"-10,00","R$ 6,90",,Loja,COLGATE,"-R$ 69,00",33061000,UN
"R$ 35.167.575,97",7500435122764,CREME DENTAL ORAL B 70G,Perfumaria,"0,00","R$ 3,20",,Loja,ORAL B ,"R$ 0,00",33061000,UN
"R$ 35.167.575,97",7506339363883,CREME DENTAL ORAL B 70G,Perfumaria,"-42,00","R$ 3,20",,Loja,ORAL B ,"-R$ 134,40",33061000,UN
"R$ 35.167.575,97",M2630-1,CREME DENTAL ORAL B 70G EXTRA BRANCO,Perfumaria,"-5,00","R$ 4,80",,Loja,ORAL B ,"-R$ 24,00",33061000,UN
"R$ 35.167.575,97",M257-1,CREME DENTAL SORRISO 70G TRI LIMP WHITE,Perfumaria,"-1,00","R$ 3,60",,Loja,SORRISO,"-R$ 3,60",33061000,UN
"R$ 35.167.575,97",M681-1,CREME DENTAL TRIPLE 70G HORTELA,Perfumaria,"-21,00","R$ 3,50",,Loja,CLOSEUP,"-R$ 73,50",33061000,UN
"R$ 35.167.575,97",M682-1,CREME DENTAL TRIPLE 70G MENTA,Perfumaria,"-33,00","R$ 3,50",,Loja,CLOSEUP,"-R$ 115,50",33061000,UN
"R$ 35.167.575,97",M683-1,CREME DENTAL TRIPLE 70G MENTA AMERICANA,Perfumaria,"-38,00","R$ 3,20",,Loja,CLOSEUP,"-R$ 121,60",33061000,UN
"R$ 35.167.575,97",M680-1,DESOD ROLL ON 50ML,Perfumaria,"0,00","R$ 20,80",,Loja,DOVE,"R$ 0,00",33072010,UN
"R$ 35.167.575,97",M2747-1,DESODORANTE DOVE AERO 150ML FEM BEAUTY FINISH*,Perfumaria,"-2,00","R$ 19,50",,Loja,DOVE,"-R$ 39,00",33072010,UN
"R$ 35.167.575,97",M295-1,DESODORANTE DOVE AERO 150ML FEM GO FRESH ROMA,Perfumaria,"0,00","R$ 21,50",,Loja,DOVE,"R$ 0,00",33072010,UN
"R$ 35.167.575,97",M296-1,DESODORANTE DOVE AERO 150ML FEM ORIGINAL,Perfumaria,"-25,00","R$ 20,90",,Loja,DOVE,"-R$ 522,50",33072010,UN
"R$ 35.167.575,97",M297-1,DESODORANTE DOVE AERO 150ML MEN CUIDADO TOTAL,Perfumaria,"-7,00","R$ 21,30",,Loja,DOVE,"-R$ 149,10",33072010,UN
"R$ 35.167.575,97",M298-1,DESODORANTE DOVE AERO 150ML MEN INVISIBLE DRY,Perfumaria,"0,00","R$ 21,30",,Loja,DOVE,"R$ 0,00",33072010,UN
"R$ 35.167.575,97",M928-1,DESODORANTE DOVE ORIGINAL 50ML,Perfumaria,"0,00","R$ 14,90",,Loja,DOVE,"R$ 0,00",33074100,UN
"R$ 35.167.575,97",M299-1,DESODORANTE DOVE ROLL-ON 50ML FEM GO FRESH ROMA,Perfumaria,"-2,00","R$ 12,50",,Loja,DOVE,"-R$ 25,00",33072010,UN
"R$ 35.167.575,97",M300-1,DESODORANTE DOVE ROLL-ON 50ML FEM ORIGINAL,Perfumaria,"-5,00","R$ 12,50",,Loja,DOVE,"-R$ 62,50",33072010,UN
"R$ 35.167.575,97",M929-1,DESODORANTE REXONA 72H 50ML,Perfumaria,"-6,00","R$ 11,90",,Loja,REXONA,"-R$ 71,40",33072010,UN
"R$ 35.167.575,97",M301-1,DESODORANTE REXONA AERO 150ML FEM INVISIBLE,Perfumaria,"-10,00","R$ 18,60",,Loja,REXONA,"-R$ 186,00",33072010,UN
"R$ 35.167.575,97",M2619-1,DESODORANTE REXONA AERO 150ML MEN,Perfumaria,"-2,00","R$ 16,90",,Loja,REXONA,"-R$ 33,80",33072010,UN
"R$ 35.167.575,97",M302-1,DESODORANTE REXONA AERO 150ML MEN ACTIVE,Perfumaria,"-8,00","R$ 17,80",,Loja,REXONA,"-R$ 142,40",33072010,UN
"R$ 35.167.575,97",M303-1,DESODORANTE REXONA AERO 150ML MEN V8,Perfumaria,"-7,00","R$ 18,60",,Loja,REXONA,"-R$ 130,20",33072010,UN
"R$ 35.167.575,97",M2611-1,DESODORANTE REXONA ROLL-ON 50ML BAMBO,Perfumaria,"-1,00","R$ 17,50",,Loja,REXONA,"-R$ 17,50",33072010,UN
"R$ 35.167.575,97",M304-1,DESODORANTE REXONA ROLL-ON 50ML FEM ACTIVE EMOTION,Perfumaria,"-1,00","R$ 10,90",,Loja,REXONA,"-R$ 10,90",33072010,UN
"R$ 35.167.575,97",M305-1,DESODORANTE REXONA ROLL-ON 50ML MEN V8,Perfumaria,"-15,00","R$ 10,90",,Loja,REXONA,"-R$ 163,50",33072010,UN
"R$ 35.167.575,97",M679-1,DESODORANTE ROLL ON 50ML POWDER,Perfumaria,"0,00","R$ 18,50",,Loja,REXONA,"R$ 0,00",33072010,UN
"R$ 35.167.575,97",M684-1,DESODORANTE ROLL-ON 30ML FEM ORIGINAL *,Perfumaria,"0,00","R$ 8,50",,Loja,DOVE,"R$ 0,00",33072010,UN
"R$ 35.167.575,97",7891150102552,DOVE CONDICIONADOR HIDRATAÇÃO 190ML,Perfumaria,"-4,00","R$ 25,90",,Loja,DOVE,"-R$ 103,60",33059000,UN
"R$ 35.167.575,97",M2101-1,DOVE CONDICIONADOR UV REPAIR 150ML,Perfumaria,"-3,00","R$ 25,00",,Loja,DOVE,"-R$ 75,00",33059000,UN
"R$ 35.167.575,97",78931640,DOVE MEN CARE 30ML,Perfumaria,"-3,00","R$ 9,90",,Loja,DOVE,"-R$ 29,70",33072010,UN
"R$ 35.167.575,97",7891150103818,DOVE UV REPAIR & GLOW 150ML,Perfumaria,"-1,00","R$ 35,90",,Loja,DOVE,"-R$ 35,90",33051000,UN
"R$ 35.167.575,97",M2622-1,ENXAGUE BUCAL CLOSEUP 250ML ZERO A RED HOT,Perfumaria,"-2,00","R$ 13,50",,Loja,CLOSEUP,"-R$ 27,00",33069000,UN
"R$ 35.167.575,97",M931-1,ESCOVA DENTAL CLASSIC MACIA-GRANDE,Perfumaria,"-8,00","R$ 4,90",,Loja,HILLO,"-R$ 39,20",96032100,UN
"R$ 35.167.575,97",M930-1,ESCOVA DENTAL CLASSIC MÉDIA - GRANDE,Perfumaria,"0,00","R$ 4,90",,Loja,HILLO,"R$ 0,00",96032100,UN
"R$ 35.167.575,97",7908214702624,ESCOVA DENTAL INFANTIL CLEAN,Perfumaria,"-8,00","R$ 3,99",,Loja,CLEAN,"-R$ 31,92",96032100,UN
"R$ 35.167.575,97",M1208-1,ESCOVA DENTAL INFANTIL MACIA PINGUIM,Perfumaria,"0,00","R$ 3,99",,Loja,.,"R$ 0,00",96032100,UN
"R$ 35.167.575,97",M2151-1,ESCOVA DENTAL NAVY FLESH,Perfumaria,"-14,00","R$ 3,00",,Loja,NAVY,"-R$ 42,00",96032100,UN
"R$ 35.167.575,97",M960-1,ESCOVA DENTAL SUAVE MACIA COLGATE,Perfumaria,"0,00","R$ 7,50",,Loja,COLGATE,"R$ 0,00",96032100,UN
"R$ 35.167.575,97",M748-1,ESCOVA DENTAL SUAVE/MACIA,Perfumaria,"0,00","R$ 7,50",,Loja,COLGATE,"R$ 0,00",96032100,UN
"R$ 35.167.575,97",M2086-1,FILTRO PAPEL MELITA 102 C/30 PC-6UN QTD. 1.00 PC,Perfumaria,"-6,00","R$ 4,90",,Loja,SEDA,"-R$ 29,40",48232099,UN
"R$ 35.167.575,97",M1325-1,FIO DENTAL KLINDENT 100M,Perfumaria,"-1,00","R$ 5,80",,Loja,KLINDENT,"-R$ 5,80",33062000,UN
"R$ 35.167.575,97",M2227-1,FRALDA POMPOM D.PROTEK JUMBO M C/28,Perfumaria,"5,00","R$ 30,99",,Loja,POMPOM,"R$ 154,95",96190000,UN
"R$ 35.167.575,97",M734-1,GEL FIXADOR 240G FIXACAO MEDIA,Perfumaria,"-3,00","R$ 10,90",,Loja,NY.LOOKS,"-R$ 32,70",33059000,UN
"R$ 35.167.575,97",M773-1,GEL FIXADOR 240G MEGAFORTE,Perfumaria,"0,00","R$ 10,90",,Loja,NY.LOOKS,"R$ 0,00",33059000,UN
"R$ 35.167.575,97",7500435141536,GILLETTE MACH 3,Perfumaria,"-2,00","R$ 22,99",,Loja,GILLETTE,"-R$ 45,98",82121020,UN
"R$ 35.167.575,97",7500435219334,GILLETTE MACH 3 CARBONO,Perfumaria,"-5,00","R$ 22,99",,Loja,GILLETTE,"-R$ 114,95",82121020,UN
"R$ 35.167.575,97",M252-1,HASTES FLEX COTONELA COM 75,Perfumaria,"1,00","R$ 2,40",,Loja,HASTES ,"R$ 2,40",56012190,UN
"R$ 35.167.575,97",M152-1,HASTES FLEX COTONETES JOHNSONS COM 75,Perfumaria,"3,00","R$ 7,50",,Loja,JOHNSONS,"R$ 22,50",56012190,UN
"R$ 35.167.575,97",M1205-1,HIDRATANTE PAIXAO INSPIRADORA ROSAS 200ML,Perfumaria,"1,00","R$ 9,90",,Loja,PAIXAO,"R$ 9,90",33049990,UN
"R$ 35.167.575,97",M676-1,KIT 325ML SH+COND 200ML ABACATE,Perfumaria,"0,00","R$ 15,70",,Loja,SKALA ,"R$ 0,00",33051000,UN
"R$ 35.167.575,97",M677-1,KIT 325ML SH+COND 200ML BABOSA,Perfumaria,"0,00","R$ 15,70",,Loja,SKALA ,"R$ 0,00",33051000,UN
"R$ 35.167.575,97",M678-1,KIT 325ML SH+COND 200ML CERAMIDAS,Perfumaria,"-3,00","R$ 15,70",,Loja,SKALA ,"-R$ 47,10",33051000,UN
"R$ 35.167.575,97",M1321-1,KIT SKALA 325ML SH+COND 325ML MAIS CACHOS,Perfumaria,"-1,00","R$ 15,70",,Loja,SKALA ,"-R$ 15,70",33051000,UN
"R$ 35.167.575,97",91992329,LAMINA INOX WILKINSON,Perfumaria,"88,00","R$ 2,00",,Loja,WILKINSON,"R$ 176,00",82122010,UN
"R$ 35.167.575,97",M924-1,MONANGE FLOR DE LAVANDA 200ML,Perfumaria,"0,00","R$ 10,90",,Loja,MONANGE,"R$ 0,00",33049990,UN
"R$ 35.167.575,97",M925-1,MONANGE FRUTAS VERMELHAS 200ML,Perfumaria,"-1,00","R$ 10,90",,Loja,MONANGE,"-R$ 10,90",33049990,UN
"R$ 35.167.575,97",M926-1,MONANGE PELE EXTRA SECA 200ML,Perfumaria,"0,00","R$ 10,90",,Loja,MONANGE,"R$ 0,00",33049990,UN
"R$ 35.167.575,97",M701-1,PAPEL HIGIENICO C/4 FL.SP 30MT NEUTRO,Perfumaria,"32,00","R$ 4,50",,Loja,PALOMA,"R$ 144,00",48181000,UN
"R$ 35.167.575,97",7896026801294,PAPEL HIGIENICO PALOMA C/12,Perfumaria,"5,00","R$ 14,90",,Loja,PALOMA,"R$ 74,50",48181000,UN
"R$ 35.167.575,97",M2702-1,PAPEL HIGIENICO PALOMA COM 12,Perfumaria,"7,00","R$ 19,49",,Loja,PALOMA,"R$ 136,40",48181000,UN
"R$ 35.167.575,97",M154-1,PAPEL HIGIENICO PALOMA COM 16,Perfumaria,"13,00","R$ 16,90",,Loja,PALOMA,"R$ 219,70",48181000,UN
"R$ 35.167.575,97",M1651-1,REMOVED ESM 100ML C/ACETONA,Perfumaria,"3,00","R$ 4,99",,Loja,FARMAX,"R$ 14,97",33043000,UN
"R$ 35.167.575,97",M253-1,REMOVEDOR ESMALTE FARMAX 80ML COM ACETONA,Perfumaria,"-6,00","R$ 4,50",,Loja,FARMAX,"-R$ 27,00",33043000,UN
"R$ 35.167.575,97",M1682-1,REXONA ACTIVE EMOTION 150ML,Perfumaria,"-16,00","R$ 18,90",,Loja,REXONA,"-R$ 302,40",33072010,UN
"R$ 35.167.575,97",M2149-1,REXONA BAMBOO FIFA 150ML,Perfumaria,"-5,00","R$ 17,50",,Loja,REXONA,"-R$ 87,50",33072010,UN
"R$ 35.167.575,97",78929395,REXONA CONTROLE INTELIGENTE 50ML,Perfumaria,"-5,00","R$ 17,99",,Loja,REXONA,"-R$ 89,95",33072010,UN
"R$ 35.167.575,97",7791293032467,REXONA COTTON DRY  150ML,Perfumaria,"-6,00","R$ 17,50",,Loja,REXONA,"-R$ 105,00",33072010,UN
"R$ 35.167.575,97",M2179-1,REXONA COTTON DRY 72H,Perfumaria,"-5,00","R$ 12,90",,Loja,REXONA,"-R$ 64,50",33072010,UN
"R$ 35.167.575,97",M2150-1,REXONA POWDER DRY 150ML,Perfumaria,"-6,00","R$ 17,50",,Loja,REXONA,"-R$ 105,00",33072010,UN
"R$ 35.167.575,97",M2180-1,REXONA XTRACOOL VINI JR 89G,Perfumaria,"-4,00","R$ 17,50",,Loja,REXONA,"-R$ 70,00",33072010,UN
"R$ 35.167.575,97",M248-1,SABON FRANCIS 90G CLASS BRANCO,Perfumaria,"23,00","R$ 4,00",,Loja,FRANCIS,"R$ 92,00",34011190,UN
"R$ 35.167.575,97",M2631-1,SABON FRANCIS 90G CLASS ROSA CEREJEIRA,Perfumaria,"-1,00","R$ 3,90",,Loja,FRANCIS,"-R$ 3,90",34011190,UN
"R$ 35.167.575,97",M668-1,SABON INTENSO BRANCO 85G,Perfumaria,"-1,00","R$ 2,70",,Loja,FRANCIS,"-R$ 2,70",34011190,UN
"R$ 35.167.575,97",M247-1,SABON PROTEX 85G AVEIA,Perfumaria,"0,00","R$ 5,50",,Loja,PROTEX,"R$ 0,00",34011190,UN
"R$ 35.167.575,97",M687-1,SABONETE 85G BUQUE JASMIM,Perfumaria,"-11,00","R$ 2,90",,Loja,LUX,"-R$ 31,90",34011190,UN
"R$ 35.167.575,97",M688-1,SABONETE 85G ORQUIDEA NEGRA,Perfumaria,"-5,00","R$ 2,90",,Loja,LUX,"-R$ 14,50",34011190,UN
"R$ 35.167.575,97",M2627-1,SABONETE DOVE 90G,Perfumaria,"0,00","R$ 5,90",,Loja,DOVE,"R$ 0,00",34011190,UN
"R$ 35.167.575,97",M310-1,SABONETE DOVE 90G - BRANCO ORIGINAL,Perfumaria,"-41,00","R$ 5,40",,Loja,DOVE,"-R$ 221,40",34011190,UN
"R$ 35.167.575,97",M2312-1,SABONETE FRANCIS 85G INTENSO LILAS,Perfumaria,"-5,00","R$ 2,30",,Loja,FRANCIS,"-R$ 11,50",34011190,UN
"R$ 35.167.575,97",7891176117479,SABONETE FRUTAS VERMELHA 85G,Perfumaria,"-13,00","R$ 2,50",,Loja,FRANCIS,"-R$ 32,50",34011190,UN
"R$ 35.167.575,97",M311-1,SABONETE LUX 85G BUQUE JASMIN,Perfumaria,"-51,00","R$ 3,20",,Loja,LUX,"-R$ 163,20",34011190,UN
"R$ 35.167.575,97",M312-1,SABONETE LUX 85G FLOR LOTUS,Perfumaria,"-39,00","R$ 3,20",,Loja,LUX,"-R$ 124,80",34011190,UN
"R$ 35.167.575,97",M2614-1,SABONETE LUX 85G FLOR VERBENA,Perfumaria,"1,00","R$ 3,50",,Loja,LUX,"R$ 3,50",34011190,UN
"R$ 35.167.575,97",M2748-1,SABONETE LUX 85G LAVANDA,Perfumaria,"2,00","R$ 3,00",,Loja,LUX,"R$ 6,00",34011190,UN
"R$ 35.167.575,97",M313-1,SABONETE LUX 85G LAVANDA,Perfumaria,"-35,00","R$ 3,20",,Loja,LUX,"-R$ 112,00",34011190,UN
"R$ 35.167.575,97",M2749-1,SABONETE LUX 85G LIRIO AZUL,Perfumaria,"-5,00","R$ 3,50",,Loja,LUX,"-R$ 17,50",34011190,UN
"R$ 35.167.575,97",M1319-1,SABONETE LUX 85G ORQUIDEA NEGRA,Perfumaria,"-48,00","R$ 3,20",,Loja,LUX,"-R$ 153,60",34011190,UN
"R$ 35.167.575,97",7891150059856,SABONETE LUX FLOR DE VERBENA,Perfumaria,"-39,00","R$ 3,50",,Loja,LUX,"-R$ 136,50",34011190,UN
"R$ 35.167.575,97",M2751-1,SABONETE LUX FLOR DE VERBENA 85G,Perfumaria,"0,00","R$ 3,50",,Loja,LUX,"R$ 0,00",34011190,UN
"R$ 35.167.575,97",M314-1,SABONETE LUX LIQUIDO REFIL 200ML ORQUIDEA NEGRA,Perfumaria,"0,00","R$ 9,90",,Loja,LUX,"R$ 0,00",34013000,UN
"R$ 35.167.575,97",M2613-1,SABONETE LUX ROSAS FRANCESAS,Perfumaria,"4,00","R$ 3,30",,Loja,LUX,"R$ 13,20",34011190,UN
"R$ 35.167.575,97",7896094905627,SABONETE POMPOM 70G,Perfumaria,"0,00","R$ 3,50",,Loja,POMPOM,"R$ 0,00",34011190,UN
"R$ 35.167.575,97",M2092-1,SEDA 325ML CACHOS DEFINIDOS,Perfumaria,"2,00","R$ 14,82",,Loja,SEDA,"R$ 29,64",33051000,UN
"R$ 35.167.575,97",M689-1,SHAMPOO 300ML COLAGENO-VITAMINA C *,Perfumaria,"-9,00","R$ 12,50",,Loja,SEDA,"-R$ 112,50",33051000,UN
"R$ 35.167.575,97",M1322-1,SHAMPOO CLEAR LIMPEZA PROFUNDA 400ML,Perfumaria,"-3,00","R$ 22,00",,Loja,CLEAR,"-R$ 66,00",33051000,UN
"R$ 35.167.575,97",M1204-1,SHAMPOO CLEAR MEN ANTICASPA 200ML,Perfumaria,"-4,00","R$ 18,99",,Loja,CLEAR,"-R$ 75,96",33051000,UN
"R$ 35.167.575,97",M315-1,SHAMPOO DOVE 200ML RECONSTRUCAO COMPLETA,Perfumaria,"-1,00","R$ 15,90",,Loja,DOVE,"-R$ 15,90",33051000,UN
"R$ 35.167.575,97",M2102-1,SHAMPOO DOVE UV REPAIR 190ML,Perfumaria,"-1,00","R$ 20,50",,Loja,DOVE,"-R$ 20,50",33051000,UN
"R$ 35.167.575,97",M1207-1,SHAMPOO POMPOM SUAVE 200ML,Perfumaria,"-2,00","R$ 12,90",,Loja,POMPOM,"-R$ 25,80",33049990,UN
"R$ 35.167.575,97",M316-1,SHAMPOO SEDA 300ML + COND 190ML CERAMIDAS,Perfumaria,"-5,00","R$ 22,90",,Loja,SEDA,"-R$ 114,50",33051000,UN
"R$ 35.167.575,97",M317-1,SHAMPOO SEDA 300ML + COND 190ML LISO PERFEITO,Perfumaria,"-2,00","R$ 24,90",,Loja,SEDA,"-R$ 49,80",33051000,UN
"R$ 35.167.575,97",M318-1,SHAMPOO SEDA 300ML + COND 190ML LUMINOUS UV GLYCOL+VITA,Perfumaria,"1,00","R$ 24,90",,Loja,SEDA,"R$ 24,90",33051000,UN
"R$ 35.167.575,97",M319-1,SHAMPOO SEDA 300ML + COND 190ML TOQUE SEDA AMINO SILK,Perfumaria,"-2,00","R$ 22,90",,Loja,SEDA,"-R$ 45,80",33051000,UN
"R$ 35.167.575,97",M974-1,SHAMPOO SEDA 300ML + CONDICIONADOR 190ML CACHOS DEFINIDOS,Perfumaria,"-1,00","R$ 22,99",,Loja,SEDA,"-R$ 22,99",33051000,UN
"R$ 35.167.575,97",M2097-1,SHAMPOO SEDA PRETOS LUMINOSOS 325ML,Perfumaria,"0,00","R$ 12,80",,Loja,SEDA,"R$ 0,00",33059000,UN
"R$ 35.167.575,97",M320-1,SHAMPOO TRESEMME 350ML+ COND 175ML BLINDAGEM ANTIFRIZZ,Perfumaria,"0,00","R$ 33,90",,Loja,TRESEMME,"R$ 0,00",33051000,UN
"R$ 35.167.575,97",M2681-1,SHAPO POMPOM 200ML,Perfumaria,"2,00","R$ 13,50",,Loja,POMPOM,"R$ 27,00",33051000,UN
"R$ 35.167.575,97",7891150019508,SHAPOO ANTICASPA 200ML,Perfumaria,"-2,00","R$ 19,99",,Loja,CLEAR,"-R$ 39,98",33051000,UN
"R$ 35.167.575,97",7898422746216,SHAPOO ANTICASPA LIMPEZA E MACIEZ 200ML,Perfumaria,"-1,00","R$ 19,99",,Loja,CLEAR,"-R$ 19,99",33051000,UN
"R$ 35.167.575,97",M1780-1,SHAPOO DOVE 350ML CONDICIONADOR DOVE 150 ML,Perfumaria,"-4,00","R$ 39,99",,Loja,DOVE,"-R$ 159,96",33051000,UN
"R$ 35.167.575,97",7891150102347,SHAPOO DOVE RECOSNTRUÇÃO 190ML,Perfumaria,"-3,00","R$ 19,99",,Loja,DOVE,"-R$ 59,97",33051000,UN
"R$ 35.167.575,97",M245-1,SHAPOO PANTENE 175ML HIDRATACAO,Perfumaria,"0,00","R$ 18,80",,Loja,PANTENE,"R$ 0,00",33051000,UN
"R$ 35.167.575,97",M976-1,SHAPOO SEDA BRILHO CERAMIDOS 325ML,Perfumaria,"-9,00","R$ 12,90",,Loja,SEDA,"-R$ 116,10",33051000,UN
"R$ 35.167.575,97",7891150037595,SHAPOO SEDA CACHOS DEFINIDOS 325ML,Perfumaria,"-2,00","R$ 13,99",,Loja,SEDA,"-R$ 27,98",33051000,UN
"R$ 35.167.575,97",M2093-1,SHAPOO SEDA GLYCOOL 300ML,Perfumaria,"-1,00","R$ 14,90",,Loja,SEDA,"-R$ 14,90",33051000,UN
"R$ 35.167.575,97",M979-1,SHAPOO SEDA LISO PERFEITO 325ML,Perfumaria,"-7,00","R$ 12,90",,Loja,SEDA,"-R$ 90,30",33059000,UN
"R$ 35.167.575,97",M2095-1,SHAPOO SEDA PREBIOTIC 2% 300ML,Perfumaria,"-6,00","R$ 12,70",,Loja,SEDA,"-R$ 76,20",33051000,UN
"R$ 35.167.575,97",7891150037526,SHAPOO SEDA PRETOS LUMINOSOS 325ML,Perfumaria,"-2,00","R$ 12,99",,Loja,SEDA,"-R$ 25,98",33051000,UN
"R$ 35.167.575,97",M607-1,TALCO TENYS PE BARUEL PO 100G,Perfumaria,"0,00","R$ 8,20",,Loja,.,"R$ 0,00",33072090,UN
"R$ 35.167.575,97",7896020160052,TALCO TENYS PE BARUEL PO 100G,Perfumaria,"-2,00","R$ 15,50",,Loja,BARUEL,"-R$ 31,00",33072090,UN
"R$ 35.167.575,97",M1000-1,TALCO TENYS PE WOMAN 100G,Perfumaria,"0,00","R$ 11,50",,Loja,BARUEL,"R$ 0,00",33072090,UN
"R$ 35.167.575,97",M741-1,TOALHAS UMEDECIDAS 100UND,Perfumaria,"3,00","R$ 6,69",,Loja,UPA BEBE,"R$ 20,07",48182000,UN
"R$ 35.167.575,97",7898959897092,TOALHAS UMEDECIDAS MEU BEBE,Perfumaria,"0,00","R$ 8,99",,Loja,.,"R$ 0,00",48182000,UN
"R$ 35.167.575,97",M1110-1,CIGARRO ROTHMANS CORE BLUE,Tabacaria,"-533,00","R$ 13,00",,Loja,ROTHMANS,"-R$ 6.929,00",24022000,UN
"R$ 35.167.575,97",M1111-1,CIGARRO ROTHMANS GLOBAL,Tabacaria,"-509,00","R$ 12,00",,Loja,ROTHMANS,"-R$ 6.108,00",24022000,UN
"R$ 35.167.575,97",M1114-1,CIGARRO ROTHMANS GLOBAL RED,Tabacaria,"-310,00","R$ 12,00",,Loja,ROTHMANS,"-R$ 3.720,00",24022000,UN
"R$ 35.167.575,97",M1113-1,CIGARRO ROTHMANS RED,Tabacaria,"-162,00","R$ 13,00",,Loja,ROTHMANS,"-R$ 2.106,00",24022000,UN
"R$ 35.167.575,97",M1866-1,CIGARRO WINSTON BLUE,Tabacaria,"-1,00","R$ 9,75",,Loja,WINSTON,"-R$ 9,75",24022000,UN
"R$ 35.167.575,97",M1864-1,CIGARRO WINSTON HAND SELECTED,Tabacaria,"-1,00","R$ 8,50",,Loja,WINSTON,"-R$ 8,50",24022000,UN
"R$ 35.167.575,97",M1868-1,CIGARRO WINSTON SILVER,Tabacaria,"0,00","R$ 9,75",,Loja,WINSTON,"R$ 0,00",24022000,UN
"R$ 35.167.575,97",M1865-1,CIGARRO WINSTON UNIQUE RED,Tabacaria,"0,00","R$ 9,75",,Loja,WINSTON,"R$ 0,00",24022000,UN
"R$ 35.167.575,97",M1867-1,CIGARRO WINSTON XSTYLE RED,Tabacaria,"-1,00","R$ 9,75",,Loja,WINSTON,"-R$ 9,75",24022000,UN
"R$ 35.167.575,97",M1891-1,FUMO ARAPIRACA CATOINHO,Tabacaria,"-23,00","R$ 5,00",,Loja,CATOINHO,"-R$ 115,00",24031900,UN
"R$ 35.167.575,97",M1150-1,ISQUEIRO BIC PEQUENO,Tabacaria,"3,00","R$ 5,00",,Loja,BIC,"R$ 15,00",96131000,UN
"R$ 35.167.575,97",070330909229,ISQUEIRO MAX,Tabacaria,"-28,00","R$ 7,00",,Loja,BIC,"-R$ 196,00",96131000,UN
"R$ 35.167.575,97",M1284-1,LUCKY STRIKE FRESH MINT BOX,Tabacaria,"0,00","R$ 7,50",,Loja,SOUZA CRUZ,"R$ 0,00",24022000,UN
"R$ 35.167.575,97",M1154-1,PAPAEL CIGARROS 50FLS,Tabacaria,"0,00","R$ 3,00",,Loja,TREVO,"R$ 0,00",48132000,UN
"R$ 35.167.575,97",M1228-1,ACENDEDOR MANUAL DE FOGAO,Utensílios Domésticos,"-2,00","R$ 16,35",,Loja,.,"-R$ 32,70",96138000,UN
"R$ 35.167.575,97",M1224-1,ALCOOL LIQ FLOPS 500ML 92 EXTRA,Utensílios Domésticos,"0,00","R$ 5,80",,Loja,Flops,"R$ 0,00",22071090,UN
"R$ 35.167.575,97",M1514-1,"ALCOOL TAIUPE 46,2 1L",Utensílios Domésticos,"-12,00","R$ 8,00",,Loja,TAUÍPE,"-R$ 96,00",22071090,UN
"R$ 35.167.575,97",M1573-1,"ALVEJANTE 1,5L SEM CLORO",Utensílios Domésticos,"-4,00","R$ 11,50",,Loja,SUPREMA,"-R$ 46,00",28289019,UN
"R$ 35.167.575,97",M1812-1,AP.BARB BIC COMFORT 3 ACTION 3L P.SEN CT,Utensílios Domésticos,"167,00","R$ 5,50",,Loja,COMFORT,"R$ 918,50",82121020,UN
"R$ 35.167.575,97",M1547-1,AROMASIL EUCALIPTO 140ML,Utensílios Domésticos,"2,00","R$ 9,99",,Loja,AROMASIL,"R$ 19,98",34029029,UN
"R$ 35.167.575,97",M1548-1,AROMASIL LAVANDA 140ML,Utensílios Domésticos,"8,00","R$ 9,99",,Loja,AROMASIL,"R$ 79,92",34029029,UN
"R$ 35.167.575,97",M1233-1,BORACHA SILICONE 7 LITROS NIL-LAR,Utensílios Domésticos,"0,00","R$ 5,10",,Loja,NIL-LAR,"R$ 0,00",40051010,UN
"R$ 35.167.575,97",M2709-1,"CABO DE MADEIRA 1,20M",Utensílios Domésticos,"7,00","R$ 5,50",,Loja,CLAMINA,"R$ 38,50",44170090,UN
"R$ 35.167.575,97",505050,CARVAO 10KG,Utensílios Domésticos,"-229,00","R$ 59,00",,Loja,.,"-R$ 13.511,00",44021000,UN
"R$ 35.167.575,97",151515,"CARVAO 2,5KG",Utensílios Domésticos,"-360,00","R$ 18,00",,Loja,.,"-R$ 6.480,00",44021000,UN
"R$ 35.167.575,97",303030,CARVAO 5KG,Utensílios Domésticos,"-279,00","R$ 39,00",,Loja,.,"-R$ 10.881,00",44021000,UN
"R$ 35.167.575,97",M739-1,CHUVEIRO BELLA DUCHA 4T 6800W,Utensílios Domésticos,"2,00","R$ 95,00",,Loja,LORENZETTI,"R$ 190,00",85161000,UN
"R$ 35.167.575,97",M738-1,CHUVEIRO MAXI DUCHA 5500W,Utensílios Domésticos,"4,00","R$ 82,50",,Loja,LORENZETTI,"R$ 330,00",85161000,UN
"R$ 35.167.575,97",M278-1,COPO PLASTICO ECONOPOT 180ML BRANC,Utensílios Domésticos,"-12,00","R$ 5,00",,Loja,ECONOPOT,"-R$ 60,00",39241000,UN
"R$ 35.167.575,97",7898965262693,COPO PLASTICO ECONOPOT 300ML BRANCO,Utensílios Domésticos,"-4,00","R$ 9,99",,Loja,ECONOPOT,"-R$ 39,96",39241000,UN
"R$ 35.167.575,97",M1806-1,DESINF PINHO BRIL L500P450 P SILVESTRE C,Utensílios Domésticos,"6,00","R$ 5,99",,Loja,PINHO BRIL,"R$ 35,94",38089419,UN
"R$ 35.167.575,97",M1505-1,DESINFETANTE URCA 2L BRISA DA PRIMAVERA,Utensílios Domésticos,"0,00","R$ 8,70",,Loja,URCA,"R$ 0,00",38089419,UN
"R$ 35.167.575,97",M306-1,DETERGENTE EM PO BRILHANTE 800G HIGIENE TOTAL,Utensílios Domésticos,"-9,00","R$ 14,90",,Loja,BRILHANTE,"-R$ 134,10",34025000,UN
"R$ 35.167.575,97",M2094-1,DETERGENTE EM PO OMO 700G LAV. PERFEITA,Utensílios Domésticos,"-57,00","R$ 12,99",,Loja,OMO,"-R$ 740,43",34025000,UN
"R$ 35.167.575,97",7891150064317,DETERGENTE EM PO OMO 800G LAV. PERFEITA,Utensílios Domésticos,"-40,00","R$ 15,99",,Loja,OMO,"-R$ 639,60",34025000,UN
"R$ 35.167.575,97",123456,DIVERSOS CONSTRUÇÃO,Utensílios Domésticos,"-341,00","R$ 15,00",,Loja,NIL-LAR,"-R$ 5.115,00",95030060,UN
"R$ 35.167.575,97",M747-1,DUREPOXI 50G,Utensílios Domésticos,"0,00","R$ 6,00",,Loja,LOCTITE,"R$ 0,00",35061090,UN
"R$ 35.167.575,97",M1234-1,ENGATE FLEXIVEL 50CM NIL-LAR,Utensílios Domésticos,"0,00","R$ 14,85",,Loja,NIL-LAR,"R$ 0,00",39174090,UN
"R$ 35.167.575,97",M1217-1,ESPELHO 14 - NIL-LAR,Utensílios Domésticos,"-2,00","R$ 8,85",,Loja,NIL-LAR,"-R$ 17,70",70099200,UN
"R$ 35.167.575,97",M1006-1,ESPETO DE BAMBU 25CM 50UND GINA,Utensílios Domésticos,"-56,00","R$ 4,99",,Loja,GINA,"-R$ 279,44",16025000,UN
"R$ 35.167.575,97",M1005-1,ESPETO DE BAMBU 25CM 50UND INOVEN,Utensílios Domésticos,"0,00","R$ 4,99",,Loja,INOVEN,"R$ 0,00",16025000,UN
"R$ 35.167.575,97",M1230-1,ESTILETE ESTREITO NIL-LAR,Utensílios Domésticos,"0,00","R$ 5,95",,Loja,NIL-LAR,"R$ 0,00",96089990,UN
"R$ 35.167.575,97",M1229-1,ESTILETE LARGO NIL-LAR,Utensílios Domésticos,"0,00","R$ 7,50",,Loja,NIL-LAR,"R$ 0,00",96089990,UN
"R$ 35.167.575,97",M1258-1,EXTENSÃO 3MT,Utensílios Domésticos,"-1,00","R$ 20,50",,Loja,NIL-LAR,"-R$ 20,50",85444200,UN
"R$ 35.167.575,97",M1218-1,FACA TRAMONTINA N-7,Utensílios Domésticos,"0,00","R$ 31,35",,Loja,NIL-LAR,"R$ 0,00",82119210,UN
"R$ 35.167.575,97",001048,gas,Utensílios Domésticos,"-15,00","R$ 120,00",,Loja,.,"-R$ 1.800,00",27111910,UN
"R$ 35.167.575,97",M1202-1,GEL ACENDEDOR 500G FLOP´S,Utensílios Domésticos,"0,00","R$ 9,30",,Loja,FLOP'S,"R$ 0,00",22072019,UN
"R$ 35.167.575,97",M1809-1,INSET.SBP AERO 285ML MULTI BASE AGUA PC-6UN QTD. 2.00 PC,Utensílios Domésticos,"0,00","R$ 14,99",,Loja,SBP,"R$ 0,00",38089119,UN
"R$ 35.167.575,97",M171-1,ISQUEIRO BIC MAXI GRANDE,Utensílios Domésticos,"-51,00","R$ 6,00",,Loja,BIC,"-R$ 306,00",96131000,UN
"R$ 35.167.575,97",M1782-1,LAMP OUROLUX SUPERLED 15W BIVOLT 6.5K DP-10UN QTD. 1.00 DP,Utensílios Domésticos,"-15,00","R$ 5,50",,Loja,OUTOLUX,"-R$ 82,50",85395200,UN
"R$ 35.167.575,97",M1783-1,LAMP OUROLUX SUPERLED 20W ALTA POT,Utensílios Domésticos,"-3,00","R$ 7,99",,Loja,OUROLUX,"-R$ 23,97",85395200,UN
"R$ 35.167.575,97",M1327-1,LAMPADA OUROLUX 120W 220V 2.7K,Utensílios Domésticos,"0,00","R$ 6,99",,Loja,OUROLUX,"R$ 0,00",85395200,UN
"R$ 35.167.575,97",M1326-1,LAMPADA OUROLUX 70W 220V 2.7K,Utensílios Domésticos,"0,00","R$ 5,50",,Loja,OUROLUX,"R$ 0,00",85395200,UN
"R$ 35.167.575,97",M281-1,LAMPADA OUROLUX SUPERLED 12W BIVOLT 6.5K,Utensílios Domésticos,"0,00","R$ 5,50",,Loja,OUROLUX,"R$ 0,00",85395200,UN
"R$ 35.167.575,97",M280-1,LAMPADA OUROLUX SUPERLED 9W BIVOLT 6.5K,Utensílios Domésticos,"-8,00","R$ 3,50",,Loja,OUROLUX,"-R$ 28,00",85395200,UN
"R$ 35.167.575,97",M1788-1,LIMP.VEJA 500ML M.USO ORIGINAL,Utensílios Domésticos,"2,00","R$ 5,99",,Loja,VEJA,"R$ 11,98",34025000,UN
"R$ 35.167.575,97",M1220-1,LUVA LATEX PEQUENA,Utensílios Domésticos,"0,00","R$ 8,95",,Loja,NIL-LAR,"R$ 0,00",40021110,UN
"R$ 35.167.575,97",M2711-1,PA LIXO PLASTICA CABO LONGO 80CM,Utensílios Domésticos,"6,00","R$ 10,90",,Loja,CLAMINA,"R$ 65,40",39249000,UN
"R$ 35.167.575,97",M2712-1,PANO RPROFIX AZUL 28X40,Utensílios Domésticos,"0,00","R$ 109,04",,Loja,CLAMINA,"R$ 0,00",56031290,UN
"R$ 35.167.575,97",M1614-1,PAPEL ALUMINIO 4 METROS,Utensílios Domésticos,"-7,00","R$ 4,99",,Loja,LIFE CLEAN,"-R$ 34,93",76071190,UN
"R$ 35.167.575,97",M169-1,PAPEL ALUMINIO BRICOFLEX 30X4MT,Utensílios Domésticos,"-4,00","R$ 3,20",,Loja,BRICOFLEX,"-R$ 12,80",76071190,UN
"R$ 35.167.575,97",M170-1,PAPEL ALUMINIO BRICOFLEX 45X4MT,Utensílios Domésticos,"-2,00","R$ 5,00",,Loja,BRICOFLEX,"-R$ 10,00",76071190,UN
"R$ 35.167.575,97",M1219-1,PEDRA PARA AFIAR 2 FACES,Utensílios Domésticos,"0,00","R$ 11,95",,Loja,NIL-LAR,"R$ 0,00",68021000,UN
"R$ 35.167.575,97",M2713-1,PEDRA SANITARIA LIPEX 25GR,Utensílios Domésticos,"12,00","R$ 2,90",,Loja,LIPEX,"R$ 34,80",38089919,UN
"R$ 35.167.575,97",M672-1,PILHA PALITO C/4 AAA,Utensílios Domésticos,"-73,00","R$ 6,99",,Loja,RAYOVAC ,"-R$ 510,27",85061020,UN
"R$ 35.167.575,97",M671-1,PILHA PEQUENA C/4 AA,Utensílios Domésticos,"-66,00","R$ 6,50",,Loja,RAYOVAC ,"-R$ 429,00",85061020,UN
"R$ 35.167.575,97",M1004-1,PRATOS PLASTICOS 21CM 10UND VITALFORM,Utensílios Domésticos,"-5,00","R$ 4,50",,Loja,VITALFORM,"-R$ 22,50",39241000,UN
"R$ 35.167.575,97",M750-1,PRENDEDORES DE ROUPAS 12UND MADEIRA,Utensílios Domésticos,"-51,00","R$ 3,75",,Loja,PARANA,"-R$ 191,25",44219900,UN
"R$ 35.167.575,97",M1236-1,REGISTRO P/ CHUVEIRO 3/4 NIL-LAR,Utensílios Domésticos,"0,00","R$ 38,80",,Loja,NIL-LAR,"R$ 0,00",84818019,UN
"R$ 35.167.575,97",M1235-1,REGISTRO PVC 3/4 NIL-LAR,Utensílios Domésticos,"0,00","R$ 19,35",,Loja,NIL-LAR,"R$ 0,00",84818095,UN
"R$ 35.167.575,97",M1238-1,REGULADOR DE GAS NIL-LAR,Utensílios Domésticos,"0,00","R$ 39,95",,Loja,NIL-LAR,"R$ 0,00",84811000,UN
"R$ 35.167.575,97",M1232-1,ROLO DE LA N-9 NIL-LAR,Utensílios Domésticos,"0,00","R$ 9,45",,Loja,NIL-LAR,"R$ 0,00",96034010,UN
"R$ 35.167.575,97",M1231-1,ROLO PARA PINTURA N-5 NIL-LAR,Utensílios Domésticos,"0,00","R$ 7,20",,Loja,NIL-LAR,"R$ 0,00",96034010,UN
"R$ 35.167.575,97",M758-1,ROLO PVC FILM 15M,Utensílios Domésticos,"-17,00","R$ 4,50",,Loja,BRICOFLEX,"-R$ 76,50",39204310,UN
"R$ 35.167.575,97",M273-1,SACO LIXO LEVA LIXO 100L PRETO COM 5,Utensílios Domésticos,"-4,00","R$ 4,90",,Loja,LEVA LIXO,"-R$ 19,60",39232190,UN
"R$ 35.167.575,97",M274-1,SACO LIXO LEVA LIXO 30L PRETO COM 10,Utensílios Domésticos,"-3,00","R$ 4,90",,Loja,LEVA LIXO,"-R$ 14,70",39232190,UN
"R$ 35.167.575,97",M275-1,SACO LIXO LEVA LIXO 50L PRETO COM 10,Utensílios Domésticos,"-9,00","R$ 4,90",,Loja,LEVA LIXO,"-R$ 44,10",39232190,UN
"R$ 35.167.575,97",M1216-1,SACO LIXO PLUS 39X58CM - 15L - 20UND,Utensílios Domésticos,"0,00","R$ 4,50",,Loja,PLUS,"R$ 0,00",39232190,UN
"R$ 35.167.575,97",M1215-1,SACO LIXO PRETAO 39X58CM - 15L - 20UND,Utensílios Domésticos,"-3,00","R$ 4,99",,Loja,PRETAO,"-R$ 14,97",39232190,UN
"R$ 35.167.575,97",M1214-1,SACO LIXO PRETAO 59X62CM - 30L - 10UND,Utensílios Domésticos,"-2,00","R$ 4,50",,Loja,PRETAO,"-R$ 9,00",39232190,UN
"R$ 35.167.575,97",M1226-1,SAND HAVAIANAS SLIM DISNEY STICH 25/26,Utensílios Domésticos,"0,00","R$ 46,00",,Loja,HAVAIANAS,"R$ 0,00",64022000,UN
"R$ 35.167.575,97",M1013-1,SANDALIA HAVAIANAS FLORES,Utensílios Domésticos,"0,00","R$ 28,90",,Loja,HAVAIANAS,"R$ 0,00",64022000,UN
"R$ 35.167.575,97",M1002-1,TALHER PLASTICO,Utensílios Domésticos,"-8,00","R$ 9,99",,Loja,ELITE,"-R$ 79,92",39241000,UN
"R$ 35.167.575,97",M1967-1,UAU PERFUMES 500ML,Utensílios Domésticos,"-16,00","R$ 5,30",,Loja,UAU,"-R$ 84,80",34025000,UN
"R$ 35.167.575,97",M272-1,VASSOURA NOVICA ORIGINAL COM CABO,Utensílios Domésticos,"-4,00","R$ 16,90",,Loja,NOVICA,"-R$ 67,60",96039000,UN
