TextBox1,aTSV_MerchandiseCustomCodeDataTextBox,aTSV_MerchandiseDescriptionDataTextBox,aTSV_BrandDescriptionDataTextBox,aTNU_SaleQuantityDataTextBox,TextBox3
Todos Vendedores - 01/07/2026 00:00:00 até 22/09/2026 23:59:59 - NF: Todos,M562-1,YPIOCA OURO,.,13,Todos
Todos Vendedores - 01/07/2026 00:00:00 até 22/09/2026 23:59:59 - NF: Todos,M769-1,YAKULT 80G,.,60,Todos
Todos Vendedores - 01/07/2026 00:00:00 até 22/09/2026 23:59:59 - NF: Todos,M770-1,YAKULT 6 UNIDADES,.,44,Todos
Todos Vendedores - 01/07/2026 00:00:00 até 22/09/2026 23:59:59 - NF: Todos,M51-1,XAROPE GROSELHA FERRASPARI 1L,Ferraspari,23,Todos
Todos Vendedores - 01/07/2026 00:00:00 até 22/09/2026 23:59:59 - NF: Todos,M1850-1,WHISKAS FRANGO 85G,whiskas,17,Todos
Todos Vendedores - 01/07/2026 00:00:00 até 22/09/2026 23:59:59 - NF: Todos,M1849-1,WHISKAS CARNE 85G,whiskas,16,Todos
Todos Vendedores - 01/07/2026 00:00:00 até 22/09/2026 23:59:59 - NF: Todos,M561-1,VODKA BALALAIKA,.,18,Todos
Todos Vendedores - 01/07/2026 00:00:00 até 22/09/2026 23:59:59 - NF: Todos,M1439-1,VIVOLI POTE NAPOLITANO 400ML,VIVOLI,2,Todos
Todos Vendedores - 01/07/2026 00:00:00 até 22/09/2026 23:59:59 - NF: Todos,M1066-1,VIVOLI PICOLE COCO 60G,VIVOLI,1,Todos
Todos Vendedores - 01/07/2026 00:00:00 até 22/09/2026 23:59:59 - NF: Todos,M1065-1,VIVOLI PICOLE CHOCOLATE 60G,VIVOLI,2,Todos
Todos Vendedores - 01/07/2026 00:00:00 até 22/09/2026 23:59:59 - NF: Todos,M1542-1,VIVOLI ESPECIALITE TABLETS 65G,VIVOLI,1,Todos
Todos Vendedores - 01/07/2026 00:00:00 até 22/09/2026 23:59:59 - NF: Todos,M1541-1,VIVOLI ESPECIALITE DIVINO 65G,VIVOLI,1,Todos
Todos Vendedores - 01/07/2026 00:00:00 até 22/09/2026 23:59:59 - NF: Todos,M1540-1,VIVOLI BEIJINHO 65G,VIVOLI,1,Todos
Todos Vendedores - 01/07/2026 00:00:00 até 22/09/2026 23:59:59 - NF: Todos,M1543-1,VIVOLI ABSOLUTO LIMAO SUIÇO 65G,VIVOLI,3,Todos
Todos Vendedores - 01/07/2026 00:00:00 até 22/09/2026 23:59:59 - NF: Todos,M2419-1,VINHO TINTO CHALISE 750ML,COCA,4,Todos
Todos Vendedores - 01/07/2026 00:00:00 até 22/09/2026 23:59:59 - NF: Todos,7896403900015,VINHO SAN TOME SUAVE 1L,SAN TOME ,23,Todos
Todos Vendedores - 01/07/2026 00:00:00 até 22/09/2026 23:59:59 - NF: Todos,7898965741068,VINHO NONO TINTO SECO 750ML,NONO,9,Todos
Todos Vendedores - 01/07/2026 00:00:00 até 22/09/2026 23:59:59 - NF: Todos,M643-1,VINHO DO NONO SUAVE BORDO 880ML,.,1,Todos
Todos Vendedores - 01/07/2026 00:00:00 até 22/09/2026 23:59:59 - NF: Todos,M2144-1,VINHO DO NONO SUAVE BORDO 1L,NONO,27,Todos
Todos Vendedores - 01/07/2026 00:00:00 até 22/09/2026 23:59:59 - NF: Todos,M1323-1,VINAGRE TOSCANO VINHO TINTO 750ML,TOSCANO,4,Todos
Todos Vendedores - 01/07/2026 00:00:00 até 22/09/2026 23:59:59 - NF: Todos,M2145-1,VINAGRE TOSCANO MAÇA 750 ML,TOSCANO,6,Todos
Todos Vendedores - 01/07/2026 00:00:00 até 22/09/2026 23:59:59 - NF: Todos,M1605-1,VINAGRE TOSCANO LIMÃO 750ML,TOSCANO,23,Todos
Todos Vendedores - 01/07/2026 00:00:00 até 22/09/2026 23:59:59 - NF: Todos,M614-1,VINAGRE TOSCANO 750ML COLORIDO,.,30,Todos
Todos Vendedores - 01/07/2026 00:00:00 até 22/09/2026 23:59:59 - NF: Todos,M144-1,VINAGRE FORTALEZA 750ML COLORIDO,FORTALEZA,11,Todos
Todos Vendedores - 01/07/2026 00:00:00 até 22/09/2026 23:59:59 - NF: Todos,M1691-1,VINAGRE ALCOOL 750ML,TOSCANO,4,Todos
Todos Vendedores - 01/07/2026 00:00:00 até 22/09/2026 23:59:59 - NF: Todos,M566-1,VELHO BARREIRO,.,21,Todos
Todos Vendedores - 01/07/2026 00:00:00 até 22/09/2026 23:59:59 - NF: Todos,M894-1,VELA VULCAO SORTIDA 1X1,NEW FEST,2,Todos
Todos Vendedores - 01/07/2026 00:00:00 até 22/09/2026 23:59:59 - NF: Todos,M150-1,VELA SAO DOMINGOS 9G,SAO DOMINGOS,2,Todos
Todos Vendedores - 01/07/2026 00:00:00 até 22/09/2026 23:59:59 - NF: Todos,M279-1,VELA SAO DOMINGOS 245G 7 DIAS,DOMINGOS,2,Todos
Todos Vendedores - 01/07/2026 00:00:00 até 22/09/2026 23:59:59 - NF: Todos,7896080901589,VELA PARANA N 5,PARANA,19,Todos
Todos Vendedores - 01/07/2026 00:00:00 até 22/09/2026 23:59:59 - NF: Todos,7896080901077,VELA PARANA 1 UNIDADE 255G,PARANA,4,Todos
Todos Vendedores - 01/07/2026 00:00:00 até 22/09/2026 23:59:59 - NF: Todos,M892-1,VELA GLITER DOURADA NO 8,NEW FEST,1,Todos
Todos Vendedores - 01/07/2026 00:00:00 até 22/09/2026 23:59:59 - NF: Todos,M887-1,VELA GLITER DOURADA NO 4,NEW FEST,2,Todos
Todos Vendedores - 01/07/2026 00:00:00 até 22/09/2026 23:59:59 - NF: Todos,M886-1,VELA GLITER DOURADA NO 3,NEW FEST,4,Todos
Todos Vendedores - 01/07/2026 00:00:00 até 22/09/2026 23:59:59 - NF: Todos,M885-1,VELA GLITER DOURADA NO 2,NEW FEST,2,Todos
Todos Vendedores - 01/07/2026 00:00:00 até 22/09/2026 23:59:59 - NF: Todos,M876-1,VELA BIG BRANCA NO 5,NEW FEST,4,Todos
Todos Vendedores - 01/07/2026 00:00:00 até 22/09/2026 23:59:59 - NF: Todos,M875-1,VELA BIG BRANCA NO 4,NEW FEST,1,Todos
Todos Vendedores - 01/07/2026 00:00:00 até 22/09/2026 23:59:59 - NF: Todos,M874-1,VELA BIG BRANCA NO 3,NEW FEST,6,Todos
Todos Vendedores - 01/07/2026 00:00:00 até 22/09/2026 23:59:59 - NF: Todos,M873-1,VELA BIG BRANCA NO 2,NEW FEST,1,Todos
Todos Vendedores - 01/07/2026 00:00:00 até 22/09/2026 23:59:59 - NF: Todos,M872-1,VELA BIG BRANCA NO 1,NEW FEST,5,Todos
Todos Vendedores - 01/07/2026 00:00:00 até 22/09/2026 23:59:59 - NF: Todos,M868-1,VELA ? BIG BRANCA,NEW FEST,3,Todos
Todos Vendedores - 01/07/2026 00:00:00 até 22/09/2026 23:59:59 - NF: Todos,M272-1,VASSOURA NOVICA ORIGINAL COM CABO,NOVICA,1,Todos
Todos Vendedores - 01/07/2026 00:00:00 até 22/09/2026 23:59:59 - NF: Todos,7898165300102,VASSOURA CLAMINA,CLAMINA,7,Todos
Todos Vendedores - 01/07/2026 00:00:00 até 22/09/2026 23:59:59 - NF: Todos,7898165300201,VASSOURA CLAMAX CANTO,CLAMINA,7,Todos
Todos Vendedores - 01/07/2026 00:00:00 até 22/09/2026 23:59:59 - NF: Todos,M2750-1,VASSOURA BASE MADEIRA SEM CABO,.,2,Todos
Todos Vendedores - 01/07/2026 00:00:00 até 22/09/2026 23:59:59 - NF: Todos,M751-1,UVA-PASSA ESCURA SEM SEMENTES 100G,LA VIOLETERA,3,Todos
Todos Vendedores - 01/07/2026 00:00:00 até 22/09/2026 23:59:59 - NF: Todos,M1635-1,UVA VERDE SEM SEMENTE 500G,COAFRUITS,1,Todos
Todos Vendedores - 01/07/2026 00:00:00 até 22/09/2026 23:59:59 - NF: Todos,M1636-1,UVA SEM SEMENTE 500G,COOPEXVALE,1,Todos
Todos Vendedores - 01/07/2026 00:00:00 até 22/09/2026 23:59:59 - NF: Todos,7896272010167,UVA PASSA 80G,VALE FERTIL,10,Todos
Todos Vendedores - 01/07/2026 00:00:00 até 22/09/2026 23:59:59 - NF: Todos,M2455-1,UAU PERFUMES CHA BRANCO 1L,UAU,33,Todos
Todos Vendedores - 01/07/2026 00:00:00 até 22/09/2026 23:59:59 - NF: Todos,M1171-1,TWIX,TWIX,24,Todos
Todos Vendedores - 01/07/2026 00:00:00 até 22/09/2026 23:59:59 - NF: Todos,7896087705807,TURBAINA COM LIMAO 2L,Ferraspari,66,Todos
Todos Vendedores - 01/07/2026 00:00:00 até 22/09/2026 23:59:59 - NF: Todos,M2039-1,TURAINA 200ML,TURBAINA,38,Todos
Todos Vendedores - 01/07/2026 00:00:00 até 22/09/2026 23:59:59 - NF: Todos,000114,TULIPA TEMPERADA,.,"349,699",Todos
Todos Vendedores - 01/07/2026 00:00:00 até 22/09/2026 23:59:59 - NF: Todos,000113,TULIPA MEIO DA ASA FRANGO,.,"235,346",Todos
Todos Vendedores - 01/07/2026 00:00:00 até 22/09/2026 23:59:59 - NF: Todos,M59-1,TULIPA DE FRANGO,PERDIGAO,"0,12",Todos
Todos Vendedores - 01/07/2026 00:00:00 até 22/09/2026 23:59:59 - NF: Todos,8410525159619,TUBES MORANGO 80G,FINI,46,Todos
Todos Vendedores - 01/07/2026 00:00:00 até 22/09/2026 23:59:59 - NF: Todos,M1400-1,TUBES MORABGA AZEDINHOS 80G,FINI,28,Todos
Todos Vendedores - 01/07/2026 00:00:00 até 22/09/2026 23:59:59 - NF: Todos,7908228809470,TUBES MACA DO AMOR 80G,FINI,1,Todos
Todos Vendedores - 01/07/2026 00:00:00 até 22/09/2026 23:59:59 - NF: Todos,M2671-1,TUBES DESENROLA E ESTIKA PINK LEMONADE 80G.,FINI,8,Todos
Todos Vendedores - 01/07/2026 00:00:00 até 22/09/2026 23:59:59 - NF: Todos,M2456-1,TRIGO PARA KIBE 500G,DEUSA,5,Todos
Todos Vendedores - 01/07/2026 00:00:00 até 22/09/2026 23:59:59 - NF: Todos,M1142-1,TRENTO CHOCOLATE 29G,TRENTO,20,Todos
Todos Vendedores - 01/07/2026 00:00:00 até 22/09/2026 23:59:59 - NF: Todos,M1337-1,TRENTO AVELÃ 29G,TRENTO,14,Todos
Todos Vendedores - 01/07/2026 00:00:00 até 22/09/2026 23:59:59 - NF: Todos,M2078-1,TRENTO 29G DUO,TRENTO,1,Todos
Todos Vendedores - 01/07/2026 00:00:00 até 22/09/2026 23:59:59 - NF: Todos,000141,TOUCINHO,.,"474,731",Todos
Todos Vendedores - 01/07/2026 00:00:00 até 22/09/2026 23:59:59 - NF: Todos,M231-1,TORRADA BAUDUCCO 142G TRADICIONAL,BAUDUCO,39,Todos
Todos Vendedores - 01/07/2026 00:00:00 até 22/09/2026 23:59:59 - NF: Todos,M2353-1,TORCIDA SABOR CHURRASCO 60G,TORCIDA ,75,Todos
Todos Vendedores - 01/07/2026 00:00:00 até 22/09/2026 23:59:59 - NF: Todos,M2739-1,TORCIDA QUEIJO 60G,TORCIDA ,3,Todos
Todos Vendedores - 01/07/2026 00:00:00 até 22/09/2026 23:59:59 - NF: Todos,M2738-1,TORCIDA CHURRASCO 60GX24,TORICA ,2,Todos
Todos Vendedores - 01/07/2026 00:00:00 até 22/09/2026 23:59:59 - NF: Todos,M2740-1,TORCIDA CEBOLA 60GX24,TORCIDA ,8,Todos
Todos Vendedores - 01/07/2026 00:00:00 até 22/09/2026 23:59:59 - NF: Todos,M2741-1,TORCIDA BACON 60GX24,TORCIDA ,9,Todos
Todos Vendedores - 01/07/2026 00:00:00 até 22/09/2026 23:59:59 - NF: Todos,M2560-1,TONICA ANTARTICA ZERO 1L,ANTARTICA,4,Todos
Todos Vendedores - 01/07/2026 00:00:00 até 22/09/2026 23:59:59 - NF: Todos,M2559-1,TONICA ANTARTICA 1L,TONICA,5,Todos
Todos Vendedores - 01/07/2026 00:00:00 até 22/09/2026 23:59:59 - NF: Todos,000161,TOMATE,.,"607,19",Todos
Todos Vendedores - 01/07/2026 00:00:00 até 22/09/2026 23:59:59 - NF: Todos,M2674-1,toddynho levinho 200ml,Toddynho,12,Todos
Todos Vendedores - 01/07/2026 00:00:00 até 22/09/2026 23:59:59 - NF: Todos,M741-1,TOALHAS UMEDECIDAS 100UND,UPA BEBE,13,Todos
Todos Vendedores - 01/07/2026 00:00:00 até 22/09/2026 23:59:59 - NF: Todos,M1845-1,TNT MANGO SUMMER 473ML,TNT,1,Todos
Todos Vendedores - 01/07/2026 00:00:00 até 22/09/2026 23:59:59 - NF: Todos,M2450-1,"TIRA MANCHAS CANDURA 1,5L WHITE S CLORO",CANDURA,5,Todos
Todos Vendedores - 01/07/2026 00:00:00 até 22/09/2026 23:59:59 - NF: Todos,M2449-1,"TIRA MANCHAS CANDURA 1,5L",CANDURA,7,Todos
Todos Vendedores - 01/07/2026 00:00:00 até 22/09/2026 23:59:59 - NF: Todos,M2667-1,TERROR MORANGO E LIMAO ACIDO 80G,FINI,7,Todos
Todos Vendedores - 01/07/2026 00:00:00 até 22/09/2026 23:59:59 - NF: Todos,M16-1,TEMPERO SAZON 60G VERMELHO,Sazon,165,Todos
Todos Vendedores - 01/07/2026 00:00:00 até 22/09/2026 23:59:59 - NF: Todos,M211-1,TEMPERO SAZON 60G VERDE,Sazon,24,Todos
Todos Vendedores - 01/07/2026 00:00:00 até 22/09/2026 23:59:59 - NF: Todos,M213-1,TEMPERO SAZON 60G SALADA,Sazon,16,Todos
Todos Vendedores - 01/07/2026 00:00:00 até 22/09/2026 23:59:59 - NF: Todos,M26-1,TEMPERO SAZON 60G BRANCO,Sazon,8,Todos
Todos Vendedores - 01/07/2026 00:00:00 até 22/09/2026 23:59:59 - NF: Todos,M1186-1,TEMPERO SAZON 60G,Sazon,13,Todos
Todos Vendedores - 01/07/2026 00:00:00 até 22/09/2026 23:59:59 - NF: Todos,M557-1,TEMPERO PIMENTA DO REINO,.,2,Todos
Todos Vendedores - 01/07/2026 00:00:00 até 22/09/2026 23:59:59 - NF: Todos,18481025,TEMPERO PARA FEIJAO 500G,.,1,Todos
Todos Vendedores - 01/07/2026 00:00:00 até 22/09/2026 23:59:59 - NF: Todos,M558-1,TEMPERO ERVAS FINAS E ACAFRAO,.,3,Todos
Todos Vendedores - 01/07/2026 00:00:00 até 22/09/2026 23:59:59 - NF: Todos,M811-1,TEMPERO DO EDUARDO 20G,CONDINEW,45,Todos
Todos Vendedores - 01/07/2026 00:00:00 até 22/09/2026 23:59:59 - NF: Todos,12121212,TEMPERO DIVERSOS,TEMPEROS,2,Todos
Todos Vendedores - 01/07/2026 00:00:00 até 22/09/2026 23:59:59 - NF: Todos,M807-1,TEMPERO BAIANO 20G,CONDINEW,44,Todos
Todos Vendedores - 01/07/2026 00:00:00 até 22/09/2026 23:59:59 - NF: Todos,18474825,TEMPERO ANA MARIA 500G,.,4,Todos
Todos Vendedores - 01/07/2026 00:00:00 até 22/09/2026 23:59:59 - NF: Todos,M756-1,TEMPERO - PIMENTAO E TOMILHO 23G,KNORR,5,Todos
Todos Vendedores - 01/07/2026 00:00:00 até 22/09/2026 23:59:59 - NF: Todos,M735-1,"TEMPERO - ALHO, CEBOLA E CURCUMA 23G",KNORR,7,Todos
Todos Vendedores - 01/07/2026 00:00:00 até 22/09/2026 23:59:59 - NF: Todos,M736-1,TEMPERO - ALHO E CEBOLA 23G,KNORR,5,Todos
Todos Vendedores - 01/07/2026 00:00:00 até 22/09/2026 23:59:59 - NF: Todos,M143-1,TAPIOCA AMAFIL 500G,AMAFIL,13,Todos
Todos Vendedores - 01/07/2026 00:00:00 até 22/09/2026 23:59:59 - NF: Todos,M1002-1,TALHER PLASTICO,ELITE,4,Todos
Todos Vendedores - 01/07/2026 00:00:00 até 22/09/2026 23:59:59 - NF: Todos,7896020160052,TALCO TENYS PE BARUEL PO 100G,BARUEL,5,Todos
Todos Vendedores - 01/07/2026 00:00:00 até 22/09/2026 23:59:59 - NF: Todos,7896002312493,TAKIS NACHO,BIMBO,14,Todos
Todos Vendedores - 01/07/2026 00:00:00 até 22/09/2026 23:59:59 - NF: Todos,M2696-1,TAKIS HOT CHILLI 49G,BIMBO,1,Todos
Todos Vendedores - 01/07/2026 00:00:00 até 22/09/2026 23:59:59 - NF: Todos,M2458-1,TAKIS CARNE LOUCA 49G,TAKIS,8,Todos
Todos Vendedores - 01/07/2026 00:00:00 até 22/09/2026 23:59:59 - NF: Todos,M2457-1,TAKIS BUCKIN RANCH 49G,TAKIS,4,Todos
Todos Vendedores - 01/07/2026 00:00:00 até 22/09/2026 23:59:59 - NF: Todos,M433-1,TAFFMAN EX 110ML,YAKULT,37,Todos
Todos Vendedores - 01/07/2026 00:00:00 até 22/09/2026 23:59:59 - NF: Todos,M2636-1,SUPLEMENTO A TNT UVA 500ML,TNT,5,Todos
Todos Vendedores - 01/07/2026 00:00:00 até 22/09/2026 23:59:59 - NF: Todos,M2462-1,SUPER BONDER 3G ORIGINAL,SUPER BONDE,8,Todos
Todos Vendedores - 01/07/2026 00:00:00 até 22/09/2026 23:59:59 - NF: Todos,M1644-1,SUNDAE CHOCOLATE 100G,VIVOLI,2,Todos
Todos Vendedores - 01/07/2026 00:00:00 até 22/09/2026 23:59:59 - NF: Todos,M1630-1,SUKITA LARANJA 2l,SUKITA,11,Todos
Todos Vendedores - 01/07/2026 00:00:00 até 22/09/2026 23:59:59 - NF: Todos,7899916919901,SUCO THE NATURAL ONE FRESH UVA 900ML,THE NATURAL ONE,8,Todos
Todos Vendedores - 01/07/2026 00:00:00 até 22/09/2026 23:59:59 - NF: Todos,7899916919963,SUCO THE NATURAL ONE FRESH TANGERINA 900ML,THE NATURAL ONE,2,Todos
Todos Vendedores - 01/07/2026 00:00:00 até 22/09/2026 23:59:59 - NF: Todos,7899916919987,SUCO THE NATURAL ONE FRESH PESSEGO 900ML,THE NATURAL ONE,2,Todos
Todos Vendedores - 01/07/2026 00:00:00 até 22/09/2026 23:59:59 - NF: Todos,7899916919888,SUCO THE NATURAL ONE FRESH MACA VERDE 900ML,THE NATURAL ONE,1,Todos
Todos Vendedores - 01/07/2026 00:00:00 até 22/09/2026 23:59:59 - NF: Todos,7899916919925,SUCO THE NATURAL ONE FRESH CRANBERRY 900ML,THE NATURAL ONE,3,Todos
Todos Vendedores - 01/07/2026 00:00:00 até 22/09/2026 23:59:59 - NF: Todos,7898192030072,SUCO SU FRESH UVA 1L,RUFFKES,13,Todos
Todos Vendedores - 01/07/2026 00:00:00 até 22/09/2026 23:59:59 - NF: Todos,7898192030065,SUCO SU FRESH MARACUJA 1L,GRILL,18,Todos
Todos Vendedores - 01/07/2026 00:00:00 até 22/09/2026 23:59:59 - NF: Todos,7898192030577,SUCO SU FRESH LARANJA 1L,RUFLLES,31,Todos
Todos Vendedores - 01/07/2026 00:00:00 até 22/09/2026 23:59:59 - NF: Todos,M602-1,SUCO SERIGY 500ML,.,5,Todos
Todos Vendedores - 01/07/2026 00:00:00 até 22/09/2026 23:59:59 - NF: Todos,M1129-1,SUCO NAFRUTY MORANGO 1L,NAFRUTY,1,Todos
Todos Vendedores - 01/07/2026 00:00:00 até 22/09/2026 23:59:59 - NF: Todos,M1854-1,SUCO MAGUARY NECTAR/REFRESCO 1L UVA,MAGUARY,1,Todos
Todos Vendedores - 01/07/2026 00:00:00 até 22/09/2026 23:59:59 - NF: Todos,M243-1,SUCO MAGUARY NECTAR 1L MARACUJA,MAGUARY,7,Todos
Todos Vendedores - 01/07/2026 00:00:00 até 22/09/2026 23:59:59 - NF: Todos,M242-1,SUCO MAGUARY NECTAR 1L LARANJA,MAGUARY,7,Todos
Todos Vendedores - 01/07/2026 00:00:00 até 22/09/2026 23:59:59 - NF: Todos,M241-1,SUCO MAGUARY NECTAR 1L ABACAXI,MAGUARY,5,Todos
Todos Vendedores - 01/07/2026 00:00:00 até 22/09/2026 23:59:59 - NF: Todos,M895-1,SUCO MAGUARY CONCENTRADO MARACUJÁ 500ML,MAGUARY,9,Todos
Todos Vendedores - 01/07/2026 00:00:00 até 22/09/2026 23:59:59 - NF: Todos,M896-1,SUCO MAGUARY CAJU 500ML,MAGUARY,5,Todos
Todos Vendedores - 01/07/2026 00:00:00 até 22/09/2026 23:59:59 - NF: Todos,M432-1,SUCO MACA SLIM 200ML,YAKULT,34,Todos
Todos Vendedores - 01/07/2026 00:00:00 até 22/09/2026 23:59:59 - NF: Todos,M1555-1,SUCO LIFE UVA 900ML,LIFE,6,Todos
Todos Vendedores - 01/07/2026 00:00:00 até 22/09/2026 23:59:59 - NF: Todos,M991-1,SUCO DE MARACUJA SERIGY,SERIRY,4,Todos
Todos Vendedores - 01/07/2026 00:00:00 até 22/09/2026 23:59:59 - NF: Todos,M1096-1,SUCO DE LARANJA LIFE 900ML,LIFE,54,Todos
Todos Vendedores - 01/07/2026 00:00:00 até 22/09/2026 23:59:59 - NF: Todos,M1095-1,SUCO DE LARANJA LIFE 300ML,LIFE,6,Todos
Todos Vendedores - 01/07/2026 00:00:00 até 22/09/2026 23:59:59 - NF: Todos,7891141019838,"SUCO AURORA 1,5L UVA TINTO",AURORA,4,Todos
Todos Vendedores - 01/07/2026 00:00:00 até 22/09/2026 23:59:59 - NF: Todos,M102-1,"SUCO AURORA 1,5 LITRO UVA TINTO",AURORA,7,Todos
Todos Vendedores - 01/07/2026 00:00:00 até 22/09/2026 23:59:59 - NF: Todos,000143,SUAN DE PORCO,.,1,Todos
Todos Vendedores - 01/07/2026 00:00:00 até 22/09/2026 23:59:59 - NF: Todos,000111,STROGONOFF DE FRANGO,.,"131,465",Todos
Todos Vendedores - 01/07/2026 00:00:00 até 22/09/2026 23:59:59 - NF: Todos,000044,STROGONOFF DE CARNE,.,"2,063",Todos
Todos Vendedores - 01/07/2026 00:00:00 até 22/09/2026 23:59:59 - NF: Todos,M2069-1,STELLA ARTOIS PURO GOLD 330ML,STELLA,29,Todos
Todos Vendedores - 01/07/2026 00:00:00 até 22/09/2026 23:59:59 - NF: Todos,M2415-1,SPRITE ZERO AÇUCAR 2L,COCA COLA,53,Todos
Todos Vendedores - 01/07/2026 00:00:00 até 22/09/2026 23:59:59 - NF: Todos,M1247-1,SPRITE SEM ACUCAR 2L,COCA COLA,2,Todos
Todos Vendedores - 01/07/2026 00:00:00 até 22/09/2026 23:59:59 - NF: Todos,7894900681000,SPRITE ORIGINAL 2L,COCA COLA,69,Todos
Todos Vendedores - 01/07/2026 00:00:00 até 22/09/2026 23:59:59 - NF: Todos,M1633-1,SPRITE LEMON FRESH 510ML,sprite,26,Todos
Todos Vendedores - 01/07/2026 00:00:00 até 22/09/2026 23:59:59 - NF: Todos,M1403-1,"SPRITE LEMON FRESH 1,5L",sprite,13,Todos
Todos Vendedores - 01/07/2026 00:00:00 até 22/09/2026 23:59:59 - NF: Todos,7898036492738,SORVETE TRES CHOCOLATES 2L,JUNDIA,2,Todos
Todos Vendedores - 01/07/2026 00:00:00 até 22/09/2026 23:59:59 - NF: Todos,M2046-1,SORVETE POTE BOMBOM 2 LITROS,JUNDIA,4,Todos
Todos Vendedores - 01/07/2026 00:00:00 até 22/09/2026 23:59:59 - NF: Todos,M1640-1,SORVETE POTE 2L NAPOLITANO,VIVOLI,1,Todos
Todos Vendedores - 01/07/2026 00:00:00 até 22/09/2026 23:59:59 - NF: Todos,M1641-1,SORVETE POTE 2L CREME,VIVOLI,1,Todos
Todos Vendedores - 01/07/2026 00:00:00 até 22/09/2026 23:59:59 - NF: Todos,M1639-1,SORVETE POTE 2L CHOCOLATE,VIVOLI,1,Todos
Todos Vendedores - 01/07/2026 00:00:00 até 22/09/2026 23:59:59 - NF: Todos,7898036492370,SORVETE JUNDIA NAPOLITANO 2L,.,1,Todos
Todos Vendedores - 01/07/2026 00:00:00 até 22/09/2026 23:59:59 - NF: Todos,7898036491472,SORVETE JUNDIA FLOCOS 2L,JUNDIA,2,Todos
Todos Vendedores - 01/07/2026 00:00:00 até 22/09/2026 23:59:59 - NF: Todos,7898036491175,SORVETE JUNDIA CREME 2L,JUNDIA,1,Todos
Todos Vendedores - 01/07/2026 00:00:00 até 22/09/2026 23:59:59 - NF: Todos,7898036491274,SORVETE COCO 2L,JUNDIAI ,1,Todos
Todos Vendedores - 01/07/2026 00:00:00 até 22/09/2026 23:59:59 - NF: Todos,M2167-1,SORVETE BOMBOM DADINHO 70G,JUNDIA,12,Todos
Todos Vendedores - 01/07/2026 00:00:00 até 22/09/2026 23:59:59 - NF: Todos,M1771-1,SORVETE BOMBOM CHOCOBAR 70G,JUNDIA,17,Todos
Todos Vendedores - 01/07/2026 00:00:00 até 22/09/2026 23:59:59 - NF: Todos,M2166-1,SORVETE BOMBOM CHOCOBAR 70G,JUNDIA,1,Todos
Todos Vendedores - 01/07/2026 00:00:00 até 22/09/2026 23:59:59 - NF: Todos,M2165-1,SORVETE BOMBOM CEREJA/AMARENA 70G,JUNDIA,4,Todos
Todos Vendedores - 01/07/2026 00:00:00 até 22/09/2026 23:59:59 - NF: Todos,7898036491588,SORVETE ABACAXI AO VINHO 2L,JUNDIA,1,Todos
Todos Vendedores - 01/07/2026 00:00:00 até 22/09/2026 23:59:59 - NF: Todos,7898036491076,SOREVE JUNDIA ABACAXI 2L,JUNDIAI ,1,Todos
Todos Vendedores - 01/07/2026 00:00:00 até 22/09/2026 23:59:59 - NF: Todos,M1094-1,SOPÃO GALINHA COM VEGETAIS 180G,Apti,5,Todos
Todos Vendedores - 01/07/2026 00:00:00 até 22/09/2026 23:59:59 - NF: Todos,M1093-1,SOPÃO CARNE COM LEGUMES180G,Apti,5,Todos
Todos Vendedores - 01/07/2026 00:00:00 até 22/09/2026 23:59:59 - NF: Todos,M950-1,SODA CAUSTICA INDAIA 1KG,INDAIA,28,Todos
Todos Vendedores - 01/07/2026 00:00:00 até 22/09/2026 23:59:59 - NF: Todos,000110,SOBRECOXA,.,"39,338",Todos
Todos Vendedores - 01/07/2026 00:00:00 até 22/09/2026 23:59:59 - NF: Todos,M1140-1,SNICKERS CARAMELO AMENDOIM E NOUGAT 45G,SNICKERS,2,Todos
Todos Vendedores - 01/07/2026 00:00:00 até 22/09/2026 23:59:59 - NF: Todos,M2794-1,SNICKERS 40G ORIGINAL,SNICKERS,9,Todos
Todos Vendedores - 01/07/2026 00:00:00 até 22/09/2026 23:59:59 - NF: Todos,M2178-1,SMIRNOFF ICE 275ML,SMIRNOFF,2,Todos
Todos Vendedores - 01/07/2026 00:00:00 até 22/09/2026 23:59:59 - NF: Todos,M1261-1,SMAC ARGOLAO DOCE 80G,.,30,Todos
Todos Vendedores - 01/07/2026 00:00:00 até 22/09/2026 23:59:59 - NF: Todos,M867-1,SKOL 269 ML,SKOL,334,Todos
Todos Vendedores - 01/07/2026 00:00:00 até 22/09/2026 23:59:59 - NF: Todos,7896072911145,SIDRA CERESER 600ML,CERESER,1,Todos
Todos Vendedores - 01/07/2026 00:00:00 até 22/09/2026 23:59:59 - NF: Todos,000043,SHORT RIB,.,"0,904",Todos
Todos Vendedores - 01/07/2026 00:00:00 até 22/09/2026 23:59:59 - NF: Todos,M2095-1,SHAPOO SEDA PREBIOTIC 2% 300ML,SEDA,2,Todos
Todos Vendedores - 01/07/2026 00:00:00 até 22/09/2026 23:59:59 - NF: Todos,M979-1,SHAPOO SEDA LISO PERFEITO 325ML,SEDA,5,Todos
Todos Vendedores - 01/07/2026 00:00:00 até 22/09/2026 23:59:59 - NF: Todos,M2093-1,SHAPOO SEDA GLYCOOL 300ML,SEDA,1,Todos
Todos Vendedores - 01/07/2026 00:00:00 até 22/09/2026 23:59:59 - NF: Todos,M976-1,SHAPOO SEDA BRILHO CERAMIDOS 325ML,SEDA,7,Todos
Todos Vendedores - 01/07/2026 00:00:00 até 22/09/2026 23:59:59 - NF: Todos,M1780-1,SHAPOO DOVE 350ML CONDICIONADOR DOVE 150 ML,DOVE,4,Todos
Todos Vendedores - 01/07/2026 00:00:00 até 22/09/2026 23:59:59 - NF: Todos,M2628-1,SHAPOO DOVE 190ML NUTRICAO+TRI-OLEOS,DOVE,1,Todos
Todos Vendedores - 01/07/2026 00:00:00 até 22/09/2026 23:59:59 - NF: Todos,7898422746216,SHAPOO ANTICASPA LIMPEZA E MACIEZ 200ML,CLEAR,1,Todos
Todos Vendedores - 01/07/2026 00:00:00 até 22/09/2026 23:59:59 - NF: Todos,7891150019508,SHAPOO ANTICASPA 200ML,CLEAR,1,Todos
Todos Vendedores - 01/07/2026 00:00:00 até 22/09/2026 23:59:59 - NF: Todos,M2681-1,SHAPO POMPOM 200ML,POMPOM,1,Todos
Todos Vendedores - 01/07/2026 00:00:00 até 22/09/2026 23:59:59 - NF: Todos,M974-1,SHAMPOO SEDA 300ML + CONDICIONADOR 190ML CACHOS DEFINIDOS,SEDA,1,Todos
Todos Vendedores - 01/07/2026 00:00:00 até 22/09/2026 23:59:59 - NF: Todos,M319-1,SHAMPOO SEDA 300ML + COND 190ML TOQUE SEDA AMINO SILK,SEDA,1,Todos
Todos Vendedores - 01/07/2026 00:00:00 até 22/09/2026 23:59:59 - NF: Todos,M317-1,SHAMPOO SEDA 300ML + COND 190ML LISO PERFEITO,SEDA,4,Todos
Todos Vendedores - 01/07/2026 00:00:00 até 22/09/2026 23:59:59 - NF: Todos,M316-1,SHAMPOO SEDA 300ML + COND 190ML CERAMIDAS,SEDA,2,Todos
Todos Vendedores - 01/07/2026 00:00:00 até 22/09/2026 23:59:59 - NF: Todos,M1207-1,SHAMPOO POMPOM SUAVE 200ML,POMPOM,3,Todos
Todos Vendedores - 01/07/2026 00:00:00 até 22/09/2026 23:59:59 - NF: Todos,M2102-1,SHAMPOO DOVE UV REPAIR 190ML,DOVE,1,Todos
Todos Vendedores - 01/07/2026 00:00:00 até 22/09/2026 23:59:59 - NF: Todos,M315-1,SHAMPOO DOVE 200ML RECONSTRUCAO COMPLETA,DOVE,1,Todos
Todos Vendedores - 01/07/2026 00:00:00 até 22/09/2026 23:59:59 - NF: Todos,M1204-1,SHAMPOO CLEAR MEN ANTICASPA 200ML,CLEAR,2,Todos
Todos Vendedores - 01/07/2026 00:00:00 até 22/09/2026 23:59:59 - NF: Todos,M689-1,SHAMPOO 300ML COLAGENO-VITAMINA C *,SEDA,3,Todos
Todos Vendedores - 01/07/2026 00:00:00 até 22/09/2026 23:59:59 - NF: Todos,M2745-1,SENSACOES PREMIUM SABOR FRANGO GRELHADO 70G,LAYS,2,Todos
Todos Vendedores - 01/07/2026 00:00:00 até 22/09/2026 23:59:59 - NF: Todos,M1046-1,SENSACOES FRANGO GRELHADO 40G,PEPSICO,3,Todos
Todos Vendedores - 01/07/2026 00:00:00 até 22/09/2026 23:59:59 - NF: Todos,M205-1,SELETA DE LEGUMES PREDILECTA 170G,PREDILECTA,34,Todos
Todos Vendedores - 01/07/2026 00:00:00 até 22/09/2026 23:59:59 - NF: Todos,M1662-1,SCHWEPPES CITRUS 350ML,SCHWEPPES,7,Todos
Todos Vendedores - 01/07/2026 00:00:00 até 22/09/2026 23:59:59 - NF: Todos,7894900180541,"SCHWEPPES CITRUS 1,5L",COCA COLA FEMSA,14,Todos
Todos Vendedores - 01/07/2026 00:00:00 até 22/09/2026 23:59:59 - NF: Todos,M2346-1,"SCHW CITRUS SA PET 1,5L",.,1,Todos
Todos Vendedores - 01/07/2026 00:00:00 até 22/09/2026 23:59:59 - NF: Todos,M1673-1,SARDINHAS COM MOLHO DE TOMATE 120G,COQUEIRO,25,Todos
Todos Vendedores - 01/07/2026 00:00:00 até 22/09/2026 23:59:59 - NF: Todos,7898943163028,SARDINHA ROBIN CRUSOE 125G TOMATE,SUPREME,9,Todos
Todos Vendedores - 01/07/2026 00:00:00 até 22/09/2026 23:59:59 - NF: Todos,M1672-1,SARDINHA COM OLEO 125G,COQUEIRO,49,Todos
Todos Vendedores - 01/07/2026 00:00:00 até 22/09/2026 23:59:59 - NF: Todos,M339-1,SANDALIA HAVAIANAS TRADICIONAL AZUL 39/40,HAVAIANAS,4,Todos
Todos Vendedores - 01/07/2026 00:00:00 até 22/09/2026 23:59:59 - NF: Todos,M340-1,SANDALIA HAVAIANAS TRACK GO PRETO 41/42,HAVAIANAS,1,Todos
Todos Vendedores - 01/07/2026 00:00:00 até 22/09/2026 23:59:59 - NF: Todos,M341-1,SANDALIA HAVAIANAS TRACK GO PRETO 39/40,HAVAIANAS,1,Todos
Todos Vendedores - 01/07/2026 00:00:00 até 22/09/2026 23:59:59 - NF: Todos,M2290-1,SANDALIA HAVAIANAS TOP ROSA FLUX 39/40,HAVAIANAS,1,Todos
Todos Vendedores - 01/07/2026 00:00:00 até 22/09/2026 23:59:59 - NF: Todos,7893249648064,SANDALIA HAVAIANAS TOP ROSA 35/36,HAVAIANAS,1,Todos
Todos Vendedores - 01/07/2026 00:00:00 até 22/09/2026 23:59:59 - NF: Todos,M377-1,SANDALIA HAVAIANAS TOP PRETO 45/46,HAVAIANAS,1,Todos
Todos Vendedores - 01/07/2026 00:00:00 até 22/09/2026 23:59:59 - NF: Todos,M378-1,SANDALIA HAVAIANAS TOP PRETO 43/44,HAVAIANAS,4,Todos
Todos Vendedores - 01/07/2026 00:00:00 até 22/09/2026 23:59:59 - NF: Todos,M379-1,SANDALIA HAVAIANAS TOP PRETO 41/42,HAVAIANAS,7,Todos
Todos Vendedores - 01/07/2026 00:00:00 até 22/09/2026 23:59:59 - NF: Todos,M381-1,SANDALIA HAVAIANAS TOP PRETO 37/38,HAVAIANAS,2,Todos
Todos Vendedores - 01/07/2026 00:00:00 até 22/09/2026 23:59:59 - NF: Todos,M380-1,SANDALIA HAVAIANAS TOP PRETO,HAVAIANAS,2,Todos
Todos Vendedores - 01/07/2026 00:00:00 até 22/09/2026 23:59:59 - NF: Todos,M2291-1,SANDALIA HAVAIANAS TOP MARINHO 37/38,HAVAIANAS,1,Todos
Todos Vendedores - 01/07/2026 00:00:00 até 22/09/2026 23:59:59 - NF: Todos,M382-1,SANDALIA HAVAIANAS TOP BRANCO 41/42,HAVAIANAS,1,Todos
Todos Vendedores - 01/07/2026 00:00:00 até 22/09/2026 23:59:59 - NF: Todos,M383-1,SANDALIA HAVAIANAS TOP BRANCO 39/40,HAVAIANAS,1,Todos
Todos Vendedores - 01/07/2026 00:00:00 até 22/09/2026 23:59:59 - NF: Todos,M384-1,SANDALIA HAVAIANAS TOP BRANCO 37/38,HAVAIANAS,1,Todos
Todos Vendedores - 01/07/2026 00:00:00 até 22/09/2026 23:59:59 - NF: Todos,M2426-1,SANDALIA HAVAIANAS TOP BRANCO 35/36,HAVAIANAS,1,Todos
Todos Vendedores - 01/07/2026 00:00:00 até 22/09/2026 23:59:59 - NF: Todos,M890-1,SANDALIA HAVAIANAS TOP BASIC BRANCA 39/40,HAVAIANAS,1,Todos
Todos Vendedores - 01/07/2026 00:00:00 até 22/09/2026 23:59:59 - NF: Todos,M385-1,SANDALIA HAVAIANAS TOP AZUL NAVAL 39/40,HAVAINAS,1,Todos
Todos Vendedores - 01/07/2026 00:00:00 até 22/09/2026 23:59:59 - NF: Todos,M884-1,SANDALIA HAVAIANAS TOP AZUL NAVAL 37-38,HAVAIANAS,1,Todos
Todos Vendedores - 01/07/2026 00:00:00 até 22/09/2026 23:59:59 - NF: Todos,M327-1,SANDALIA HAVAIANAS TOP AMARELO 37/38,HAVAIANAS,1,Todos
Todos Vendedores - 01/07/2026 00:00:00 até 22/09/2026 23:59:59 - NF: Todos,M350-1,SANDALIA HAVAIANAS SLIM ROSA CHIFFON 35/36,HAVAIANAS,2,Todos
Todos Vendedores - 01/07/2026 00:00:00 até 22/09/2026 23:59:59 - NF: Todos,M354-1,SANDALIA HAVAIANAS COLOR ESSENTIAL MARINHO 39/40,HAVAIANAS,1,Todos
Todos Vendedores - 01/07/2026 00:00:00 até 22/09/2026 23:59:59 - NF: Todos,7895265700344,SANDALIA HAVAIANAS BRASIL PRETO 37/38,HAVAIANAS,1,Todos
Todos Vendedores - 01/07/2026 00:00:00 até 22/09/2026 23:59:59 - NF: Todos,7895265700337,SANDALIA HAVAIANAS BRASIL PRETO 35/36,HAVAIANAS,2,Todos
Todos Vendedores - 01/07/2026 00:00:00 até 22/09/2026 23:59:59 - NF: Todos,7895265145336,SANDALIA HAVAIANAS BRASIL BRANCA 43/44,HAVAIANAS,2,Todos
Todos Vendedores - 01/07/2026 00:00:00 até 22/09/2026 23:59:59 - NF: Todos,M2288-1,SANDALIA HAVAIANAS BRASIL BRANCA 33/34,HAVAIANAS,2,Todos
Todos Vendedores - 01/07/2026 00:00:00 até 22/09/2026 23:59:59 - NF: Todos,M360-1,SANDALIA HAVAIANAS ALOHA BRANCO/VERDE 39/40,HAVAINAS,1,Todos
Todos Vendedores - 01/07/2026 00:00:00 até 22/09/2026 23:59:59 - NF: Todos,M1392-1,SANDALIA HAVAIANA TRADICIONAL 41/42,HAVAIANA,3,Todos
Todos Vendedores - 01/07/2026 00:00:00 até 22/09/2026 23:59:59 - NF: Todos,7891266524248,SAND HAVAIANAS TOP VERMELHO 37/38,HAVAIANAS,1,Todos
Todos Vendedores - 01/07/2026 00:00:00 até 22/09/2026 23:59:59 - NF: Todos,7893249648071,SAND HAVAIANAS TOP ROSA FLUX 37/38,HAVAIANAS,2,Todos
Todos Vendedores - 01/07/2026 00:00:00 até 22/09/2026 23:59:59 - NF: Todos,M2283-1,SAND HAVAIANAS TOP BASIC BCO/AZ N 37/38 UN-1UN QTD. 1.00 UN,.,2,Todos
Todos Vendedores - 01/07/2026 00:00:00 até 22/09/2026 23:59:59 - NF: Todos,M1803-1,SAND HAVAIANAS SLIM ROSA GUM METAL 37/38 UN-1UN QTD. 2.00 UN,HAVAIANAS,1,Todos
Todos Vendedores - 01/07/2026 00:00:00 até 22/09/2026 23:59:59 - NF: Todos,M2767-1,SAND HAVAIANAS SLIM DISNEY BC/PRE 37/38,HAVAIANAS,1,Todos
Todos Vendedores - 01/07/2026 00:00:00 até 22/09/2026 23:59:59 - NF: Todos,M2769-1,SAND HAVAIANAS SLIM BRANCA 37/38,HAVAIANAS,2,Todos
Todos Vendedores - 01/07/2026 00:00:00 até 22/09/2026 23:59:59 - NF: Todos,M1793-1,SAND HAVAIANAS KIDS SLIM PRIN.RO N 31/32,HAVAIANAS,2,Todos
Todos Vendedores - 01/07/2026 00:00:00 até 22/09/2026 23:59:59 - NF: Todos,M1796-1,SAND HAVAIANAS KIDS SLIM PRIN.AZUL 31/32 UN-1UN QTD. 1.00 UN,HAVAIANAS,1,Todos
Todos Vendedores - 01/07/2026 00:00:00 até 22/09/2026 23:59:59 - NF: Todos,M1799-1,SAND HAVAIANAS KIDS FLORES ROSA/CO 29/30 UN-1UN QTD. 1.00 UN,HAVAIANAS,1,Todos
Todos Vendedores - 01/07/2026 00:00:00 até 22/09/2026 23:59:59 - NF: Todos,M1800-1,SAND HAVAIANAS KIDS ATHLETIC BC/AZ 31/32 UN,HAVAIANAS,2,Todos
Todos Vendedores - 01/07/2026 00:00:00 até 22/09/2026 23:59:59 - NF: Todos,M1801-1,SAND HAVAIANAS KIDS ATHLETIC BC/AZ 29/30 UN-1UN QTD. 1.00 UN,HAVAIANAS,1,Todos
Todos Vendedores - 01/07/2026 00:00:00 até 22/09/2026 23:59:59 - NF: Todos,M1804-1,SAND HAVAIANAS KIDS ATHLETIC BC/AZ 27/28 UN-1UN QTD. 1.00 UN,HAVAIANAS,1,Todos
Todos Vendedores - 01/07/2026 00:00:00 até 22/09/2026 23:59:59 - NF: Todos,M1802-1,SAND HAVAIANAS KIDS ATHLETIC BC/AZ 25/26 UN-1UN QTD. 1.00 UN,HAVAIANAS,2,Todos
Todos Vendedores - 01/07/2026 00:00:00 até 22/09/2026 23:59:59 - NF: Todos,M2773-1,SAND HAVAIANAS DUAL BRANCA MARINHO 43/44,HAVAIANAS,1,Todos
Todos Vendedores - 01/07/2026 00:00:00 até 22/09/2026 23:59:59 - NF: Todos,M1807-1,SAND HAVAIANAS BRASIL PRETO 41/42 UN-1UN QTD. 3.00 UN,HAVAIANAS,3,Todos
Todos Vendedores - 01/07/2026 00:00:00 até 22/09/2026 23:59:59 - NF: Todos,7895265700320,SAND HAVAIANAS BRASIL PRETO 33/34,HAVAIANAS,1,Todos
Todos Vendedores - 01/07/2026 00:00:00 até 22/09/2026 23:59:59 - NF: Todos,11111,SALSINHA - HORTIFRUT,HORTFRUT,40,Todos
Todos Vendedores - 01/07/2026 00:00:00 até 22/09/2026 23:59:59 - NF: Todos,000082,SALSICHA HOT DOG PERDIGAO,PERDIGAO,"4,022",Todos
Todos Vendedores - 01/07/2026 00:00:00 até 22/09/2026 23:59:59 - NF: Todos,000083,SALSICHA HOT DOG CONG,SADIA,"171,295",Todos
Todos Vendedores - 01/07/2026 00:00:00 até 22/09/2026 23:59:59 - NF: Todos,M1239-1,SALSICHA AURORA 500G,AURORA,1,Todos
Todos Vendedores - 01/07/2026 00:00:00 até 22/09/2026 23:59:59 - NF: Todos,000081,SALSICHA  SEARA,.,"97,089",Todos
Todos Vendedores - 01/07/2026 00:00:00 até 22/09/2026 23:59:59 - NF: Todos,M427-1,SALGADO BACON 80G,CRISTAL,91,Todos
Todos Vendedores - 01/07/2026 00:00:00 até 22/09/2026 23:59:59 - NF: Todos,7896002311755,SALGADINHO TAKIS XPLOSION 56G,PEDIGRE,6,Todos
Todos Vendedores - 01/07/2026 00:00:00 até 22/09/2026 23:59:59 - NF: Todos,7896002311762,SALGADINHO TAKIS HOT CHILLI 56G,TNT,5,Todos
Todos Vendedores - 01/07/2026 00:00:00 até 22/09/2026 23:59:59 - NF: Todos,M1503-1,SALGADINHO FOFURA REQUEIJAO 60G,FOFURA,42,Todos
Todos Vendedores - 01/07/2026 00:00:00 até 22/09/2026 23:59:59 - NF: Todos,M1504-1,SALGADINHO FOFURA QUEIJO 60G,FOFURA,31,Todos
Todos Vendedores - 01/07/2026 00:00:00 até 22/09/2026 23:59:59 - NF: Todos,M283-1,SALGADINHO FOFURA 60G PRESUNTO,FOFURA,40,Todos
Todos Vendedores - 01/07/2026 00:00:00 até 22/09/2026 23:59:59 - NF: Todos,M32-1,SALGADINHO FOFURA 60G CHURRASCO,FOFURA,52,Todos
Todos Vendedores - 01/07/2026 00:00:00 até 22/09/2026 23:59:59 - NF: Todos,M31-1,SALGADINHO FOFURA 60G CEBOLA,FOFURA,40,Todos
Todos Vendedores - 01/07/2026 00:00:00 até 22/09/2026 23:59:59 - NF: Todos,M970-1,SALAME SUINO NOBRE,NOBRE,1,Todos
Todos Vendedores - 01/07/2026 00:00:00 até 22/09/2026 23:59:59 - NF: Todos,M969-1,SALAME NOBRE,NOBRE,1,Todos
Todos Vendedores - 01/07/2026 00:00:00 até 22/09/2026 23:59:59 - NF: Todos,7894904555659,SALAME ITALIANO FATIADO SEARA GOURME,SEARA,68,Todos
Todos Vendedores - 01/07/2026 00:00:00 até 22/09/2026 23:59:59 - NF: Todos,7893000124912,SALAME ITALIANO,SADIA,10,Todos
Todos Vendedores - 01/07/2026 00:00:00 até 22/09/2026 23:59:59 - NF: Todos,006090,SALAME,.,2,Todos
Todos Vendedores - 01/07/2026 00:00:00 até 22/09/2026 23:59:59 - NF: Todos,M2670-1,SAL ROSA DO HIMALAIA FINO IODADO POUCH 250G - 01UNX250G - 44590,.,1,Todos
Todos Vendedores - 01/07/2026 00:00:00 até 22/09/2026 23:59:59 - NF: Todos,M2669-1,SAL PARRILLA BR SPICES CLASSICO 500G,.,1,Todos
Todos Vendedores - 01/07/2026 00:00:00 até 22/09/2026 23:59:59 - NF: Todos,M2668-1,SAL MARINHO FINO INTEGRAL POUCH 500G - 01UNX500G - 44781,.,1,Todos
Todos Vendedores - 01/07/2026 00:00:00 até 22/09/2026 23:59:59 - NF: Todos,M10-1,SAL LEBRE 1KG REFINADO,Lebre,54,Todos
Todos Vendedores - 01/07/2026 00:00:00 até 22/09/2026 23:59:59 - NF: Todos,M214-1,SAL LEBRE 1KG GROSSO PARA CHURRASCO,Lebre,48,Todos
Todos Vendedores - 01/07/2026 00:00:00 até 22/09/2026 23:59:59 - NF: Todos,M640-1,SAL GROSSO TRADICIONAL 500G,.,12,Todos
Todos Vendedores - 01/07/2026 00:00:00 até 22/09/2026 23:59:59 - NF: Todos,M639-1,SAL GROSSO TEMPERADO 500G,.,12,Todos
Todos Vendedores - 01/07/2026 00:00:00 até 22/09/2026 23:59:59 - NF: Todos,M635-1,SAL GROSSO COM ERVAS FINAS 500G,.,11,Todos
Todos Vendedores - 01/07/2026 00:00:00 até 22/09/2026 23:59:59 - NF: Todos,M636-1,SAL GROSSO COM CHIMICHURRI 500G,.,11,Todos
Todos Vendedores - 01/07/2026 00:00:00 até 22/09/2026 23:59:59 - NF: Todos,M637-1,SAL GROSSO COM ALHO 500G,.,9,Todos
Todos Vendedores - 01/07/2026 00:00:00 até 22/09/2026 23:59:59 - NF: Todos,M2837-1,SAL DE PARRILLA LEMON PEPPER 240g,ALCIMO ,1,Todos
Todos Vendedores - 01/07/2026 00:00:00 até 22/09/2026 23:59:59 - NF: Todos,M579-1,SAL DE PARRILHA PIMENTA CALABRESA ALEMAO,.,5,Todos
Todos Vendedores - 01/07/2026 00:00:00 até 22/09/2026 23:59:59 - NF: Todos,M577-1,SAL DE PARRILHA COM ALHO,.,2,Todos
Todos Vendedores - 01/07/2026 00:00:00 até 22/09/2026 23:59:59 - NF: Todos,M576-1,SAL DE PARRILHA CHIMICHURRI ALEMAO,.,3,Todos
Todos Vendedores - 01/07/2026 00:00:00 até 22/09/2026 23:59:59 - NF: Todos,M1214-1,SACO LIXO PRETAO 59X62CM - 30L - 10UND,PRETAO,2,Todos
Todos Vendedores - 01/07/2026 00:00:00 até 22/09/2026 23:59:59 - NF: Todos,M2463-1,SACO LIXO PRETAO 50L COM 10,SACO,14,Todos
Todos Vendedores - 01/07/2026 00:00:00 até 22/09/2026 23:59:59 - NF: Todos,M1215-1,SACO LIXO PRETAO 39X58CM - 15L - 20UND,PRETAO,2,Todos
Todos Vendedores - 01/07/2026 00:00:00 até 22/09/2026 23:59:59 - NF: Todos,M274-1,SACO LIXO LEVA LIXO 30L PRETO COM 10,LEVA LIXO,2,Todos
Todos Vendedores - 01/07/2026 00:00:00 até 22/09/2026 23:59:59 - NF: Todos,M273-1,SACO LIXO LEVA LIXO 100L PRETO COM 5,LEVA LIXO,1,Todos
Todos Vendedores - 01/07/2026 00:00:00 até 22/09/2026 23:59:59 - NF: Todos,7891150059856,SABONETE LUX FLOR DE VERBENA,LUX,3,Todos
Todos Vendedores - 01/07/2026 00:00:00 até 22/09/2026 23:59:59 - NF: Todos,M1319-1,SABONETE LUX 85G ORQUIDEA NEGRA,LUX,33,Todos
Todos Vendedores - 01/07/2026 00:00:00 até 22/09/2026 23:59:59 - NF: Todos,M2749-1,SABONETE LUX 85G LIRIO AZUL,LUX,7,Todos
Todos Vendedores - 01/07/2026 00:00:00 até 22/09/2026 23:59:59 - NF: Todos,M313-1,SABONETE LUX 85G LAVANDA,LUX,20,Todos
Todos Vendedores - 01/07/2026 00:00:00 até 22/09/2026 23:59:59 - NF: Todos,M312-1,SABONETE LUX 85G FLOR LOTUS,LUX,15,Todos
Todos Vendedores - 01/07/2026 00:00:00 até 22/09/2026 23:59:59 - NF: Todos,M311-1,SABONETE LUX 85G BUQUE JASMIN,LUX,19,Todos
Todos Vendedores - 01/07/2026 00:00:00 até 22/09/2026 23:59:59 - NF: Todos,7891176117479,SABONETE FRUTAS VERMELHA 85G,FRANCIS,10,Todos
Todos Vendedores - 01/07/2026 00:00:00 até 22/09/2026 23:59:59 - NF: Todos,M2312-1,SABONETE FRANCIS 85G INTENSO LILAS,FRANCIS,2,Todos
Todos Vendedores - 01/07/2026 00:00:00 até 22/09/2026 23:59:59 - NF: Todos,M1523-1,SABONETE FRANCIS 85G INTENSO AZUL,FRANCIS,16,Todos
Todos Vendedores - 01/07/2026 00:00:00 até 22/09/2026 23:59:59 - NF: Todos,M310-1,SABONETE DOVE 90G - BRANCO ORIGINAL,DOVE,21,Todos
Todos Vendedores - 01/07/2026 00:00:00 até 22/09/2026 23:59:59 - NF: Todos,M688-1,SABONETE 85G ORQUIDEA NEGRA,LUX,3,Todos
Todos Vendedores - 01/07/2026 00:00:00 até 22/09/2026 23:59:59 - NF: Todos,M687-1,SABONETE 85G BUQUE JASMIM,LUX,4,Todos
Todos Vendedores - 01/07/2026 00:00:00 até 22/09/2026 23:59:59 - NF: Todos,M668-1,SABON INTENSO BRANCO 85G,FRANCIS,29,Todos
Todos Vendedores - 01/07/2026 00:00:00 até 22/09/2026 23:59:59 - NF: Todos,M2631-1,SABON FRANCIS 90G CLASS ROSA CEREJEIRA,FRANCIS,13,Todos
Todos Vendedores - 01/07/2026 00:00:00 até 22/09/2026 23:59:59 - NF: Todos,M248-1,SABON FRANCIS 90G CLASS BRANCO,FRANCIS,13,Todos
Todos Vendedores - 01/07/2026 00:00:00 até 22/09/2026 23:59:59 - NF: Todos,M2475-1,SABON ALBANY GELATO PISTACHE 80g,ALABANY,6,Todos
Todos Vendedores - 01/07/2026 00:00:00 até 22/09/2026 23:59:59 - NF: Todos,M2476-1,SABON ALBANY GELATO MELANCIA 80G,ALBANY,6,Todos
Todos Vendedores - 01/07/2026 00:00:00 até 22/09/2026 23:59:59 - NF: Todos,M608-1,SABAO PO TIXAN 800G PRIMAVERA VERAO,TIXAN,46,Todos
Todos Vendedores - 01/07/2026 00:00:00 até 22/09/2026 23:59:59 - NF: Todos,M2646-1,SABAO PO OMO 800G CX,OMO,5,Todos
Todos Vendedores - 01/07/2026 00:00:00 até 22/09/2026 23:59:59 - NF: Todos,7908324402681,SABAO PO ASSIM 800G CX TRIPLACAO BICARBO,POEME,16,Todos
Todos Vendedores - 01/07/2026 00:00:00 até 22/09/2026 23:59:59 - NF: Todos,M262-1,SABAO PED YPE 160G NEUTRO UNITARIO,Ype,85,Todos
Todos Vendedores - 01/07/2026 00:00:00 até 22/09/2026 23:59:59 - NF: Todos,M1221-1,SABAO EM PO TIXAN 400G,TIXAN,15,Todos
Todos Vendedores - 01/07/2026 00:00:00 até 22/09/2026 23:59:59 - NF: Todos,M1314-1,SABAO EM PÓ SURF 5 EM 1 800G,SURF,18,Todos
Todos Vendedores - 01/07/2026 00:00:00 até 22/09/2026 23:59:59 - NF: Todos,M746-1,SABAO DE COCO 200G,INDAIA,2,Todos
Todos Vendedores - 01/07/2026 00:00:00 até 22/09/2026 23:59:59 - NF: Todos,M1038-1,RUFFLES SAL 68G,PEPSICO,20,Todos
Todos Vendedores - 01/07/2026 00:00:00 até 22/09/2026 23:59:59 - NF: Todos,M1985-1,RUFFLES SAL 32G,ruffles,3,Todos
Todos Vendedores - 01/07/2026 00:00:00 até 22/09/2026 23:59:59 - NF: Todos,M1033-1,RUFFLES SAL 115G,PEPSICO,12,Todos
Todos Vendedores - 01/07/2026 00:00:00 até 22/09/2026 23:59:59 - NF: Todos,M1040-1,RUFFLES CHURRASCO 68G,PEPSICO,12,Todos
Todos Vendedores - 01/07/2026 00:00:00 até 22/09/2026 23:59:59 - NF: Todos,M1659-1,RUFFLES CHURRASCO 115G,PEPSICO,6,Todos
Todos Vendedores - 01/07/2026 00:00:00 até 22/09/2026 23:59:59 - NF: Todos,M1822-1,RUFFLES CEBOLA E SALSA 32G,ruffles,1,Todos
Todos Vendedores - 01/07/2026 00:00:00 até 22/09/2026 23:59:59 - NF: Todos,M1658-1,RUFFLES CEBOLA E SALSA 115G,PEPSICO,5,Todos
Todos Vendedores - 01/07/2026 00:00:00 até 22/09/2026 23:59:59 - NF: Todos,M1039-1,RUFFLES CEB E SALSA 68G,PEPSICO,22,Todos
Todos Vendedores - 01/07/2026 00:00:00 até 22/09/2026 23:59:59 - NF: Todos,M1984-1,RUFFLES CEB E SALSA 32G,ruffles,7,Todos
Todos Vendedores - 01/07/2026 00:00:00 até 22/09/2026 23:59:59 - NF: Todos,071,RUCULA,.,47,Todos
Todos Vendedores - 01/07/2026 00:00:00 até 22/09/2026 23:59:59 - NF: Todos,M758-1,ROLO PVC FILM 15M,BRICOFLEX,9,Todos
Todos Vendedores - 01/07/2026 00:00:00 até 22/09/2026 23:59:59 - NF: Todos,M271-1,RODO VAI VEM NOVICA 39CM PLUS,NOVICA,1,Todos
Todos Vendedores - 01/07/2026 00:00:00 até 22/09/2026 23:59:59 - NF: Todos,7898221760017,RODO LAVA VIDRO,CLAMINA,2,Todos
Todos Vendedores - 01/07/2026 00:00:00 até 22/09/2026 23:59:59 - NF: Todos,M2468-1,RODO LAVA PISO,CLAMINA,4,Todos
Todos Vendedores - 01/07/2026 00:00:00 até 22/09/2026 23:59:59 - NF: Todos,7896615000541,RODO CLAMINA,CLAMINA,4,Todos
Todos Vendedores - 01/07/2026 00:00:00 até 22/09/2026 23:59:59 - NF: Todos,M2180-1,REXONA XTRACOOL VINI JR 89G,REXONA,3,Todos
Todos Vendedores - 01/07/2026 00:00:00 até 22/09/2026 23:59:59 - NF: Todos,M1681-1,REXONA POWDER DRY 50ML,REXONA,3,Todos
Todos Vendedores - 01/07/2026 00:00:00 até 22/09/2026 23:59:59 - NF: Todos,M2150-1,REXONA POWDER DRY 150ML,REXONA,4,Todos
Todos Vendedores - 01/07/2026 00:00:00 até 22/09/2026 23:59:59 - NF: Todos,M2179-1,REXONA COTTON DRY 72H,REXONA,1,Todos
Todos Vendedores - 01/07/2026 00:00:00 até 22/09/2026 23:59:59 - NF: Todos,7791293032467,REXONA COTTON DRY  150ML,REXONA,4,Todos
Todos Vendedores - 01/07/2026 00:00:00 até 22/09/2026 23:59:59 - NF: Todos,78929395,REXONA CONTROLE INTELIGENTE 50ML,REXONA,3,Todos
Todos Vendedores - 01/07/2026 00:00:00 até 22/09/2026 23:59:59 - NF: Todos,M2149-1,REXONA BAMBOO FIFA 150ML,REXONA,2,Todos
Todos Vendedores - 01/07/2026 00:00:00 até 22/09/2026 23:59:59 - NF: Todos,M1682-1,REXONA ACTIVE EMOTION 150ML,REXONA,6,Todos
Todos Vendedores - 01/07/2026 00:00:00 até 22/09/2026 23:59:59 - NF: Todos,M957-1,REQUEIJAO TRADICIONAL TIROLEZ 200GR,TIROLEZ,68,Todos
Todos Vendedores - 01/07/2026 00:00:00 até 22/09/2026 23:59:59 - NF: Todos,7891999144485,REQUEIJAO CREMOSO TRADICIONAL VIGOR  200G,VIGOR,22,Todos
Todos Vendedores - 01/07/2026 00:00:00 até 22/09/2026 23:59:59 - NF: Todos,M591-1,REQUEIJÃO CREMOSO CRIOULO 220G,.,18,Todos
Todos Vendedores - 01/07/2026 00:00:00 até 22/09/2026 23:59:59 - NF: Todos,M766-1,REQUEIJAO CREMOSO COM QUEIJOS 200G,QUALY,2,Todos
Todos Vendedores - 01/07/2026 00:00:00 até 22/09/2026 23:59:59 - NF: Todos,7891164027377,REQUEIJAO CREMOSO COM QUEIJO AURORA  200G,AURORA,2,Todos
Todos Vendedores - 01/07/2026 00:00:00 até 22/09/2026 23:59:59 - NF: Todos,7898135810327,REQUEIJAO CREMOSO BANDEIRA 400G,BANDEIRA ,12,Todos
Todos Vendedores - 01/07/2026 00:00:00 até 22/09/2026 23:59:59 - NF: Todos,7898005652545,REQUEIJAO CREMOSO 200G,RITA ,5,Todos
Todos Vendedores - 01/07/2026 00:00:00 até 22/09/2026 23:59:59 - NF: Todos,000170,REPOLHO,.,56,Todos
Todos Vendedores - 01/07/2026 00:00:00 até 22/09/2026 23:59:59 - NF: Todos,7896524700808,REMOVEDOR MULTIUSO FLORATA 500ML,SUPREMA,5,Todos
Todos Vendedores - 01/07/2026 00:00:00 até 22/09/2026 23:59:59 - NF: Todos,M253-1,REMOVEDOR ESMALTE FARMAX 80ML COM ACETONA,FARMAX,1,Todos
Todos Vendedores - 01/07/2026 00:00:00 até 22/09/2026 23:59:59 - NF: Todos,M1012-1,REMOVEDOR 6EM1 MULTIUSO VERBENA 500ML,SUPREMA,13,Todos
Todos Vendedores - 01/07/2026 00:00:00 até 22/09/2026 23:59:59 - NF: Todos,M927-1,REMOVEDOR 6EM1 MULTIUSO TRADICIONAL 500ML,SUPREMA,7,Todos
Todos Vendedores - 01/07/2026 00:00:00 até 22/09/2026 23:59:59 - NF: Todos,M1651-1,REMOVED ESM 100ML C/ACETONA,FARMAX,10,Todos
Todos Vendedores - 01/07/2026 00:00:00 até 22/09/2026 23:59:59 - NF: Todos,7896087702202,REFRIGERANTE TURBAINA ZERO FERRASPARI 2L,Ferraspari,28,Todos
Todos Vendedores - 01/07/2026 00:00:00 até 22/09/2026 23:59:59 - NF: Todos,M2517-1,REFRIGERANTE TURBAINA FERRASPARI 500ML,Ferraspari,1,Todos
Todos Vendedores - 01/07/2026 00:00:00 até 22/09/2026 23:59:59 - NF: Todos,7896087702752,REFRIGERANTE TURBAINA 500ML,Ferraspari,30,Todos
Todos Vendedores - 01/07/2026 00:00:00 até 22/09/2026 23:59:59 - NF: Todos,M4-1,REFRIGERANTE TURBAINA  FERRASPARI 350ML,Ferraspari,49,Todos
Todos Vendedores - 01/07/2026 00:00:00 até 22/09/2026 23:59:59 - NF: Todos,M1418-1,REFRIGERANTE SPRITE 350ML,sprite,4,Todos
Todos Vendedores - 01/07/2026 00:00:00 até 22/09/2026 23:59:59 - NF: Todos,7896087706712,REFRIGERANTE LIMONE ZERO 500ML,Ferraspari,15,Todos
Todos Vendedores - 01/07/2026 00:00:00 até 22/09/2026 23:59:59 - NF: Todos,7896087706705,REFRIGERANTE LIMAO ZERO 500ML,Ferraspari,12,Todos
Todos Vendedores - 01/07/2026 00:00:00 até 22/09/2026 23:59:59 - NF: Todos,M1887-1,REFRIGERANTE LARANJA FERRASPARI 2L,Ferraspari,17,Todos
Todos Vendedores - 01/07/2026 00:00:00 até 22/09/2026 23:59:59 - NF: Todos,M45-1,REFRIGERANTE ABACAXI FERRASPARI 2L,Ferraspari,2,Todos
Todos Vendedores - 01/07/2026 00:00:00 até 22/09/2026 23:59:59 - NF: Todos,7896087700802,REFRI TURBAINA  FERRASPARI 2L,Ferraspari,175,Todos
Todos Vendedores - 01/07/2026 00:00:00 até 22/09/2026 23:59:59 - NF: Todos,M115-1,REFRESCO TANG 18G UVA,TANG,63,Todos
Todos Vendedores - 01/07/2026 00:00:00 até 22/09/2026 23:59:59 - NF: Todos,M114-1,REFRESCO TANG 18G TANGERINA,TANG,38,Todos
Todos Vendedores - 01/07/2026 00:00:00 até 22/09/2026 23:59:59 - NF: Todos,M113-1,REFRESCO TANG 18G MORANGO,TANG,31,Todos
Todos Vendedores - 01/07/2026 00:00:00 até 22/09/2026 23:59:59 - NF: Todos,M112-1,REFRESCO TANG 18G MARACUJA,TANG,84,Todos
Todos Vendedores - 01/07/2026 00:00:00 até 22/09/2026 23:59:59 - NF: Todos,M111-1,REFRESCO TANG 18G MANGA,TANG,48,Todos
Todos Vendedores - 01/07/2026 00:00:00 até 22/09/2026 23:59:59 - NF: Todos,M110-1,REFRESCO TANG 18G LIMAO,TANG,68,Todos
Todos Vendedores - 01/07/2026 00:00:00 até 22/09/2026 23:59:59 - NF: Todos,M108-1,REFRESCO TANG 18G LARANJA DOCINHA,TANG,52,Todos
Todos Vendedores - 01/07/2026 00:00:00 até 22/09/2026 23:59:59 - NF: Todos,M109-1,REFRESCO TANG 18G LARANJA / MAMAO,TANG,34,Todos
Todos Vendedores - 01/07/2026 00:00:00 até 22/09/2026 23:59:59 - NF: Todos,M107-1,REFRESCO TANG 18G LARANJA,TANG,93,Todos
Todos Vendedores - 01/07/2026 00:00:00 até 22/09/2026 23:59:59 - NF: Todos,M2479-1,REFRESCO TANG 18G JOIA DA ILHA,TANG,4,Todos
Todos Vendedores - 01/07/2026 00:00:00 até 22/09/2026 23:59:59 - NF: Todos,M106-1,REFRESCO TANG 18G GUARANA,TANG,17,Todos
Todos Vendedores - 01/07/2026 00:00:00 até 22/09/2026 23:59:59 - NF: Todos,M105-1,REFRESCO TANG 18G GOIABA,TANG,23,Todos
Todos Vendedores - 01/07/2026 00:00:00 até 22/09/2026 23:59:59 - NF: Todos,M103-1,REFRESCO TANG 18G ABACAXI,TANG,56,Todos
Todos Vendedores - 01/07/2026 00:00:00 até 22/09/2026 23:59:59 - NF: Todos,M903-1,REDBULL ENERGY DRINK 250ML,REDBULL,32,Todos
Todos Vendedores - 01/07/2026 00:00:00 até 22/09/2026 23:59:59 - NF: Todos,M2590-1,RED BULL SUGAR FREE AMORA LATA 250ML,REDBULL,1,Todos
Todos Vendedores - 01/07/2026 00:00:00 até 22/09/2026 23:59:59 - NF: Todos,9002490247379,RED BULL MELANCIA 250ML,RED BULL,6,Todos
Todos Vendedores - 01/07/2026 00:00:00 até 22/09/2026 23:59:59 - NF: Todos,M2564-1,RED BULL FRUTAS VERMELHA 250 ML,RED BULL,3,Todos
Todos Vendedores - 01/07/2026 00:00:00 até 22/09/2026 23:59:59 - NF: Todos,M1417-1,RED BULL 250ML,RED BULL,1,Todos
Todos Vendedores - 01/07/2026 00:00:00 até 22/09/2026 23:59:59 - NF: Todos,M1735-1,RED BULL 250ML,RED BULL,9,Todos
Todos Vendedores - 01/07/2026 00:00:00 até 22/09/2026 23:59:59 - NF: Todos,M2563-1,RE BULL SUGARFREE 250ML,RED BULL,4,Todos
Todos Vendedores - 01/07/2026 00:00:00 até 22/09/2026 23:59:59 - NF: Todos,7908228806219,RATO 80G,FINI,29,Todos
Todos Vendedores - 01/07/2026 00:00:00 até 22/09/2026 23:59:59 - NF: Todos,M1724-1,RAP10 ORIGINAL,RAP10,7,Todos
Todos Vendedores - 01/07/2026 00:00:00 até 22/09/2026 23:59:59 - NF: Todos,M1723-1,RAP10 INTEGRAL 297G,RAP10,1,Todos
Todos Vendedores - 01/07/2026 00:00:00 até 22/09/2026 23:59:59 - NF: Todos,M1722-1,RAP10 FIT 297G,RAP10,6,Todos
Todos Vendedores - 01/07/2026 00:00:00 até 22/09/2026 23:59:59 - NF: Todos,M2720-1,RADICAL NAPOLITANO 150G,JUNDIA,2,Todos
Todos Vendedores - 01/07/2026 00:00:00 até 22/09/2026 23:59:59 - NF: Todos,M2719-1,RADICAL FLOCOS 150G,JUNDIA,8,Todos
Todos Vendedores - 01/07/2026 00:00:00 até 22/09/2026 23:59:59 - NF: Todos,001010,RACAO GATO,.,"114,51",Todos
Todos Vendedores - 01/07/2026 00:00:00 até 22/09/2026 23:59:59 - NF: Todos,001020,RACAO CACHORRO,.,"131,24",Todos
Todos Vendedores - 01/07/2026 00:00:00 até 22/09/2026 23:59:59 - NF: Todos,000140,RABO SUINO SALGADO,.,"34,83",Todos
Todos Vendedores - 01/07/2026 00:00:00 até 22/09/2026 23:59:59 - NF: Todos,000042,RABO BOVINO,.,"64,734",Todos
Todos Vendedores - 01/07/2026 00:00:00 até 22/09/2026 23:59:59 - NF: Todos,M675-1,QUEIJO RALADO PARMETTO 40G,MATILAT ,1,Todos
Todos Vendedores - 01/07/2026 00:00:00 até 22/09/2026 23:59:59 - NF: Todos,M2416-1,QUEIJO RALADO MOCOCA 40g,MOCOCA,87,Todos
Todos Vendedores - 01/07/2026 00:00:00 até 22/09/2026 23:59:59 - NF: Todos,M2451-1,QUEIJO RALADO ITALAC 40G,Italac,15,Todos
Todos Vendedores - 01/07/2026 00:00:00 até 22/09/2026 23:59:59 - NF: Todos,7896077650377,QUEIJO RALADO CRIOULO 40G,CRIOULO,37,Todos
Todos Vendedores - 01/07/2026 00:00:00 até 22/09/2026 23:59:59 - NF: Todos,M2115-1,QUEIJO MUSSARELA,FENIX FOODS,1,Todos
Todos Vendedores - 01/07/2026 00:00:00 até 22/09/2026 23:59:59 - NF: Todos,001002,QUEIJO MEIA CURA,.,"128,218",Todos
Todos Vendedores - 01/07/2026 00:00:00 até 22/09/2026 23:59:59 - NF: Todos,001000,QUEIJO FRESCO G,.,303,Todos
Todos Vendedores - 01/07/2026 00:00:00 até 22/09/2026 23:59:59 - NF: Todos,M1107-1,QUEIJO COALHO QUERO QUERO,QUERO QUERO,1,Todos
Todos Vendedores - 01/07/2026 00:00:00 até 22/09/2026 23:59:59 - NF: Todos,M2556-1,QUEIJO COALHO LIRA,LIRA ,2,Todos
Todos Vendedores - 01/07/2026 00:00:00 até 22/09/2026 23:59:59 - NF: Todos,M586-1,QUEIJO COALHO ESPETO FORMOSA,.,25,Todos
Todos Vendedores - 01/07/2026 00:00:00 até 22/09/2026 23:59:59 - NF: Todos,7898186910014,QUEIJO COALHO ESPETO,LIRA ,24,Todos
Todos Vendedores - 01/07/2026 00:00:00 até 22/09/2026 23:59:59 - NF: Todos,M1572-1,QUEIJO COALHO CRIOULO,CRIOULO,39,Todos
Todos Vendedores - 01/07/2026 00:00:00 até 22/09/2026 23:59:59 - NF: Todos,088850,QUEIJO CANASTRA,CANASTRA,65,Todos
Todos Vendedores - 01/07/2026 00:00:00 até 22/09/2026 23:59:59 - NF: Todos,M430-1,PURURUCA 50G,TOPFRITAS,40,Todos
Todos Vendedores - 01/07/2026 00:00:00 até 22/09/2026 23:59:59 - NF: Todos,000080,PRESUNTO,.,"54,716",Todos
Todos Vendedores - 01/07/2026 00:00:00 até 22/09/2026 23:59:59 - NF: Todos,M1147-1,PRESTIGIO 33G,NESTLE,87,Todos
Todos Vendedores - 01/07/2026 00:00:00 até 22/09/2026 23:59:59 - NF: Todos,M750-1,PRENDEDORES DE ROUPAS 12UND MADEIRA,PARANA,26,Todos
Todos Vendedores - 01/07/2026 00:00:00 até 22/09/2026 23:59:59 - NF: Todos,M1004-1,PRATOS PLASTICOS 21CM 10UND VITALFORM,VITALFORM,5,Todos
Todos Vendedores - 01/07/2026 00:00:00 até 22/09/2026 23:59:59 - NF: Todos,M2453-1,PRATO PLASTICO COPOMAIS 18CM,COPOMAIS ,10,Todos
Todos Vendedores - 01/07/2026 00:00:00 até 22/09/2026 23:59:59 - NF: Todos,M624-1,PRATO DESCARTAVEL PLASTICO 15 UNIDADES,.,11,Todos
Todos Vendedores - 01/07/2026 00:00:00 até 22/09/2026 23:59:59 - NF: Todos,M1592-1,PRATO DESCARTAVEIS 21CM,FAÇA FACIL FUN!,4,Todos
Todos Vendedores - 01/07/2026 00:00:00 até 22/09/2026 23:59:59 - NF: Todos,7894900509809,POWERADE CONTRA ATAQUE 500ML,POWER,5,Todos
Todos Vendedores - 01/07/2026 00:00:00 até 22/09/2026 23:59:59 - NF: Todos,M1664-1,POWER ADE SABOR LIMÃO 500ML,power ade ,3,Todos
Todos Vendedores - 01/07/2026 00:00:00 até 22/09/2026 23:59:59 - NF: Todos,M1665-1,POWER ADE MIX DE FRUTAS 500ML,power ade ,4,Todos
Todos Vendedores - 01/07/2026 00:00:00 até 22/09/2026 23:59:59 - NF: Todos,M2715-1,POTE MILHO VERDE 2L,JUNDIA,2,Todos
Todos Vendedores - 01/07/2026 00:00:00 até 22/09/2026 23:59:59 - NF: Todos,002000,POTE DE BANHA 450G,.,1,Todos
Todos Vendedores - 01/07/2026 00:00:00 até 22/09/2026 23:59:59 - NF: Todos,M2675-1,POM POM COND. CAMOMILA 200ML,POMPOM,1,Todos
Todos Vendedores - 01/07/2026 00:00:00 até 22/09/2026 23:59:59 - NF: Todos,7908228805120,POLVO 80G,FINI,1,Todos
Todos Vendedores - 01/07/2026 00:00:00 até 22/09/2026 23:59:59 - NF: Todos,M999-1,POLVILHO DOCE,AMAFIL,2,Todos
Todos Vendedores - 01/07/2026 00:00:00 até 22/09/2026 23:59:59 - NF: Todos,M772-1,POLVILHO AZEDO 500G,AMAFIL,5,Todos
Todos Vendedores - 01/07/2026 00:00:00 até 22/09/2026 23:59:59 - NF: Todos,7898208483731,POLENTA PALITO TRADICIONAL 1KG,CANÇÃO,7,Todos
Todos Vendedores - 01/07/2026 00:00:00 até 22/09/2026 23:59:59 - NF: Todos,M921-1,PO ROYAL 100G,ROYAL,41,Todos
Todos Vendedores - 01/07/2026 00:00:00 até 22/09/2026 23:59:59 - NF: Todos,M1668-1,PITU LIMAO 350ML,PITU,7,Todos
Todos Vendedores - 01/07/2026 00:00:00 até 22/09/2026 23:59:59 - NF: Todos,M1176-1,PITU 350ML,PITU,60,Todos
Todos Vendedores - 01/07/2026 00:00:00 até 22/09/2026 23:59:59 - NF: Todos,M2634-1,PIRULITO BIG BIG,BIG BIG,1,Todos
Todos Vendedores - 01/07/2026 00:00:00 até 22/09/2026 23:59:59 - NF: Todos,M1262-1,PIPOCA VOVOZINHA MEDIA,.,12,Todos
Todos Vendedores - 01/07/2026 00:00:00 até 22/09/2026 23:59:59 - NF: Todos,M1515-1,PIPOCA SALGADA 40G, SMAC,15,Todos
Todos Vendedores - 01/07/2026 00:00:00 até 22/09/2026 23:59:59 - NF: Todos,M1263-1,PIPOCA NHAC SALGADA 60G,.,15,Todos
Todos Vendedores - 01/07/2026 00:00:00 até 22/09/2026 23:59:59 - NF: Todos,M2079-1,PIPOCA MILHO YOKI 400G PREMIUM,YOKI,34,Todos
Todos Vendedores - 01/07/2026 00:00:00 até 22/09/2026 23:59:59 - NF: Todos,M208-1,PIPOCA MICRO YOKI 100G NATURAL C/SAL,YOKI,12,Todos
Todos Vendedores - 01/07/2026 00:00:00 até 22/09/2026 23:59:59 - NF: Todos,M2539-1,PIPOCA MICRO YOKI 100G NATURAL,YOKI,5,Todos
Todos Vendedores - 01/07/2026 00:00:00 até 22/09/2026 23:59:59 - NF: Todos,7898901584001,PIPOCA DOCE PULITO,PULITO ,20,Todos
Todos Vendedores - 01/07/2026 00:00:00 até 22/09/2026 23:59:59 - NF: Todos,7896002302135,PINGUINOS CHOCOLATE 80G,BIMBO,2,Todos
Todos Vendedores - 01/07/2026 00:00:00 até 22/09/2026 23:59:59 - NF: Todos,7896002369787,PINGUINOS 80G,BIMBO,7,Todos
Todos Vendedores - 01/07/2026 00:00:00 até 22/09/2026 23:59:59 - NF: Todos,000168,PIMENTAO,.,"40,4",Todos
Todos Vendedores - 01/07/2026 00:00:00 até 22/09/2026 23:59:59 - NF: Todos,M832-1,PIMENTA MALAGUETA 90G,CONDINEW,1,Todos
Todos Vendedores - 01/07/2026 00:00:00 até 22/09/2026 23:59:59 - NF: Todos,M813-1,PIMENTA DO REINO PICANTE 40G,.,13,Todos
Todos Vendedores - 01/07/2026 00:00:00 até 22/09/2026 23:59:59 - NF: Todos,M793-1,PIMENTA DO REINO MOIDA 20G,CONDINEW,18,Todos
Todos Vendedores - 01/07/2026 00:00:00 até 22/09/2026 23:59:59 - NF: Todos,M922-1,PIMENTA DA ROÇA TEMPERO COMPLETO COM ERVAS FINAS 180G,PIMENTA DA ROÇA,4,Todos
Todos Vendedores - 01/07/2026 00:00:00 até 22/09/2026 23:59:59 - NF: Todos,M826-1,PIMENTA CUMARI VERDE 50G,CONDINEW,6,Todos
Todos Vendedores - 01/07/2026 00:00:00 até 22/09/2026 23:59:59 - NF: Todos,M834-1,PIMENTA CUMARI DO PARA 90G,CONDINEW,2,Todos
Todos Vendedores - 01/07/2026 00:00:00 até 22/09/2026 23:59:59 - NF: Todos,M835-1,PIMENTA BIQUINHO 90G,CONDINEW,4,Todos
Todos Vendedores - 01/07/2026 00:00:00 até 22/09/2026 23:59:59 - NF: Todos,M671-1,PILHA PEQUENA C/4 AA,RAYOVAC ,40,Todos
Todos Vendedores - 01/07/2026 00:00:00 até 22/09/2026 23:59:59 - NF: Todos,M672-1,PILHA PALITO C/4 AAA,RAYOVAC ,35,Todos
Todos Vendedores - 01/07/2026 00:00:00 até 22/09/2026 23:59:59 - NF: Todos,7898036490215,PICOLE UVA  60G,JUNDIA,5,Todos
Todos Vendedores - 01/07/2026 00:00:00 até 22/09/2026 23:59:59 - NF: Todos,M2171-1,PICOLE SPLIC UVA 50G,JUNDIA,14,Todos
Todos Vendedores - 01/07/2026 00:00:00 até 22/09/2026 23:59:59 - NF: Todos,M2172-1,PICOLE SPLIC MORANGO 50G,JUNDIA,10,Todos
Todos Vendedores - 01/07/2026 00:00:00 até 22/09/2026 23:59:59 - NF: Todos,M2173-1,PICOLE MY LITTLE PONY 50G,JUNDIA,13,Todos
Todos Vendedores - 01/07/2026 00:00:00 até 22/09/2026 23:59:59 - NF: Todos,7898036490611,PICOLE MILHO VERDE 60G,JUNDIA,24,Todos
Todos Vendedores - 01/07/2026 00:00:00 até 22/09/2026 23:59:59 - NF: Todos,7898036490918,PICOLE COCO 60G,JUNDIA,23,Todos
Todos Vendedores - 01/07/2026 00:00:00 até 22/09/2026 23:59:59 - NF: Todos,M2169-1,PICOLE BOMBOM BRIGOLE 70G,JUNDIA,21,Todos
Todos Vendedores - 01/07/2026 00:00:00 até 22/09/2026 23:59:59 - NF: Todos,7898036490017,PICOLE ABACAXI 60G,JUNDIA,3,Todos
Todos Vendedores - 01/07/2026 00:00:00 até 22/09/2026 23:59:59 - NF: Todos,M2300-1,PICANHA KBG,KBG,"2,12",Todos
Todos Vendedores - 01/07/2026 00:00:00 até 22/09/2026 23:59:59 - NF: Todos,000045,PICANHA GRILL,FRIGORAÇA/KBG,"12,597",Todos
Todos Vendedores - 01/07/2026 00:00:00 até 22/09/2026 23:59:59 - NF: Todos,000040,PICANHA BOVINA,.,"79,286",Todos
Todos Vendedores - 01/07/2026 00:00:00 até 22/09/2026 23:59:59 - NF: Todos,000039,PICANHA BOV BASSI,SADIA,"7,668",Todos
Todos Vendedores - 01/07/2026 00:00:00 até 22/09/2026 23:59:59 - NF: Todos,M1772-1,PIC DUO MARACUJA E LIMÃO 60G,JUNDIA,14,Todos
Todos Vendedores - 01/07/2026 00:00:00 até 22/09/2026 23:59:59 - NF: Todos,M842-1,PETRA ORIGEM PURO MALTE 350 ML 12 UNIDADES,PETRA,3,Todos
Todos Vendedores - 01/07/2026 00:00:00 até 22/09/2026 23:59:59 - NF: Todos,7896481600029,PESSEGO CALDA GB 450G,CAMEL,7,Todos
Todos Vendedores - 01/07/2026 00:00:00 até 22/09/2026 23:59:59 - NF: Todos,000139,PERNIL SEM OSSO,.,"358,356",Todos
Todos Vendedores - 01/07/2026 00:00:00 até 22/09/2026 23:59:59 - NF: Todos,000147,PERNIL CUBOS OU BIFE,.,"56,118",Todos
Todos Vendedores - 01/07/2026 00:00:00 até 22/09/2026 23:59:59 - NF: Todos,000138,PERNIL COM OSSO,.,"324,522",Todos
Todos Vendedores - 01/07/2026 00:00:00 até 22/09/2026 23:59:59 - NF: Todos,000174,PERA,.,"7,22",Todos
Todos Vendedores - 01/07/2026 00:00:00 até 22/09/2026 23:59:59 - NF: Todos,M1027-1,PEPSI LATA 350ML,AMBEV,10,Todos
Todos Vendedores - 01/07/2026 00:00:00 até 22/09/2026 23:59:59 - NF: Todos,M1655-1,PEPSI BLACK LATA 350ML,PEPSI,8,Todos
Todos Vendedores - 01/07/2026 00:00:00 até 22/09/2026 23:59:59 - NF: Todos,M1106-1,PEPSI,PEPSI,6,Todos
Todos Vendedores - 01/07/2026 00:00:00 até 22/09/2026 23:59:59 - NF: Todos,001169,PEPINO,.,"1,64",Todos
Todos Vendedores - 01/07/2026 00:00:00 até 22/09/2026 23:59:59 - NF: Todos,000180,PEITO DE PERU,.,"1,774",Todos
Todos Vendedores - 01/07/2026 00:00:00 até 22/09/2026 23:59:59 - NF: Todos,000109,PEITO DE FRANGO SEM OSSO,.,"183,266",Todos
Todos Vendedores - 01/07/2026 00:00:00 até 22/09/2026 23:59:59 - NF: Todos,000108,PEITO DE FRANGO COM OSSO,.,"185,146",Todos
Todos Vendedores - 01/07/2026 00:00:00 até 22/09/2026 23:59:59 - NF: Todos,000038,PEITO BOVINO SEM OSSO,.,"195,758",Todos
Todos Vendedores - 01/07/2026 00:00:00 até 22/09/2026 23:59:59 - NF: Todos,000037,PEITO BOVINO COM OSSO,.,"49,961",Todos
Todos Vendedores - 01/07/2026 00:00:00 até 22/09/2026 23:59:59 - NF: Todos,M2763-1,PEDRA SANITARIA 25G,LIPEX,10,Todos
Todos Vendedores - 01/07/2026 00:00:00 até 22/09/2026 23:59:59 - NF: Todos,M2325-1,PEDRA SANITARIA,LIPEX,17,Todos
Todos Vendedores - 01/07/2026 00:00:00 até 22/09/2026 23:59:59 - NF: Todos,M1851-1,PEDIGRE CARNE 100G,PEDIGRE,25,Todos
Todos Vendedores - 01/07/2026 00:00:00 até 22/09/2026 23:59:59 - NF: Todos,000137,PE SUINO SALGADO,.,"58,171",Todos
Todos Vendedores - 01/07/2026 00:00:00 até 22/09/2026 23:59:59 - NF: Todos,000136,PE SUINO,.,"89,596",Todos
Todos Vendedores - 01/07/2026 00:00:00 até 22/09/2026 23:59:59 - NF: Todos,000148,PE DE PORCO,.,"5,395",Todos
Todos Vendedores - 01/07/2026 00:00:00 até 22/09/2026 23:59:59 - NF: Todos,000107,PE DE FRANGO,.,"74,42",Todos
Todos Vendedores - 01/07/2026 00:00:00 até 22/09/2026 23:59:59 - NF: Todos,M2350-1,PE CONGELADO,SANTA CECILIA,1,Todos
Todos Vendedores - 01/07/2026 00:00:00 até 22/09/2026 23:59:59 - NF: Todos,000036,PATINHO,.,"291,132",Todos
Todos Vendedores - 01/07/2026 00:00:00 até 22/09/2026 23:59:59 - NF: Todos,M631-1,PASTA ALHO E CEBOLA 200G,.,1,Todos
Todos Vendedores - 01/07/2026 00:00:00 até 22/09/2026 23:59:59 - NF: Todos,M634-1,PASTA ALHO CEBOLA ERVAS FINAS 200G,.,4,Todos
Todos Vendedores - 01/07/2026 00:00:00 até 22/09/2026 23:59:59 - NF: Todos,M632-1,PASTA ALHO CEBOLA CHIMICHURRI,.,12,Todos
Todos Vendedores - 01/07/2026 00:00:00 até 22/09/2026 23:59:59 - NF: Todos,M629-1,PASTA  ALHO E CEBOLA SALSA E CEBOLINHA 200G,.,14,Todos
Todos Vendedores - 01/07/2026 00:00:00 até 22/09/2026 23:59:59 - NF: Todos,M563-1,PARATUDO,.,20,Todos
Todos Vendedores - 01/07/2026 00:00:00 até 22/09/2026 23:59:59 - NF: Todos,M808-1,PAPRICA PICANTE 10G,CONDINEW,31,Todos
Todos Vendedores - 01/07/2026 00:00:00 até 22/09/2026 23:59:59 - NF: Todos,M799-1,PAPRICA DOCE 10G,CONDINEW,39,Todos
Todos Vendedores - 01/07/2026 00:00:00 até 22/09/2026 23:59:59 - NF: Todos,M809-1,PAPRICA DEFUMADA 10G,CONDINEW,76,Todos
Todos Vendedores - 01/07/2026 00:00:00 até 22/09/2026 23:59:59 - NF: Todos,7896914000716,PAPELOALHA SOCIAL CLEAN,CLEAN,1,Todos
Todos Vendedores - 01/07/2026 00:00:00 até 22/09/2026 23:59:59 - NF: Todos,M276-1,PAPEL TOALHA YURI FIT COM 2 BRANCO,YURI,76,Todos
Todos Vendedores - 01/07/2026 00:00:00 até 22/09/2026 23:59:59 - NF: Todos,7896061920202,PAPEL TOALHA KITCHEN,KITCHEN,2,Todos
Todos Vendedores - 01/07/2026 00:00:00 até 22/09/2026 23:59:59 - NF: Todos,M154-1,PAPEL HIGIENICO PALOMA COM 16,PALOMA,18,Todos
Todos Vendedores - 01/07/2026 00:00:00 até 22/09/2026 23:59:59 - NF: Todos,M2702-1,PAPEL HIGIENICO PALOMA COM 12,PALOMA,5,Todos
Todos Vendedores - 01/07/2026 00:00:00 até 22/09/2026 23:59:59 - NF: Todos,M28-1,PAPEL HIGIENICO PALOMA C/4 FL.DP 30MT,PALOMA,80,Todos
Todos Vendedores - 01/07/2026 00:00:00 até 22/09/2026 23:59:59 - NF: Todos,7896026801294,PAPEL HIGIENICO PALOMA C/12,PALOMA,19,Todos
Todos Vendedores - 01/07/2026 00:00:00 até 22/09/2026 23:59:59 - NF: Todos,7896026850148,PAPEL HIGIENICO DUETTO COM 4,BOM GOSTO ,46,Todos
Todos Vendedores - 01/07/2026 00:00:00 até 22/09/2026 23:59:59 - NF: Todos,M701-1,PAPEL HIGIENICO C/4 FL.SP 30MT NEUTRO,PALOMA,84,Todos
Todos Vendedores - 01/07/2026 00:00:00 até 22/09/2026 23:59:59 - NF: Todos,M169-1,PAPEL ALUMINIO BRICOFLEX 30X4MT,BRICOFLEX,1,Todos
Todos Vendedores - 01/07/2026 00:00:00 até 22/09/2026 23:59:59 - NF: Todos,M1614-1,PAPEL ALUMINIO 4 METROS,LIFE CLEAN,1,Todos
Todos Vendedores - 01/07/2026 00:00:00 até 22/09/2026 23:59:59 - NF: Todos,M1784-1,PAP ALUMINIO PARANA 30X4MT,PARANA,34,Todos
Todos Vendedores - 01/07/2026 00:00:00 até 22/09/2026 23:59:59 - NF: Todos,M407-1,PAO INTEGRAL480G PULLMAN,BIMBO,14,Todos
Todos Vendedores - 01/07/2026 00:00:00 até 22/09/2026 23:59:59 - NF: Todos,M2570-1,PÃO HOT DOG ORIGINAL200G,WICKBOLD,3,Todos
Todos Vendedores - 01/07/2026 00:00:00 até 22/09/2026 23:59:59 - NF: Todos,7896002304184,PAO HAMBURGUER BRIOCHE 520G,BIMBO,7,Todos
Todos Vendedores - 01/07/2026 00:00:00 até 22/09/2026 23:59:59 - NF: Todos,M2730-1,PAO FRUTAS 500G,BIMBO,1,Todos
Todos Vendedores - 01/07/2026 00:00:00 até 22/09/2026 23:59:59 - NF: Todos,000260,PAO FRANCES,.,"259,15",Todos
Todos Vendedores - 01/07/2026 00:00:00 até 22/09/2026 23:59:59 - NF: Todos,000401,pao frances,.,"8,62",Todos
Todos Vendedores - 01/07/2026 00:00:00 até 22/09/2026 23:59:59 - NF: Todos,7896002301633,PAO FORMA SEM CASCA TRADICIONAL 450G,PULLMAN,1,Todos
Todos Vendedores - 01/07/2026 00:00:00 até 22/09/2026 23:59:59 - NF: Todos,M1647-1,PAO DE QUEIJO TRADICIONAL CONGELADO 800 G,CANÇÃO,7,Todos
Todos Vendedores - 01/07/2026 00:00:00 até 22/09/2026 23:59:59 - NF: Todos,1234,PAO DE QUEIJO 300G,CANÇÃO,7,Todos
Todos Vendedores - 01/07/2026 00:00:00 até 22/09/2026 23:59:59 - NF: Todos,M2252-1,PÃO DE MILHO 450G,SEVENBOYS,3,Todos
Todos Vendedores - 01/07/2026 00:00:00 até 22/09/2026 23:59:59 - NF: Todos,M1508-1,PAO DE HAMBURGUE GERGELIM 420G,PULLMAN,3,Todos
Todos Vendedores - 01/07/2026 00:00:00 até 22/09/2026 23:59:59 - NF: Todos,M86-1,PAO DE FORMA TRADICIONAL VISCONTI 400G,VISCONTI,73,Todos
Todos Vendedores - 01/07/2026 00:00:00 até 22/09/2026 23:59:59 - NF: Todos,M84-1,PAO DE FORMA TRADICIONAL BAUDUCCO 390GR,BAUDUCCO,4,Todos
Todos Vendedores - 01/07/2026 00:00:00 até 22/09/2026 23:59:59 - NF: Todos,M2253-1,PÃO DE FORMA MAIS SEMENTES 350G,NUTRELLA,3,Todos
Todos Vendedores - 01/07/2026 00:00:00 até 22/09/2026 23:59:59 - NF: Todos,7896066301457,PÃO DE FORMA DO FORNO 100 FONTE DE FIBRAS 500G,WICK,3,Todos
Todos Vendedores - 01/07/2026 00:00:00 até 22/09/2026 23:59:59 - NF: Todos,7896002312677,PÃO DE FORMA COM PROTEINAS 370G,PULLMAN,3,Todos
Todos Vendedores - 01/07/2026 00:00:00 até 22/09/2026 23:59:59 - NF: Todos,7896002310246,PÃO DE FORMA COM AVEIA 350G,NUTRELLA,1,Todos
Todos Vendedores - 01/07/2026 00:00:00 até 22/09/2026 23:59:59 - NF: Todos,M2250-1,PÃO DE FORMA CASTANHA DO PARA E QUINOA 350G,NUTRELLA,2,Todos
Todos Vendedores - 01/07/2026 00:00:00 até 22/09/2026 23:59:59 - NF: Todos,M2260-1,PAO DE FORMA CASTANHA DO PARA E QUINOA 350G,WICKBOLD,1,Todos
Todos Vendedores - 01/07/2026 00:00:00 até 22/09/2026 23:59:59 - NF: Todos,7896066301143,PÃO DE FORMA 5 ZEROS 400G,WICKBOLD,2,Todos
Todos Vendedores - 01/07/2026 00:00:00 até 22/09/2026 23:59:59 - NF: Todos,M401-1,PÃO DE FORMA 480G PULLMAN,BIMBO,103,Todos
Todos Vendedores - 01/07/2026 00:00:00 até 22/09/2026 23:59:59 - NF: Todos,M1104-1,PÃO DE ALHO TRADICIONAL ZINHO 300G,ZINHO,227,Todos
Todos Vendedores - 01/07/2026 00:00:00 até 22/09/2026 23:59:59 - NF: Todos,M588-1,PAO DE ALHO PREA,.,94,Todos
Todos Vendedores - 01/07/2026 00:00:00 até 22/09/2026 23:59:59 - NF: Todos,M1564-1,PAO DE ALHO AURORA,AURORA,16,Todos
Todos Vendedores - 01/07/2026 00:00:00 até 22/09/2026 23:59:59 - NF: Todos,M2512-1,PAO BAGUETE ALHO PREA 330G,PREA,1,Todos
Todos Vendedores - 01/07/2026 00:00:00 até 22/09/2026 23:59:59 - NF: Todos,M697-1,PAO BAGUETE ALHO 330G,PREA,8,Todos
Todos Vendedores - 01/07/2026 00:00:00 até 22/09/2026 23:59:59 - NF: Todos,M2513-1,PAO BAGUETE 3 QUEIJOS PREA 330G,PREA,15,Todos
Todos Vendedores - 01/07/2026 00:00:00 até 22/09/2026 23:59:59 - NF: Todos,M1344-1,PAO ARTESANO 500G,BIMBO,4,Todos
Todos Vendedores - 01/07/2026 00:00:00 até 22/09/2026 23:59:59 - NF: Todos,7896002302197,PAO ARTESANO 500G,BIMBO,3,Todos
Todos Vendedores - 01/07/2026 00:00:00 até 22/09/2026 23:59:59 - NF: Todos,M2575-1,PÃO ARETESANO INTEGRAL 500G,BIMBO,4,Todos
Todos Vendedores - 01/07/2026 00:00:00 até 22/09/2026 23:59:59 - NF: Todos,M2712-1,PANO RPROFIX AZUL 28X40,CLAMINA,1,Todos
Todos Vendedores - 01/07/2026 00:00:00 até 22/09/2026 23:59:59 - NF: Todos,000135,PANCETA,.,"855,351",Todos
Todos Vendedores - 01/07/2026 00:00:00 até 22/09/2026 23:59:59 - NF: Todos,M202-1,PALMITO TIO PACO 300G PUPUNHA INTEIRO,TIO PACO,6,Todos
Todos Vendedores - 01/07/2026 00:00:00 até 22/09/2026 23:59:59 - NF: Todos,7896423900262,PALMITO EM CONSERVA 540G,SCALA,7,Todos
Todos Vendedores - 01/07/2026 00:00:00 até 22/09/2026 23:59:59 - NF: Todos,M277-1,PALITO DENTE GINA COM 100,GINA,13,Todos
Todos Vendedores - 01/07/2026 00:00:00 até 22/09/2026 23:59:59 - NF: Todos,M2249-1,PALITO DE DENTE,CRYSTAL,11,Todos
Todos Vendedores - 01/07/2026 00:00:00 até 22/09/2026 23:59:59 - NF: Todos,000134,PALETA SUINA,.,"49,674",Todos
Todos Vendedores - 01/07/2026 00:00:00 até 22/09/2026 23:59:59 - NF: Todos,000035,PALETA COM OSSO,.,"80,406",Todos
Todos Vendedores - 01/07/2026 00:00:00 até 22/09/2026 23:59:59 - NF: Todos,000034,PALETA BOVINA SEM OSSO,.,"108,02",Todos
Todos Vendedores - 01/07/2026 00:00:00 até 22/09/2026 23:59:59 - NF: Todos,M1032-1,PAÇOQUINHA 20G,PAÇOQUINHA,88,Todos
Todos Vendedores - 01/07/2026 00:00:00 até 22/09/2026 23:59:59 - NF: Todos,M1108-1,PAÇOCA CASEIRA 90G,VOVO MARIA,176,Todos
Todos Vendedores - 01/07/2026 00:00:00 até 22/09/2026 23:59:59 - NF: Todos,01,OVOS UNIDADE,.,689,Todos
Todos Vendedores - 01/07/2026 00:00:00 até 22/09/2026 23:59:59 - NF: Todos,M2436-1,OVOS FRITOS 80GR,FINI,2,Todos
Todos Vendedores - 01/07/2026 00:00:00 até 22/09/2026 23:59:59 - NF: Todos,050,OVOS - BANDEJA COM 30 UND,.,515,Todos
Todos Vendedores - 01/07/2026 00:00:00 até 22/09/2026 23:59:59 - NF: Todos,7896000593672,OURO COCO 1L,MAGUARY,5,Todos
Todos Vendedores - 01/07/2026 00:00:00 até 22/09/2026 23:59:59 - NF: Todos,000033,OSSOBUCO,.,"57,991",Todos
Todos Vendedores - 01/07/2026 00:00:00 até 22/09/2026 23:59:59 - NF: Todos,M1553-1,ORIGINAL LATA 350ML,.,103,Todos
Todos Vendedores - 01/07/2026 00:00:00 até 22/09/2026 23:59:59 - NF: Todos,M1029-1,ORIGINAL LATA 269ML,AMBEV,244,Todos
Todos Vendedores - 01/07/2026 00:00:00 até 22/09/2026 23:59:59 - NF: Todos,000133,ORELHA SUINA SALGADA,.,"9,661",Todos
Todos Vendedores - 01/07/2026 00:00:00 até 22/09/2026 23:59:59 - NF: Todos,M791-1,OREGANO 6G,CONDINEW,31,Todos
Todos Vendedores - 01/07/2026 00:00:00 até 22/09/2026 23:59:59 - NF: Todos,M1313-1,OMO LIQUIDO PURO CUIDADO 900ML,OMO,3,Todos
Todos Vendedores - 01/07/2026 00:00:00 até 22/09/2026 23:59:59 - NF: Todos,M1320-1,OMO LIQUIDO LAVANDA 900ML,OMO,3,Todos
Todos Vendedores - 01/07/2026 00:00:00 até 22/09/2026 23:59:59 - NF: Todos,7891150064928,OMO LIQUIDO LAVAGEM PERFEITA 900ML,OMO,7,Todos
Todos Vendedores - 01/07/2026 00:00:00 até 22/09/2026 23:59:59 - NF: Todos,M2612-1,OMO 700G LAVAGEM PERFEITA,OMO,7,Todos
Todos Vendedores - 01/07/2026 00:00:00 até 22/09/2026 23:59:59 - NF: Todos,M1195-1,OLEO SOYA 900ML,SOYA,180,Todos
Todos Vendedores - 01/07/2026 00:00:00 até 22/09/2026 23:59:59 - NF: Todos,M1382-1,OLEO DE SOJA LIZA 900ML,LIZA,9,Todos
Todos Vendedores - 01/07/2026 00:00:00 até 22/09/2026 23:59:59 - NF: Todos,M780-1,ÓLEO DE SOJA,CONCORDIA,1,Todos
Todos Vendedores - 01/07/2026 00:00:00 até 22/09/2026 23:59:59 - NF: Todos,M1923-1,OLEO DE PEROBA KING 100ML TRADICIONAL,FONPLAST,1,Todos
Todos Vendedores - 01/07/2026 00:00:00 até 22/09/2026 23:59:59 - NF: Todos,M1109-1,OLEO COMPOSTO OLINDA 500ML TRAD,OLINDA,11,Todos
Todos Vendedores - 01/07/2026 00:00:00 até 22/09/2026 23:59:59 - NF: Todos,M1101-1,NECTAR DE UVA LIFE 300ML,LIFE,13,Todos
Todos Vendedores - 01/07/2026 00:00:00 até 22/09/2026 23:59:59 - NF: Todos,M2764-1,NAFTALINA EM BOLA 25G,LIPEX,3,Todos
Todos Vendedores - 01/07/2026 00:00:00 até 22/09/2026 23:59:59 - NF: Todos,000079,MUSSARELA,.,"102,294",Todos
Todos Vendedores - 01/07/2026 00:00:00 até 22/09/2026 23:59:59 - NF: Todos,000032,MUSCULO,.,"165,309",Todos
Todos Vendedores - 01/07/2026 00:00:00 até 22/09/2026 23:59:59 - NF: Todos,M42-1,MOSTARDA PREDILECTA 180G,PREDILECTA,37,Todos
Todos Vendedores - 01/07/2026 00:00:00 até 22/09/2026 23:59:59 - NF: Todos,M309-1,MOSTARDA HELLMANNS 170G,HELLMANNS,8,Todos
Todos Vendedores - 01/07/2026 00:00:00 até 22/09/2026 23:59:59 - NF: Todos,000078,MORTADELA,.,"23,346",Todos
Todos Vendedores - 01/07/2026 00:00:00 até 22/09/2026 23:59:59 - NF: Todos,M1444-1,MORANGO BDJ,.,26,Todos
Todos Vendedores - 01/07/2026 00:00:00 até 22/09/2026 23:59:59 - NF: Todos,M1414-1,MONSTER ULTRA WATERMELON,MONSTER,10,Todos
Todos Vendedores - 01/07/2026 00:00:00 até 22/09/2026 23:59:59 - NF: Todos,7898770420011,MONSTER ULTR STRWBRY DREAM 473ML,MONSTER,10,Todos
Todos Vendedores - 01/07/2026 00:00:00 até 22/09/2026 23:59:59 - NF: Todos,7898938890045,Monster Pipeline Punch LT 473ml 6U FL CP,MONSTER,28,Todos
Todos Vendedores - 01/07/2026 00:00:00 até 22/09/2026 23:59:59 - NF: Todos,1220000250031,MONSTER PACIFIC PUNCH 473ML,COCA COLA FEMSA,8,Todos
Todos Vendedores - 01/07/2026 00:00:00 até 22/09/2026 23:59:59 - NF: Todos,070847033301,MONSTER MANGO LOCO LATA 473ml,COCA COLA FEMSA,38,Todos
Todos Vendedores - 01/07/2026 00:00:00 até 22/09/2026 23:59:59 - NF: Todos,M1416-1,MONSTER JUICE 473ML,MONSTER,1,Todos
Todos Vendedores - 01/07/2026 00:00:00 até 22/09/2026 23:59:59 - NF: Todos,M1243-1,MONSTER JUIC RIO PUNCH 473ML,COCA-COLA,1,Todos
Todos Vendedores - 01/07/2026 00:00:00 até 22/09/2026 23:59:59 - NF: Todos,M2132-1,Monster Energy Zero Acucar 473ml 06 CP,MONSTER,1,Todos
Todos Vendedores - 01/07/2026 00:00:00 até 22/09/2026 23:59:59 - NF: Todos,M1246-1,MONSTER ENERGY ZERO ACUCAR 473ML,COCA COLA,56,Todos
Todos Vendedores - 01/07/2026 00:00:00 até 22/09/2026 23:59:59 - NF: Todos,070847022015,MONSTER ENERGY 473ml,COCA COLA FEMSA,81,Todos
Todos Vendedores - 01/07/2026 00:00:00 até 22/09/2026 23:59:59 - NF: Todos,7896117601079,MONJOLINHO FARINHA MANDIOCA BRANCA GROSSA 1KG,MONJOLINHO,12,Todos
Todos Vendedores - 01/07/2026 00:00:00 até 22/09/2026 23:59:59 - NF: Todos,M139-1,MOLHO TOMATE SALSARETTI 300G TRADICIONAL,SALSARETTI,96,Todos
Todos Vendedores - 01/07/2026 00:00:00 até 22/09/2026 23:59:59 - NF: Todos,M9-1,MOLHO TOM FUGINI 300G TRADICIONAL,Fugini,554,Todos
Todos Vendedores - 01/07/2026 00:00:00 até 22/09/2026 23:59:59 - NF: Todos,M1842-1,MOLHO SWEET CHILLI MARACUJA 280G,POLETTO,1,Todos
Todos Vendedores - 01/07/2026 00:00:00 até 22/09/2026 23:59:59 - NF: Todos,M1843-1,MOLHO SWEET CHILLI GOIABADA 280G,POLETTO,1,Todos
Todos Vendedores - 01/07/2026 00:00:00 até 22/09/2026 23:59:59 - NF: Todos,M864-1,MOLHO SHOYU 150ML,CONDINEW,10,Todos
Todos Vendedores - 01/07/2026 00:00:00 até 22/09/2026 23:59:59 - NF: Todos,M821-1,MOLHO PARA CHURRASCO TRADICIONAL 500ML,CONDINEW,5,Todos
Todos Vendedores - 01/07/2026 00:00:00 até 22/09/2026 23:59:59 - NF: Todos,M863-1,MOLHO P/ CHURRASCO EXTRA FORTE 500ML,CONDINEW,1,Todos
Todos Vendedores - 01/07/2026 00:00:00 até 22/09/2026 23:59:59 - NF: Todos,M862-1,MOLHO INGLES 150ML,CONDINEW,7,Todos
Todos Vendedores - 01/07/2026 00:00:00 até 22/09/2026 23:59:59 - NF: Todos,M2626-1,MOLHO HELLMANNS 335G CHEDDAR,HELLMANNS,4,Todos
Todos Vendedores - 01/07/2026 00:00:00 até 22/09/2026 23:59:59 - NF: Todos,M2625-1,"MOLHO HELLMANNS 335G CEBOLA, SALSA E LIMAO",HELLMANNS,4,Todos
Todos Vendedores - 01/07/2026 00:00:00 até 22/09/2026 23:59:59 - NF: Todos,M2624-1,MOLHO HELLMANNS 230G AMERICAN BURGER PICLES,HELLMANNS,3,Todos
Todos Vendedores - 01/07/2026 00:00:00 até 22/09/2026 23:59:59 - NF: Todos,M861-1,MOLHO GOTA DE FOGO 145ML,CONDINEW,7,Todos
Todos Vendedores - 01/07/2026 00:00:00 até 22/09/2026 23:59:59 - NF: Todos,M827-1,MOLHO DE PIMENTA VERMELHA 150ML,CONDINEW,4,Todos
Todos Vendedores - 01/07/2026 00:00:00 até 22/09/2026 23:59:59 - NF: Todos,M859-1,MOLHO DE PIMENTA MEXICANA 145ML,.,3,Todos
Todos Vendedores - 01/07/2026 00:00:00 até 22/09/2026 23:59:59 - NF: Todos,M822-1,MOLHO DE PIMENTA MALAGUETA 150ML,CONDINEW,5,Todos
Todos Vendedores - 01/07/2026 00:00:00 até 22/09/2026 23:59:59 - NF: Todos,M828-1,MOLHO DE PIMENTA CUMARI VERMELHO 50G,CONDINEW,1,Todos
Todos Vendedores - 01/07/2026 00:00:00 até 22/09/2026 23:59:59 - NF: Todos,7898953190960,MOLHO DE PIMENTA CAROLINA REAPER,ALCIMO ,1,Todos
Todos Vendedores - 01/07/2026 00:00:00 até 22/09/2026 23:59:59 - NF: Todos,M2306-1,MOLHO DE PIMENTA CALABRESA 150ML,ALCIMO ,15,Todos
Todos Vendedores - 01/07/2026 00:00:00 até 22/09/2026 23:59:59 - NF: Todos,M580-1,MOLHO DE PIMENTA CAIPIRA ALEMAO,.,3,Todos
Todos Vendedores - 01/07/2026 00:00:00 até 22/09/2026 23:59:59 - NF: Todos,M581-1,MOLHO DE PIMENTA BRAVA ALEMAO,.,1,Todos
Todos Vendedores - 01/07/2026 00:00:00 até 22/09/2026 23:59:59 - NF: Todos,M825-1,MOLHO DE ALHO 150ML,CONDINEW,2,Todos
Todos Vendedores - 01/07/2026 00:00:00 até 22/09/2026 23:59:59 - NF: Todos,M2833-1,MOLHO DE ALHO 150 ML,ALCIMO ,1,Todos
Todos Vendedores - 01/07/2026 00:00:00 até 22/09/2026 23:59:59 - NF: Todos,M823-1,MOLHO CUMARI E DEDO DE MOÇA 145ML,CONDINEW,1,Todos
Todos Vendedores - 01/07/2026 00:00:00 até 22/09/2026 23:59:59 - NF: Todos,M829-1,MOLHO CHEIRO VERDE 145ML,CONDINEW,4,Todos
Todos Vendedores - 01/07/2026 00:00:00 até 22/09/2026 23:59:59 - NF: Todos,M858-1,MOLHO CALABRES 150ML,.,2,Todos
Todos Vendedores - 01/07/2026 00:00:00 até 22/09/2026 23:59:59 - NF: Todos,M857-1,MOLHO ALHO C/ PIMENTA 150ML,.,3,Todos
Todos Vendedores - 01/07/2026 00:00:00 até 22/09/2026 23:59:59 - NF: Todos,M2654-1,MOLHO ALHO 150ML,CONDINEW,3,Todos
Todos Vendedores - 01/07/2026 00:00:00 até 22/09/2026 23:59:59 - NF: Todos,000105,MOELA DE FRANGO,.,"60,431",Todos
Todos Vendedores - 01/07/2026 00:00:00 até 22/09/2026 23:59:59 - NF: Todos,000031,MOCOTO,.,"141,268",Todos
Todos Vendedores - 01/07/2026 00:00:00 até 22/09/2026 23:59:59 - NF: Todos,M2001-1,MIUDOS CONGELADOS DE BOVINO,FRIGORAÇA,1,Todos
Todos Vendedores - 01/07/2026 00:00:00 até 22/09/2026 23:59:59 - NF: Todos,M594-1,MISTURA REQUEIJAO E GORDURA VEGETAL E AMIDO,.,8,Todos
Todos Vendedores - 01/07/2026 00:00:00 até 22/09/2026 23:59:59 - NF: Todos,7896005272022,MISTURA PARA BOLO LARANJA 450G,DONA BENTA,5,Todos
Todos Vendedores - 01/07/2026 00:00:00 até 22/09/2026 23:59:59 - NF: Todos,M141-1,MISTURA PARA BOLO ITALAC 400G CHOCOLATE,Italac,8,Todos
Todos Vendedores - 01/07/2026 00:00:00 até 22/09/2026 23:59:59 - NF: Todos,7896005272060,MISTURA PARA BOLO FESTA 450G,DONA BENTA,8,Todos
Todos Vendedores - 01/07/2026 00:00:00 até 22/09/2026 23:59:59 - NF: Todos,7896005272046,MISTURA PARA BOLO COCO 450G,DONA BENTA,14,Todos
Todos Vendedores - 01/07/2026 00:00:00 até 22/09/2026 23:59:59 - NF: Todos,7896005280911,MISTURA PARA BOLO 450G CENOURA,DONA BENTA,3,Todos
Todos Vendedores - 01/07/2026 00:00:00 até 22/09/2026 23:59:59 - NF: Todos,7908494801079,MISTURA PARA BOLINHO DE CHUVA 300G,PALADAR ,8,Todos
Todos Vendedores - 01/07/2026 00:00:00 até 22/09/2026 23:59:59 - NF: Todos,M1521-1,MISTURA P/ BOLO APTI 400G CENOURA,Apti,5,Todos
Todos Vendedores - 01/07/2026 00:00:00 até 22/09/2026 23:59:59 - NF: Todos,7898080642165,MISTURA BOLO CENOURA 400G,Italac,3,Todos
Todos Vendedores - 01/07/2026 00:00:00 até 22/09/2026 23:59:59 - NF: Todos,46,MIOLO PALETA,.,1,Todos
Todos Vendedores - 01/07/2026 00:00:00 até 22/09/2026 23:59:59 - NF: Todos,000046,MIOLO DA PALETA,.,"2,34",Todos
Todos Vendedores - 01/07/2026 00:00:00 até 22/09/2026 23:59:59 - NF: Todos,M2043-1,MINI SUKITA 200ML,SUKITA,3,Todos
Todos Vendedores - 01/07/2026 00:00:00 até 22/09/2026 23:59:59 - NF: Todos,7898279792039,MINHOCAS AZEDINHAS 80G,FINI,26,Todos
Todos Vendedores - 01/07/2026 00:00:00 até 22/09/2026 23:59:59 - NF: Todos,7898279790776,MINHOCAS 80G,FINI,31,Todos
Todos Vendedores - 01/07/2026 00:00:00 até 22/09/2026 23:59:59 - NF: Todos,M204-1,MILHO VERDE PREDILECTA 170G,PREDILECTA,142,Todos
Todos Vendedores - 01/07/2026 00:00:00 até 22/09/2026 23:59:59 - NF: Todos,M1574-1,MILHO PARA PIPOCA 400G,KI SABOR,1,Todos
Todos Vendedores - 01/07/2026 00:00:00 até 22/09/2026 23:59:59 - NF: Todos,7898930142784,MILHO EM CONSERVA 280G,SALSARETTI,5,Todos
Todos Vendedores - 01/07/2026 00:00:00 até 22/09/2026 23:59:59 - NF: Todos,M1330-1,MILHO DE PIPOCA AMAFIL 500G,AMAFIL,3,Todos
Todos Vendedores - 01/07/2026 00:00:00 até 22/09/2026 23:59:59 - NF: Todos,000132,MIGNON SUINO,.,"9,476",Todos
Todos Vendedores - 01/07/2026 00:00:00 até 22/09/2026 23:59:59 - NF: Todos,M2829-1,MICHELOB ULTRA 350ML,MICHELOB,2,Todos
Todos Vendedores - 01/07/2026 00:00:00 até 22/09/2026 23:59:59 - NF: Todos,M2830-1,MICHELOB ULTRA 330ML,MICHELOB,2,Todos
Todos Vendedores - 01/07/2026 00:00:00 até 22/09/2026 23:59:59 - NF: Todos,153,MEXERICA,.,"287,52",Todos
Todos Vendedores - 01/07/2026 00:00:00 até 22/09/2026 23:59:59 - NF: Todos,7895144293080,MENTOS UP2U 336G,MENTOS,1,Todos
Todos Vendedores - 01/07/2026 00:00:00 até 22/09/2026 23:59:59 - NF: Todos,M1429-1,"MENTOS SABOR MENTA 37,5G",MENTOS,1,Todos
Todos Vendedores - 01/07/2026 00:00:00 até 22/09/2026 23:59:59 - NF: Todos,000172,MELAO,.,"18,3",Todos
Todos Vendedores - 01/07/2026 00:00:00 até 22/09/2026 23:59:59 - NF: Todos,000666,MELANCIA G,.,1,Todos
Todos Vendedores - 01/07/2026 00:00:00 até 22/09/2026 23:59:59 - NF: Todos,M2666-1,MELANCIA AZEDINHA FATIAS 80G,FINI,7,Todos
Todos Vendedores - 01/07/2026 00:00:00 até 22/09/2026 23:59:59 - NF: Todos,M785-1,MEL SERRA DE OURO 700GR,.,7,Todos
Todos Vendedores - 01/07/2026 00:00:00 até 22/09/2026 23:59:59 - NF: Todos,M768-1,MEL DE 1L,.,11,Todos
Todos Vendedores - 01/07/2026 00:00:00 até 22/09/2026 23:59:59 - NF: Todos,000667,MEIA MELANCIA,.,1,Todos
Todos Vendedores - 01/07/2026 00:00:00 até 22/09/2026 23:59:59 - NF: Todos,M2219-1,MEDALHAO FRANGO COM BACON,ASTRAPLUS,4,Todos
Todos Vendedores - 01/07/2026 00:00:00 até 22/09/2026 23:59:59 - NF: Todos,618341078222,MEDALHÃO DE QUEIJO COALHO,EMPORIO CAIPIRA,13,Todos
Todos Vendedores - 01/07/2026 00:00:00 até 22/09/2026 23:59:59 - NF: Todos,M1433-1,"MEDALHÃO DE MANDIOCACOM RUCULA ,TOMATE SECO E QUEIJO COALHO PCT",EMPORIO CAIPIRA,10,Todos
Todos Vendedores - 01/07/2026 00:00:00 até 22/09/2026 23:59:59 - NF: Todos,M1434-1,MEDALHAO DE MANDIOCA TRADICIONAL,EMPORIO CAIPIRA,12,Todos
Todos Vendedores - 01/07/2026 00:00:00 até 22/09/2026 23:59:59 - NF: Todos,M1437-1,MEDALHAO DE MANDIOCA COM GORGONZOLA PCT,EMPORIO CAIPIRA,9,Todos
Todos Vendedores - 01/07/2026 00:00:00 até 22/09/2026 23:59:59 - NF: Todos,M1435-1,MEDALHAO DE MANDIOCA COM COSTELA PCT,EMPORIO CAIPIRA,10,Todos
Todos Vendedores - 01/07/2026 00:00:00 até 22/09/2026 23:59:59 - NF: Todos,M1476-1,MEDALHAO DE FRANGO PORCIONADO 500 GR,.,2,Todos
Todos Vendedores - 01/07/2026 00:00:00 até 22/09/2026 23:59:59 - NF: Todos,M1475-1,MEDALHAO DE FRANGO NO ESPETO 500G,COMPADRE,4,Todos
Todos Vendedores - 01/07/2026 00:00:00 até 22/09/2026 23:59:59 - NF: Todos,000104,MEDALHAO DE FRANGO,.,"73,328",Todos
Todos Vendedores - 01/07/2026 00:00:00 até 22/09/2026 23:59:59 - NF: Todos,618341078338,MEDALHAO DE ABOBRINHA COM MANDIOCA,EMPORIO CAIPIRA,8,Todos
Todos Vendedores - 01/07/2026 00:00:00 até 22/09/2026 23:59:59 - NF: Todos,M2776-1,MAX PISTACHE 275G,JUNDIA,1,Todos
Todos Vendedores - 01/07/2026 00:00:00 até 22/09/2026 23:59:59 - NF: Todos,M1773-1,MAX AVELA 75G,JUNDIAI ,11,Todos
Todos Vendedores - 01/07/2026 00:00:00 até 22/09/2026 23:59:59 - NF: Todos,M1551-1,MAT INSET MULTI INSETICIDA 360ML,MAT INSET,1,Todos
Todos Vendedores - 01/07/2026 00:00:00 até 22/09/2026 23:59:59 - NF: Todos,M1343-1,MASSA PARA PASTEL DISCO 500G,GUAÇU MASSAS,39,Todos
Todos Vendedores - 01/07/2026 00:00:00 até 22/09/2026 23:59:59 - NF: Todos,M1341-1,MASSA FRESCA PARA PASTEL1KG,GUAÇU MASSAS,2,Todos
Todos Vendedores - 01/07/2026 00:00:00 até 22/09/2026 23:59:59 - NF: Todos,M1342-1,MASSA FRESCA PARA PASTEL 500G,GUAÇU MASSAS,22,Todos
Todos Vendedores - 01/07/2026 00:00:00 até 22/09/2026 23:59:59 - NF: Todos,000131,MASCARA SUINA SALGADA,.,"24,352",Todos
Todos Vendedores - 01/07/2026 00:00:00 até 22/09/2026 23:59:59 - NF: Todos,M413-1,MARSHMALLOWS TORCAO 80G,FINI,14,Todos
Todos Vendedores - 01/07/2026 00:00:00 até 22/09/2026 23:59:59 - NF: Todos,M2433-1,MARSHMALLOWS PACOQUITA 70G,FINI,19,Todos
Todos Vendedores - 01/07/2026 00:00:00 até 22/09/2026 23:59:59 - NF: Todos,M2665-1,MARSHBOO FANTASMA 70G,FINI,9,Todos
Todos Vendedores - 01/07/2026 00:00:00 até 22/09/2026 23:59:59 - NF: Todos,M230-1,MARIA MOLE APTI 50G COCO,Apti,7,Todos
Todos Vendedores - 01/07/2026 00:00:00 até 22/09/2026 23:59:59 - NF: Todos,M43-1,MARGARINA QUALY 250G CREMOSA COM SAL,QUALY,42,Todos
Todos Vendedores - 01/07/2026 00:00:00 até 22/09/2026 23:59:59 - NF: Todos,M616-1,MARGARINA DORIANA 500G COM SAL,.,19,Todos
Todos Vendedores - 01/07/2026 00:00:00 até 22/09/2026 23:59:59 - NF: Todos,M605-1,MARGARINA DORIANA 250G COM SAL,.,29,Todos
Todos Vendedores - 01/07/2026 00:00:00 até 22/09/2026 23:59:59 - NF: Todos,M765-1,MARGARINA CREMOSA COM SAL 500G,QUALY,54,Todos
Todos Vendedores - 01/07/2026 00:00:00 até 22/09/2026 23:59:59 - NF: Todos,M1074-1,MARGARINA CLAYBOM 500G CREMOSA C/SAL,CLAYBOM,12,Todos
Todos Vendedores - 01/07/2026 00:00:00 até 22/09/2026 23:59:59 - NF: Todos,000171,MARACUJA,.,"42,99",Todos
Todos Vendedores - 01/07/2026 00:00:00 até 22/09/2026 23:59:59 - NF: Todos,M593-1,MANTEIGA SERRA DA MANTIQUEIRA,.,15,Todos
Todos Vendedores - 01/07/2026 00:00:00 até 22/09/2026 23:59:59 - NF: Todos,M803-1,MANJERICAO 6G,CONDINEW,4,Todos
Todos Vendedores - 01/07/2026 00:00:00 até 22/09/2026 23:59:59 - NF: Todos,000153,MANGA,.,"149,64",Todos
Todos Vendedores - 01/07/2026 00:00:00 até 22/09/2026 23:59:59 - NF: Todos,000176,MANDIOQUINHA,.,"5,13",Todos
Todos Vendedores - 01/07/2026 00:00:00 até 22/09/2026 23:59:59 - NF: Todos,M1121-1,MANDIOCA DESCASCADA J.D POSSATI,J.D POSSATI,105,Todos
Todos Vendedores - 01/07/2026 00:00:00 até 22/09/2026 23:59:59 - NF: Todos,000030,MAMINHA,.,"45,133",Todos
Todos Vendedores - 01/07/2026 00:00:00 até 22/09/2026 23:59:59 - NF: Todos,087880,MAMAO,.,102,Todos
Todos Vendedores - 01/07/2026 00:00:00 até 22/09/2026 23:59:59 - NF: Todos,M293-1,MAIZENA 200G,MAIZENA,7,Todos
Todos Vendedores - 01/07/2026 00:00:00 até 22/09/2026 23:59:59 - NF: Todos,M1506-1,MAIONESE SOYA 500G,SOYA,8,Todos
Todos Vendedores - 01/07/2026 00:00:00 até 22/09/2026 23:59:59 - NF: Todos,M1482-1,MAIONESE QUERO200G,QUERO,19,Todos
Todos Vendedores - 01/07/2026 00:00:00 até 22/09/2026 23:59:59 - NF: Todos,M200-1,MAIONESE QUERO 495G,QUERO,8,Todos
Todos Vendedores - 01/07/2026 00:00:00 até 22/09/2026 23:59:59 - NF: Todos,7894000050034,MAIONESE HELLMANNS PT 500G,HELLMANNS,58,Todos
Todos Vendedores - 01/07/2026 00:00:00 até 22/09/2026 23:59:59 - NF: Todos,M2081-1,MAIONESE HELLMANNS 250G,HELLMANNS,11,Todos
Todos Vendedores - 01/07/2026 00:00:00 até 22/09/2026 23:59:59 - NF: Todos,M2774-1,MAIONESE HELLMANNS 250G,HELLMANNS,7,Todos
Todos Vendedores - 01/07/2026 00:00:00 até 22/09/2026 23:59:59 - NF: Todos,M1848-1,MAIONESE HEINZ 400G,HEINZ,3,Todos
Todos Vendedores - 01/07/2026 00:00:00 até 22/09/2026 23:59:59 - NF: Todos,M137-1,MAIONESE HEINZ 215G,HEINZ,3,Todos
Todos Vendedores - 01/07/2026 00:00:00 até 22/09/2026 23:59:59 - NF: Todos,M1487-1,MACARRAO PENNE 500G,DONA BENTA,35,Todos
Todos Vendedores - 01/07/2026 00:00:00 até 22/09/2026 23:59:59 - NF: Todos,M703-1,MACARRAO PARAFUSO 500G OVOS,DONA BENTA,62,Todos
Todos Vendedores - 01/07/2026 00:00:00 até 22/09/2026 23:59:59 - NF: Todos,M1488-1,MACARRAO PADRE NOSSO 500G,DONA BENTA,14,Todos
Todos Vendedores - 01/07/2026 00:00:00 até 22/09/2026 23:59:59 - NF: Todos,M220-1,MACARRAO LIANE 1KG,LIANE,32,Todos
Todos Vendedores - 01/07/2026 00:00:00 até 22/09/2026 23:59:59 - NF: Todos,M2417-1,MACARRAO INSTANTENEO LAMEN 85G,NISSIN,52,Todos
Todos Vendedores - 01/07/2026 00:00:00 até 22/09/2026 23:59:59 - NF: Todos,M2418-1,MACARRAO INSTANTANEO NISSIN LAMEN 85G,NISSIM,32,Todos
Todos Vendedores - 01/07/2026 00:00:00 até 22/09/2026 23:59:59 - NF: Todos,M136-1,MACARRAO INSTANTANEO APTI 70G GALINHA CAIPIRA,Apti,137,Todos
Todos Vendedores - 01/07/2026 00:00:00 até 22/09/2026 23:59:59 - NF: Todos,M29-1,MACARRAO INSTANTANEO APTI 70G CARNE,Apti,215,Todos
Todos Vendedores - 01/07/2026 00:00:00 até 22/09/2026 23:59:59 - NF: Todos,M135-1,MACARRAO INSTANTANEO ADRIA 75G GALINHA,ADRIA,2,Todos
Todos Vendedores - 01/07/2026 00:00:00 até 22/09/2026 23:59:59 - NF: Todos,M2526-1,MACARRAO INST NISSIN LAMEN 85G GALINHA,NISSIN,34,Todos
Todos Vendedores - 01/07/2026 00:00:00 até 22/09/2026 23:59:59 - NF: Todos,M223-1,MACARRAO GALO 500G SEMOLA PENE,GALO,16,Todos
Todos Vendedores - 01/07/2026 00:00:00 até 22/09/2026 23:59:59 - NF: Todos,M222-1,MACARRAO GALO 500G SEMOLA PARAFUSO,GALO,65,Todos
Todos Vendedores - 01/07/2026 00:00:00 até 22/09/2026 23:59:59 - NF: Todos,M221-1,MACARRAO GALO 500G SEMOLA ESPAGUETE,GALO,48,Todos
Todos Vendedores - 01/07/2026 00:00:00 até 22/09/2026 23:59:59 - NF: Todos,M224-1,MACARRAO GALO 500G SEMOLA AVE MARIA,GALO,28,Todos
Todos Vendedores - 01/07/2026 00:00:00 até 22/09/2026 23:59:59 - NF: Todos,M168-1,MACARRÃO ESPAGUETE BASILAR 400G,BASILAR,35,Todos
Todos Vendedores - 01/07/2026 00:00:00 até 22/09/2026 23:59:59 - NF: Todos,M2370-1,MACARRÃO DONA BENTA 500G OVOS AVE MARIA,GALO,13,Todos
Todos Vendedores - 01/07/2026 00:00:00 até 22/09/2026 23:59:59 - NF: Todos,M2633-1,MACARRAO DONA BENTA 500G OVOS,DONA BENTA,11,Todos
Todos Vendedores - 01/07/2026 00:00:00 até 22/09/2026 23:59:59 - NF: Todos,M603-1,MACARAO DONA BENTA 500G ESPAGUETE,DONA BENTA,91,Todos
Todos Vendedores - 01/07/2026 00:00:00 até 22/09/2026 23:59:59 - NF: Todos,000173,MAÇA GALA,.,"38,19",Todos
Todos Vendedores - 01/07/2026 00:00:00 até 22/09/2026 23:59:59 - NF: Todos,7891035502231,LUSTRA MOVEIS POLIFLOR 200ML LAVANDA,POLETTO,4,Todos
Todos Vendedores - 01/07/2026 00:00:00 até 22/09/2026 23:59:59 - NF: Todos,M802-1,LOURO 6G,CONDINEW,33,Todos
Todos Vendedores - 01/07/2026 00:00:00 até 22/09/2026 23:59:59 - NF: Todos,000130,LOMBO SUINO SEM OSSO,.,"36,959",Todos
Todos Vendedores - 01/07/2026 00:00:00 até 22/09/2026 23:59:59 - NF: Todos,M2541-1,LOCAO HID PAIXAO 200ML TENTADORA,PAIXAO,2,Todos
Todos Vendedores - 01/07/2026 00:00:00 até 22/09/2026 23:59:59 - NF: Todos,M2543-1,LOCAO HID PAIXAO 200ML IRRESISTIVEL,PAIXAO,1,Todos
Todos Vendedores - 01/07/2026 00:00:00 até 22/09/2026 23:59:59 - NF: Todos,M568-1,LIRIUM CATUABA,.,1,Todos
Todos Vendedores - 01/07/2026 00:00:00 até 22/09/2026 23:59:59 - NF: Todos,000073,LINGUICA TOSCANA SEARA,SEARA,"29,279",Todos
Todos Vendedores - 01/07/2026 00:00:00 até 22/09/2026 23:59:59 - NF: Todos,000077,LINGUICA TOSCANA SADIA,.,"579,343",Todos
Todos Vendedores - 01/07/2026 00:00:00 até 22/09/2026 23:59:59 - NF: Todos,M2123-1,LINGUICA TOSCANA,SADIA,1,Todos
Todos Vendedores - 01/07/2026 00:00:00 até 22/09/2026 23:59:59 - NF: Todos,M2121-1,LINGUICA TOSCANA,SADIA,2,Todos
Todos Vendedores - 01/07/2026 00:00:00 até 22/09/2026 23:59:59 - NF: Todos,000076,LINGUICA TIPO CALABRESA SADIA,SADIA,"188,302",Todos
Todos Vendedores - 01/07/2026 00:00:00 até 22/09/2026 23:59:59 - NF: Todos,000075,LINGUICA TIPO CALABRESA PERDIGAO,PERDIGAO,"14,855",Todos
Todos Vendedores - 01/07/2026 00:00:00 até 22/09/2026 23:59:59 - NF: Todos,M539-1,LINGUICA SUINCO,.,"1,65",Todos
Todos Vendedores - 01/07/2026 00:00:00 até 22/09/2026 23:59:59 - NF: Todos,000074,LINGUICA SECA,.,"118,914",Todos
Todos Vendedores - 01/07/2026 00:00:00 até 22/09/2026 23:59:59 - NF: Todos,000072,LINGUICA PURA SUINA,.,"56,601",Todos
Todos Vendedores - 01/07/2026 00:00:00 até 22/09/2026 23:59:59 - NF: Todos,000071,LINGUICA PERDIGAO NA BRASA,.,"148,906",Todos
Todos Vendedores - 01/07/2026 00:00:00 até 22/09/2026 23:59:59 - NF: Todos,000069,LINGUICA PERDIGAO,.,"3,316",Todos
Todos Vendedores - 01/07/2026 00:00:00 até 22/09/2026 23:59:59 - NF: Todos,000070,LINGUICA PARA CHURRASCO,SUINCO,"308,616",Todos
Todos Vendedores - 01/07/2026 00:00:00 até 22/09/2026 23:59:59 - NF: Todos,000068,LINGUICA FINA PERNIL,.,"306,57",Todos
Todos Vendedores - 01/07/2026 00:00:00 até 22/09/2026 23:59:59 - NF: Todos,000067,LINGUICA FINA DE FRANGO,.,"129,32",Todos
Todos Vendedores - 01/07/2026 00:00:00 até 22/09/2026 23:59:59 - NF: Todos,000066,LINGUICA FINA APIMENTADA,.,"151,841",Todos
Todos Vendedores - 01/07/2026 00:00:00 até 22/09/2026 23:59:59 - NF: Todos,M1769-1,LINGUIÇA CUIABANA SUINA 600G,FRIGO ESPANHA ,7,Todos
Todos Vendedores - 01/07/2026 00:00:00 até 22/09/2026 23:59:59 - NF: Todos,M1768-1,LINGUICA CUIABA BOVINA 600G,FRIGO ESPANHA ,9,Todos
Todos Vendedores - 01/07/2026 00:00:00 até 22/09/2026 23:59:59 - NF: Todos,000065,LINGUICA COSTELA DA CASA,.,"82,379",Todos
Todos Vendedores - 01/07/2026 00:00:00 até 22/09/2026 23:59:59 - NF: Todos,M49-1,LINGUIÇA CARNE MISTA CAMBUI,ALTA DISTRIBUIDORA DE AVES ,"2,14",Todos
Todos Vendedores - 01/07/2026 00:00:00 até 22/09/2026 23:59:59 - NF: Todos,000064,LINGUICA CAMBUI,.,"99,054",Todos
Todos Vendedores - 01/07/2026 00:00:00 até 22/09/2026 23:59:59 - NF: Todos,000063,LINGUICA AURORA,AURORA,"224,647",Todos
Todos Vendedores - 01/07/2026 00:00:00 até 22/09/2026 23:59:59 - NF: Todos,M2770-1,LIMPEZA INGLEZA UAU 500ML,UAU,4,Todos
Todos Vendedores - 01/07/2026 00:00:00 até 22/09/2026 23:59:59 - NF: Todos,M2623-1,LIMPEZA CIF 250ML CREMOSO PODER NATURAL LIMAO,CIF,5,Todos
Todos Vendedores - 01/07/2026 00:00:00 até 22/09/2026 23:59:59 - NF: Todos,M673-1,LIMPADOR MULTIUSO 500ML ORIGINAL,AZULIM,10,Todos
Todos Vendedores - 01/07/2026 00:00:00 até 22/09/2026 23:59:59 - NF: Todos,M2464-1,LIMPADOR COALA 120ML ORQUIDEA,COALA,10,Todos
Todos Vendedores - 01/07/2026 00:00:00 até 22/09/2026 23:59:59 - NF: Todos,M1329-1,LIMPADOR COALA 120ML LAVANDA,COALA,11,Todos
Todos Vendedores - 01/07/2026 00:00:00 até 22/09/2026 23:59:59 - NF: Todos,M267-1,LIMPADOR COALA 120ML GLOBULOS,COALA,10,Todos
Todos Vendedores - 01/07/2026 00:00:00 até 22/09/2026 23:59:59 - NF: Todos,M1696-1,LIMPADOR COALA 120ML CRAVO E CANELA,COALA,3,Todos
Todos Vendedores - 01/07/2026 00:00:00 até 22/09/2026 23:59:59 - NF: Todos,M268-1,LIMPADOR COALA 120ML CHA BRANCO,COALA,6,Todos
Todos Vendedores - 01/07/2026 00:00:00 até 22/09/2026 23:59:59 - NF: Todos,M1402-1,LIMPADOR COALA 120ML ALGODÃO,COALA,5,Todos
Todos Vendedores - 01/07/2026 00:00:00 até 22/09/2026 23:59:59 - NF: Todos,M2147-1,LIMPA CERAMICAS AZULIM,AZULIM,4,Todos
Todos Vendedores - 01/07/2026 00:00:00 até 22/09/2026 23:59:59 - NF: Todos,M18-1,LIMPA CASA PERFUME 500ML PERF SENSUALIDAD,Casa,8,Todos
Todos Vendedores - 01/07/2026 00:00:00 até 22/09/2026 23:59:59 - NF: Todos,M263-1,LIMPA AZULIM 500ML TIRA LIMO CLORO ATIVO,AZULIM,12,Todos
Todos Vendedores - 01/07/2026 00:00:00 até 22/09/2026 23:59:59 - NF: Todos,M2732-1,LIMPA AZULIM 500M BACTERICIDA,AZULIM,4,Todos
Todos Vendedores - 01/07/2026 00:00:00 até 22/09/2026 23:59:59 - NF: Todos,7898999001442,LIMPA ALUMINIO 500G,MAXBRIL,18,Todos
Todos Vendedores - 01/07/2026 00:00:00 até 22/09/2026 23:59:59 - NF: Todos,M1788-1,LIMP.VEJA 500ML M.USO ORIGINAL,VEJA,4,Todos
Todos Vendedores - 01/07/2026 00:00:00 até 22/09/2026 23:59:59 - NF: Todos,000167,LIMAO,.,"225,95",Todos
Todos Vendedores - 01/07/2026 00:00:00 até 22/09/2026 23:59:59 - NF: Todos,M815-1,LEPZ ABACAXI 2 LITROS,Ferraspari,49,Todos
Todos Vendedores - 01/07/2026 00:00:00 até 22/09/2026 23:59:59 - NF: Todos,M2638-1,LEONOFF ICE MELANCIA 275ML,LEONOFF,6,Todos
Todos Vendedores - 01/07/2026 00:00:00 até 22/09/2026 23:59:59 - NF: Todos,M2639-1,LEONOFF ICE LIMAO 275ML,LEONOFF,10,Todos
Todos Vendedores - 01/07/2026 00:00:00 até 22/09/2026 23:59:59 - NF: Todos,M810-1,LEMON PAPPER,CONDINEW,48,Todos
Todos Vendedores - 01/07/2026 00:00:00 até 22/09/2026 23:59:59 - NF: Todos,M2318-1,LEITE PO PIRACANJUBA 400G INTEGRAL,PIRACANJUBA,1,Todos
Todos Vendedores - 01/07/2026 00:00:00 até 22/09/2026 23:59:59 - NF: Todos,M2224-1,LEITE PO NINHO 380G INTEGRAL,NINHO,4,Todos
Todos Vendedores - 01/07/2026 00:00:00 até 22/09/2026 23:59:59 - NF: Todos,7891000340981,LEITE PO NINHO 380G INTEGRAL,NINHO,10,Todos
Todos Vendedores - 01/07/2026 00:00:00 até 22/09/2026 23:59:59 - NF: Todos,7891000399590,LEITE PO NINHO 380G INSTANT,NINHO,5,Todos
Todos Vendedores - 01/07/2026 00:00:00 até 22/09/2026 23:59:59 - NF: Todos,7896051130116,LEITE PO ITAMBE 400G INTEGRAL,ITAMBE,49,Todos
Todos Vendedores - 01/07/2026 00:00:00 até 22/09/2026 23:59:59 - NF: Todos,M1762-1,LEITE MOÇA NESTLE 395G,NESTLE,368,Todos
Todos Vendedores - 01/07/2026 00:00:00 até 22/09/2026 23:59:59 - NF: Todos,7896569405003,LEITE LIDER 1L,FLYS,3,Todos
Todos Vendedores - 01/07/2026 00:00:00 até 22/09/2026 23:59:59 - NF: Todos,7898080640611,LEITE ITALAC 1L,Italac,20,Todos
Todos Vendedores - 01/07/2026 00:00:00 até 22/09/2026 23:59:59 - NF: Todos,M777-1,LEITE INTEGRAL TIROL 1L,TIROL,9,Todos
Todos Vendedores - 01/07/2026 00:00:00 até 22/09/2026 23:59:59 - NF: Todos,M1317-1,LEITE INTEGRAL TIROL 1L,TIROL,593,Todos
Todos Vendedores - 01/07/2026 00:00:00 até 22/09/2026 23:59:59 - NF: Todos,M1934-1,LEITE INTEGRAL QUATA 1L,QUATA,22,Todos
Todos Vendedores - 01/07/2026 00:00:00 até 22/09/2026 23:59:59 - NF: Todos,7896004400075,LEITE DE COCO SOCOCO 200ML NATURAL,SOCOCO,9,Todos
Todos Vendedores - 01/07/2026 00:00:00 até 22/09/2026 23:59:59 - NF: Todos,M2798-1,LEITE DE COCO NORDESTE 200ML,NORDESTE,8,Todos
Todos Vendedores - 01/07/2026 00:00:00 até 22/09/2026 23:59:59 - NF: Todos,7896028014494,LEITE DE COCO MENINA,MENINA,41,Todos
Todos Vendedores - 01/07/2026 00:00:00 até 22/09/2026 23:59:59 - NF: Todos,M120-1,LEITE CONDENSADO MOCA 395G,MOÇA,2,Todos
Todos Vendedores - 01/07/2026 00:00:00 até 22/09/2026 23:59:59 - NF: Todos,M17-1,LEITE CONDENSADO ITALAC 395G SEMI,Italac,150,Todos
Todos Vendedores - 01/07/2026 00:00:00 até 22/09/2026 23:59:59 - NF: Todos,M1037-1,LAYS SOUR CREAM 70G,PEPSICO,2,Todos
Todos Vendedores - 01/07/2026 00:00:00 até 22/09/2026 23:59:59 - NF: Todos,M2743-1,LAYS SOUR CREAM 62GX26X1 PP,LAYS,1,Todos
Todos Vendedores - 01/07/2026 00:00:00 até 22/09/2026 23:59:59 - NF: Todos,M1869-1,LAYS SOUR CREAM 35G,PEPSICO,2,Todos
Todos Vendedores - 01/07/2026 00:00:00 até 22/09/2026 23:59:59 - NF: Todos,M2752-1,LAYS SALY E VINEGAR 62G,LAYS,3,Todos
Todos Vendedores - 01/07/2026 00:00:00 até 22/09/2026 23:59:59 - NF: Todos,M1394-1,LAYS SALT E VINEGAR 70G,PEPSICO,1,Todos
Todos Vendedores - 01/07/2026 00:00:00 até 22/09/2026 23:59:59 - NF: Todos,M1975-1,LAYS COPA QUEIJO 62GX26X1,RUFFKES,5,Todos
Todos Vendedores - 01/07/2026 00:00:00 até 22/09/2026 23:59:59 - NF: Todos,M1973-1,LAYS COPA PICANHA 62GX26X1,ruffles,24,Todos
Todos Vendedores - 01/07/2026 00:00:00 até 22/09/2026 23:59:59 - NF: Todos,M1036-1,LAYS CLASSICAS 70GX24 PP,PEPSICO,11,Todos
Todos Vendedores - 01/07/2026 00:00:00 até 22/09/2026 23:59:59 - NF: Todos,M2742-1,LAYS CLASSICAS 62GX26X1,LAYS,6,Todos
Todos Vendedores - 01/07/2026 00:00:00 até 22/09/2026 23:59:59 - NF: Todos,M2098-1,LAVA ROUPAS LIQUIDO OMO NOVA FORMULA 450ML,OMO,1,Todos
Todos Vendedores - 01/07/2026 00:00:00 até 22/09/2026 23:59:59 - NF: Todos,M753-1,LAVA ROUPAS EM PÓ 800G MIX DE FLORES,SURF,9,Todos
Todos Vendedores - 01/07/2026 00:00:00 até 22/09/2026 23:59:59 - NF: Todos,M754-1,LAVA ROUPAS EM PÓ 800G LAVANDA,SURF,11,Todos
Todos Vendedores - 01/07/2026 00:00:00 até 22/09/2026 23:59:59 - NF: Todos,M2787-1,"LAVA ROUPA LIQUIDO OMO 1,8L",OMO,3,Todos
Todos Vendedores - 01/07/2026 00:00:00 até 22/09/2026 23:59:59 - NF: Todos,M816-1,LASANHA TRADICONAL 200G,PETYBON,39,Todos
Todos Vendedores - 01/07/2026 00:00:00 até 22/09/2026 23:59:59 - NF: Todos,7891515475703,LASANHA BOLONHESA 600G,SADIA,3,Todos
Todos Vendedores - 01/07/2026 00:00:00 até 22/09/2026 23:59:59 - NF: Todos,000152,LARANJA,.,"300,25",Todos
Todos Vendedores - 01/07/2026 00:00:00 até 22/09/2026 23:59:59 - NF: Todos,M280-1,LAMPADA OUROLUX SUPERLED 9W BIVOLT 6.5K,OUROLUX,7,Todos
Todos Vendedores - 01/07/2026 00:00:00 até 22/09/2026 23:59:59 - NF: Todos,M1584-1,LAMPADA KIAN 70W,KIAN,1,Todos
Todos Vendedores - 01/07/2026 00:00:00 até 22/09/2026 23:59:59 - NF: Todos,M1783-1,LAMP OUROLUX SUPERLED 20W ALTA POT,OUROLUX,11,Todos
Todos Vendedores - 01/07/2026 00:00:00 até 22/09/2026 23:59:59 - NF: Todos,M1782-1,LAMP OUROLUX SUPERLED 15W BIVOLT 6.5K DP-10UN QTD. 1.00 DP,OUTOLUX,7,Todos
Todos Vendedores - 01/07/2026 00:00:00 até 22/09/2026 23:59:59 - NF: Todos,91992329,LAMINA INOX WILKINSON,WILKINSON,33,Todos
Todos Vendedores - 01/07/2026 00:00:00 até 22/09/2026 23:59:59 - NF: Todos,000029,LAGARTO,.,"25,523",Todos
Todos Vendedores - 01/07/2026 00:00:00 até 22/09/2026 23:59:59 - NF: Todos,M183-1,LA DE ACO BOMBRIL 45G,BOMBRIL,87,Todos
Todos Vendedores - 01/07/2026 00:00:00 até 22/09/2026 23:59:59 - NF: Todos,7894900911510,KUAT 2L,COCA COLA,40,Todos
Todos Vendedores - 01/07/2026 00:00:00 até 22/09/2026 23:59:59 - NF: Todos,M457-1,KIT FEIJOADA,.,44,Todos
Todos Vendedores - 01/07/2026 00:00:00 até 22/09/2026 23:59:59 - NF: Todos,M678-1,KIT 325ML SH+COND 200ML CERAMIDAS,SKALA ,2,Todos
Todos Vendedores - 01/07/2026 00:00:00 até 22/09/2026 23:59:59 - NF: Todos,M2424-1,KINDER OVO JOY 20G,BAMBINO ,24,Todos
Todos Vendedores - 01/07/2026 00:00:00 até 22/09/2026 23:59:59 - NF: Todos,M1680-1,KETCHUP PICANTE HELLMANNS 380G,HELLMANNS,4,Todos
Todos Vendedores - 01/07/2026 00:00:00 até 22/09/2026 23:59:59 - NF: Todos,M2099-1,KETCHUP HELLMANNS SUPREME 390G,HELLMANNS,2,Todos
Todos Vendedores - 01/07/2026 00:00:00 até 22/09/2026 23:59:59 - NF: Todos,M1679-1,KETCHUP HELLMANNS 380G,HELLMANNS,3,Todos
Todos Vendedores - 01/07/2026 00:00:00 até 22/09/2026 23:59:59 - NF: Todos,M901-1,JURUBEBA 600ML,LEAO DO NORTE,82,Todos
Todos Vendedores - 01/07/2026 00:00:00 até 22/09/2026 23:59:59 - NF: Todos,000128,JOELHO SUINO,.,"126,384",Todos
Todos Vendedores - 01/07/2026 00:00:00 até 22/09/2026 23:59:59 - NF: Todos,M2460-1,JAMAVA SOBREMESA CHOCOLATE,JAMAVA,8,Todos
Todos Vendedores - 01/07/2026 00:00:00 até 22/09/2026 23:59:59 - NF: Todos,M1309-1,JABOTI UVA PET 2L,JABOTI,21,Todos
Todos Vendedores - 01/07/2026 00:00:00 até 22/09/2026 23:59:59 - NF: Todos,M1334-1,JABOTI TURBAINA PET 2L,JABOTI,14,Todos
Todos Vendedores - 01/07/2026 00:00:00 até 22/09/2026 23:59:59 - NF: Todos,M1336-1,JABOTI LIMAO PET 2L,JABOTI,3,Todos
Todos Vendedores - 01/07/2026 00:00:00 até 22/09/2026 23:59:59 - NF: Todos,M1310-1,JABOTI LARANJA PET 2L,JABOTI,18,Todos
Todos Vendedores - 01/07/2026 00:00:00 até 22/09/2026 23:59:59 - NF: Todos,M1308-1,JABOTI GUARANÁ PET 2L,JABOTI,14,Todos
Todos Vendedores - 01/07/2026 00:00:00 até 22/09/2026 23:59:59 - NF: Todos,M1666-1,JABOTI COLA 2LITROS,JABOTI,14,Todos
Todos Vendedores - 01/07/2026 00:00:00 até 22/09/2026 23:59:59 - NF: Todos,M1307-1,JABOTI ABACAXI PET 2L,JABOTI,16,Todos
Todos Vendedores - 01/07/2026 00:00:00 até 22/09/2026 23:59:59 - NF: Todos,M2071-1,ITURBAINA 350ML,ITURBAINA,3,Todos
Todos Vendedores - 01/07/2026 00:00:00 até 22/09/2026 23:59:59 - NF: Todos,M846-1,ITAIPAVA MALZBIER 350ML,ITAIPAVA,1,Todos
Todos Vendedores - 01/07/2026 00:00:00 até 22/09/2026 23:59:59 - NF: Todos,M2726-1,IT LEMIN ICE 2L,Italac,7,Todos
Todos Vendedores - 01/07/2026 00:00:00 até 22/09/2026 23:59:59 - NF: Todos,070330909229,ISQUEIRO MAX,BIC,22,Todos
Todos Vendedores - 01/07/2026 00:00:00 até 22/09/2026 23:59:59 - NF: Todos,M1150-1,ISQUEIRO BIC PEQUENO,BIC,12,Todos
Todos Vendedores - 01/07/2026 00:00:00 até 22/09/2026 23:59:59 - NF: Todos,M171-1,ISQUEIRO BIC MAXI GRANDE,BIC,20,Todos
Todos Vendedores - 01/07/2026 00:00:00 até 22/09/2026 23:59:59 - NF: Todos,7898016050446,IOGUTE MORANGO 170G,JAMAVA,1,Todos
Todos Vendedores - 01/07/2026 00:00:00 até 22/09/2026 23:59:59 - NF: Todos,7891000244265,IOGURTE NESTLE 170G,NESTLE,7,Todos
Todos Vendedores - 01/07/2026 00:00:00 até 22/09/2026 23:59:59 - NF: Todos,M1126-1,IOGURTE MORANGO 450G,BABY,19,Todos
Todos Vendedores - 01/07/2026 00:00:00 até 22/09/2026 23:59:59 - NF: Todos,7898016050590,IOGURTE MORANGO 400G,JAMAVA,3,Todos
Todos Vendedores - 01/07/2026 00:00:00 até 22/09/2026 23:59:59 - NF: Todos,7891000241448,IOGURTE FRUTAS 170G,NESTLE,2,Todos
Todos Vendedores - 01/07/2026 00:00:00 até 22/09/2026 23:59:59 - NF: Todos,M1127-1,IOGURTE COCO 450G,BABY,11,Todos
Todos Vendedores - 01/07/2026 00:00:00 até 22/09/2026 23:59:59 - NF: Todos,M172-1,INSETICIDA RAID AERO 420ML,RAID,12,Todos
Todos Vendedores - 01/07/2026 00:00:00 até 22/09/2026 23:59:59 - NF: Todos,M1652-1,INSETICIDA MATA INSETOS AERO 360ML,.,4,Todos
Todos Vendedores - 01/07/2026 00:00:00 até 22/09/2026 23:59:59 - NF: Todos,M1875-1,IMPERIO PURO MALTE HELLES 330ML,IMPERIO ,6,Todos
Todos Vendedores - 01/07/2026 00:00:00 até 22/09/2026 23:59:59 - NF: Todos,M1552-1,IMPERIO 269ML,IMPERIO ,1,Todos
Todos Vendedores - 01/07/2026 00:00:00 até 22/09/2026 23:59:59 - NF: Todos,7898738660220,ICE LEEV 275 ML,LEEV,7,Todos
Todos Vendedores - 01/07/2026 00:00:00 até 22/09/2026 23:59:59 - NF: Todos,7898377662920,ICE CRYSTAL  CAJU L275ML,CRYSTAL,15,Todos
Todos Vendedores - 01/07/2026 00:00:00 até 22/09/2026 23:59:59 - NF: Todos,7893000043213,HOT POCKET CHEDDAR E BACON 145G,SADIA,22,Todos
Todos Vendedores - 01/07/2026 00:00:00 até 22/09/2026 23:59:59 - NF: Todos,M1205-1,HIDRATANTE PAIXAO INSPIRADORA ROSAS 200ML,PAIXAO,1,Todos
Todos Vendedores - 01/07/2026 00:00:00 até 22/09/2026 23:59:59 - NF: Todos,7896102503708,HEINZ TOMATO KETCHUP 397G,TALISMAN,4,Todos
Todos Vendedores - 01/07/2026 00:00:00 até 22/09/2026 23:59:59 - NF: Todos,M2072-1,HEINEKEN ZERO 330ML,HEINEKEN,39,Todos
Todos Vendedores - 01/07/2026 00:00:00 até 22/09/2026 23:59:59 - NF: Todos,M855-1,HEINEKEN UNITARIA 269ML,HEINEKEN,11,Todos
Todos Vendedores - 01/07/2026 00:00:00 até 22/09/2026 23:59:59 - NF: Todos,M837-1,HEINEKEN LONG NECK 330ML,HEINEKEN,120,Todos
Todos Vendedores - 01/07/2026 00:00:00 até 22/09/2026 23:59:59 - NF: Todos,M1405-1,HEINEKEN LATA 350ML,HEINEKEN,203,Todos
Todos Vendedores - 01/07/2026 00:00:00 até 22/09/2026 23:59:59 - NF: Todos,M1549-1,HAVAIANAS SLIM AZULBRILHANTE,HAVAINAS,1,Todos
Todos Vendedores - 01/07/2026 00:00:00 até 22/09/2026 23:59:59 - NF: Todos,M152-1,HASTES FLEX COTONETES JOHNSONS COM 75,JOHNSONS,10,Todos
Todos Vendedores - 01/07/2026 00:00:00 até 22/09/2026 23:59:59 - NF: Todos,M252-1,HASTES FLEX COTONELA COM 75,HASTES ,11,Todos
Todos Vendedores - 01/07/2026 00:00:00 até 22/09/2026 23:59:59 - NF: Todos,7891164020286,HAMBURGUER SABOR CHURRASCO 12 UNIDADES,AURORA,1,Todos
Todos Vendedores - 01/07/2026 00:00:00 até 22/09/2026 23:59:59 - NF: Todos,M2819-1,HAMBURGUER DE CARNE BOVINA,AURORA,4,Todos
Todos Vendedores - 01/07/2026 00:00:00 até 22/09/2026 23:59:59 - NF: Todos,M1905-1,HAMBURGUER DE BOVINO  175/185g,WINSTON,6,Todos
Todos Vendedores - 01/07/2026 00:00:00 até 22/09/2026 23:59:59 - NF: Todos,7893000387096,HAMBURGUER BOVINO SADIA,SADIA,20,Todos
Todos Vendedores - 01/07/2026 00:00:00 até 22/09/2026 23:59:59 - NF: Todos,008080,HAMBURGUE STEAK HOUSE,STEAK HOUSE,11,Todos
Todos Vendedores - 01/07/2026 00:00:00 até 22/09/2026 23:59:59 - NF: Todos,M1446-1,HAMBURGUE DE FRANGO,SADIA,1,Todos
Todos Vendedores - 01/07/2026 00:00:00 até 22/09/2026 23:59:59 - NF: Todos,M606-1,HALLS EXTRA FORTE DROPS,HALLS,33,Todos
Todos Vendedores - 01/07/2026 00:00:00 até 22/09/2026 23:59:59 - NF: Todos,M1026-1,H2O TRADICIONAL 500ML,H20,3,Todos
Todos Vendedores - 01/07/2026 00:00:00 até 22/09/2026 23:59:59 - NF: Todos,M1025-1,H20 LIMONETO 500ML,H2O,18,Todos
Todos Vendedores - 01/07/2026 00:00:00 até 22/09/2026 23:59:59 - NF: Todos,M618-1,GUARDANAPOS DE PAPEL WHITEPAPER,.,1,Todos
Todos Vendedores - 01/07/2026 00:00:00 até 22/09/2026 23:59:59 - NF: Todos,7896301800073,GUARDANAPO PAPEL COQUETEL,COQUETEL ,5,Todos
Todos Vendedores - 01/07/2026 00:00:00 até 22/09/2026 23:59:59 - NF: Todos,7896301800028,GUARDANAPO PAPEL COQUETEL,COQUETAL.,24,Todos
Todos Vendedores - 01/07/2026 00:00:00 até 22/09/2026 23:59:59 - NF: Todos,M1498-1,GUARANA LEAO 450ML,COCA COLA,4,Todos
Todos Vendedores - 01/07/2026 00:00:00 até 22/09/2026 23:59:59 - NF: Todos,7891991000826,GUARANA LATA 350ML,GUARANA,20,Todos
Todos Vendedores - 01/07/2026 00:00:00 até 22/09/2026 23:59:59 - NF: Todos,M1213-1,GUARANA ANTARTICA 2L,ANTARTICA,12,Todos
Todos Vendedores - 01/07/2026 00:00:00 até 22/09/2026 23:59:59 - NF: Todos,M1371-1,GUARANA ANTARTICA 200ML,ANTARTICA,7,Todos
Todos Vendedores - 01/07/2026 00:00:00 até 22/09/2026 23:59:59 - NF: Todos,M1770-1,GRANCONE TRUFADINHO,JUNDIAI ,19,Todos
Todos Vendedores - 01/07/2026 00:00:00 até 22/09/2026 23:59:59 - NF: Todos,7896292330061,GOIABADA PREDILECTA 300G,PREDILECTA,43,Todos
Todos Vendedores - 01/07/2026 00:00:00 até 22/09/2026 23:59:59 - NF: Todos,7898175450514,GOIABADA CASCÃO 500G,FRANCESCHINI ,3,Todos
Todos Vendedores - 01/07/2026 00:00:00 até 22/09/2026 23:59:59 - NF: Todos,7500435219334,GILLETTE MACH 3 CARBONO,GILLETTE,2,Todos
Todos Vendedores - 01/07/2026 00:00:00 até 22/09/2026 23:59:59 - NF: Todos,7500435141536,GILLETTE MACH 3,GILLETTE,2,Todos
Todos Vendedores - 01/07/2026 00:00:00 até 22/09/2026 23:59:59 - NF: Todos,000333,GELO,GELO DRINK,77,Todos
Todos Vendedores - 01/07/2026 00:00:00 até 22/09/2026 23:59:59 - NF: Todos,7896005210741,GELATINA SOL 20G MORANGO,SOL,20,Todos
Todos Vendedores - 01/07/2026 00:00:00 até 22/09/2026 23:59:59 - NF: Todos,7896072050035,GELATINA SEM SABOR 24G,BRETZKE ,6,Todos
Todos Vendedores - 01/07/2026 00:00:00 até 22/09/2026 23:59:59 - NF: Todos,7896327511472,GELATINA SEM SABOR,Apti,2,Todos
Todos Vendedores - 01/07/2026 00:00:00 até 22/09/2026 23:59:59 - NF: Todos,M851-1,GELATINA NEILAR MARACUJA 20G,NEILAR,7,Todos
Todos Vendedores - 01/07/2026 00:00:00 até 22/09/2026 23:59:59 - NF: Todos,M843-1,GELATINA NEILAR LIMAO 20G,NEILAR,2,Todos
Todos Vendedores - 01/07/2026 00:00:00 até 22/09/2026 23:59:59 - NF: Todos,M847-1,GELATINA NEILAR ABACAXI 20G,NEILAR,23,Todos
Todos Vendedores - 01/07/2026 00:00:00 até 22/09/2026 23:59:59 - NF: Todos,M2430-1,GELATINA APTI 20G LIMAO,Apti,13,Todos
Todos Vendedores - 01/07/2026 00:00:00 até 22/09/2026 23:59:59 - NF: Todos,M660-1,GELATINA 24G S/SABOR INCOLOR,NEILAR,10,Todos
Todos Vendedores - 01/07/2026 00:00:00 até 22/09/2026 23:59:59 - NF: Todos,7898937892231,GEL SANITARIO,APLIK ,4,Todos
Todos Vendedores - 01/07/2026 00:00:00 até 22/09/2026 23:59:59 - NF: Todos,M773-1,GEL FIXADOR 240G MEGAFORTE,NY.LOOKS,1,Todos
Todos Vendedores - 01/07/2026 00:00:00 até 22/09/2026 23:59:59 - NF: Todos,M734-1,GEL FIXADOR 240G FIXACAO MEDIA,NY.LOOKS,7,Todos
Todos Vendedores - 01/07/2026 00:00:00 até 22/09/2026 23:59:59 - NF: Todos,M2827-1,GATORADE ZERO FRUSTAS SILV,GATORADE,1,Todos
Todos Vendedores - 01/07/2026 00:00:00 até 22/09/2026 23:59:59 - NF: Todos,M909-1,GATORADE UVA 500ML,.,11,Todos
Todos Vendedores - 01/07/2026 00:00:00 até 22/09/2026 23:59:59 - NF: Todos,M911-1,GATORADE MORANGO E MARACUJA 500ML,.,2,Todos
Todos Vendedores - 01/07/2026 00:00:00 até 22/09/2026 23:59:59 - NF: Todos,M907-1,GATORADE LIMAO 500ML,.,13,Todos
Todos Vendedores - 01/07/2026 00:00:00 até 22/09/2026 23:59:59 - NF: Todos,M912-1,GATORADE LARANJA 500ML,.,15,Todos
Todos Vendedores - 01/07/2026 00:00:00 até 22/09/2026 23:59:59 - NF: Todos,M1187-1,GATORADE BERRYBLUE 500ML,GATORADE,17,Todos
Todos Vendedores - 01/07/2026 00:00:00 até 22/09/2026 23:59:59 - NF: Todos,M2593-1,GATORADE BERRY BLUE  500ML,GATORADE,1,Todos
Todos Vendedores - 01/07/2026 00:00:00 até 22/09/2026 23:59:59 - NF: Todos,M1763-1,GATORADE  TANGERINA,GATORADE,4,Todos
Todos Vendedores - 01/07/2026 00:00:00 até 22/09/2026 23:59:59 - NF: Todos,001048,gas,.,8,Todos
Todos Vendedores - 01/07/2026 00:00:00 até 22/09/2026 23:59:59 - NF: Todos,M626-1,GARFO SOBREMESA 50 UNIDADES,.,3,Todos
Todos Vendedores - 01/07/2026 00:00:00 até 22/09/2026 23:59:59 - NF: Todos,7896052607167,FYS REFRIGERANTE LIMAO SICILIANO,CHAMYTO,11,Todos
Todos Vendedores - 01/07/2026 00:00:00 até 22/09/2026 23:59:59 - NF: Todos,7897200607855,FUT CHICKEN 1KG,CANÇÃO,10,Todos
Todos Vendedores - 01/07/2026 00:00:00 até 22/09/2026 23:59:59 - NF: Todos,M1891-1,FUMO ARAPIRACA CATOINHO,CATOINHO,14,Todos
Todos Vendedores - 01/07/2026 00:00:00 até 22/09/2026 23:59:59 - NF: Todos,M133-1,FUBA MILHO MIMOSO SINHA 500G,SINHA,51,Todos
Todos Vendedores - 01/07/2026 00:00:00 até 22/09/2026 23:59:59 - NF: Todos,M1837-1,FRANGO RESFRIADO,Holambra,1,Todos
Todos Vendedores - 01/07/2026 00:00:00 até 22/09/2026 23:59:59 - NF: Todos,000103,FRANGO INTEIRO,.,"515,414",Todos
Todos Vendedores - 01/07/2026 00:00:00 até 22/09/2026 23:59:59 - NF: Todos,000102,FRANGO A PASSARINHO TEMPERADO,.,"374,801",Todos
Todos Vendedores - 01/07/2026 00:00:00 até 22/09/2026 23:59:59 - NF: Todos,000101,FRANGO A PASSARINHO,.,"6,83",Todos
Todos Vendedores - 01/07/2026 00:00:00 até 22/09/2026 23:59:59 - NF: Todos,000028,FRALDINHA,.,"452,365",Todos
Todos Vendedores - 01/07/2026 00:00:00 até 22/09/2026 23:59:59 - NF: Todos,M2226-1,FRALDA POMPOM D.PROTEK JUMBO G C/24 FD,POMPOM,3,Todos
Todos Vendedores - 01/07/2026 00:00:00 até 22/09/2026 23:59:59 - NF: Todos,M2339-1,FRALDA,JA,1,Todos
Todos Vendedores - 01/07/2026 00:00:00 até 22/09/2026 23:59:59 - NF: Todos,M148-1,FOSFORO PARANA,PARANA,9,Todos
Todos Vendedores - 01/07/2026 00:00:00 até 22/09/2026 23:59:59 - NF: Todos,M1375-1,FOLHA DE PAPEL ALUMINIO,PARANA,63,Todos
Todos Vendedores - 01/07/2026 00:00:00 até 22/09/2026 23:59:59 - NF: Todos,M132-1,FLOCAO DE MILHO SINHA 500G,SINHA,79,Todos
Todos Vendedores - 01/07/2026 00:00:00 até 22/09/2026 23:59:59 - NF: Todos,7898932426042,FLOCAO DE MILHO 500G,MARATA,6,Todos
Todos Vendedores - 01/07/2026 00:00:00 até 22/09/2026 23:59:59 - NF: Todos,M1325-1,FIO DENTAL KLINDENT 100M,KLINDENT,1,Todos
Todos Vendedores - 01/07/2026 00:00:00 até 22/09/2026 23:59:59 - NF: Todos,M147-1,FILTRO PAPEL MELITA 103,MELITA,26,Todos
Todos Vendedores - 01/07/2026 00:00:00 até 22/09/2026 23:59:59 - NF: Todos,M2086-1,FILTRO PAPEL MELITA 102 C/30 PC-6UN QTD. 1.00 PC,SEDA,7,Todos
Todos Vendedores - 01/07/2026 00:00:00 até 22/09/2026 23:59:59 - NF: Todos,M959-1,FILTRO DE PAPEL 103 CAICARA,CAIÇARA,23,Todos
Todos Vendedores - 01/07/2026 00:00:00 até 22/09/2026 23:59:59 - NF: Todos,7896300501100,FILME PARA CHURRASCO PRATSY,PRASTY ,12,Todos
Todos Vendedores - 01/07/2026 00:00:00 até 22/09/2026 23:59:59 - NF: Todos,M1808-1,"FILME P/CHURR WYDA 5,0X45CM ROLO",WYDA,3,Todos
Todos Vendedores - 01/07/2026 00:00:00 até 22/09/2026 23:59:59 - NF: Todos,M64-1,FILEZINHO DE FRANGO EMPANADO CONGELADO,CT,"4,04",Todos
Todos Vendedores - 01/07/2026 00:00:00 até 22/09/2026 23:59:59 - NF: Todos,M2412-1,FILEZINHO DE FRANGO EMPANADO 1KG,BAITA,9,Todos
Todos Vendedores - 01/07/2026 00:00:00 até 22/09/2026 23:59:59 - NF: Todos,000100,FILE SOBRECOXA,.,"54,604",Todos
Todos Vendedores - 01/07/2026 00:00:00 até 22/09/2026 23:59:59 - NF: Todos,000027,FILE MIGNON,.,"9,934",Todos
Todos Vendedores - 01/07/2026 00:00:00 até 22/09/2026 23:59:59 - NF: Todos,000099,FILE EMPANADO,.,"159,456",Todos
Todos Vendedores - 01/07/2026 00:00:00 até 22/09/2026 23:59:59 - NF: Todos,009999,FILE DE TILAPIA SEM PELE,.,"3,078",Todos
Todos Vendedores - 01/07/2026 00:00:00 até 22/09/2026 23:59:59 - NF: Todos,M935-1,FILE DE TILAPIA AURORA,AURORA,10,Todos
Todos Vendedores - 01/07/2026 00:00:00 até 22/09/2026 23:59:59 - NF: Todos,M968-1,FILE DE TILAPIA  AURORA 800G,AURORA,3,Todos
Todos Vendedores - 01/07/2026 00:00:00 até 22/09/2026 23:59:59 - NF: Todos,000160,FILE DE MERLUZA,.,"13,67",Todos
Todos Vendedores - 01/07/2026 00:00:00 até 22/09/2026 23:59:59 - NF: Todos,000098,FILE DE FRANGO TEMPERADO,.,"219,778",Todos
Todos Vendedores - 01/07/2026 00:00:00 até 22/09/2026 23:59:59 - NF: Todos,000097,FILE DE FRANGO,.,"584,87",Todos
Todos Vendedores - 01/07/2026 00:00:00 até 22/09/2026 23:59:59 - NF: Todos,M1352-1,FILE DE COXA SOBRECOXA,ALLIZ,1,Todos
Todos Vendedores - 01/07/2026 00:00:00 até 22/09/2026 23:59:59 - NF: Todos,000096,FILE COXA TEMPERADO,.,"150,767",Todos
Todos Vendedores - 01/07/2026 00:00:00 até 22/09/2026 23:59:59 - NF: Todos,000095,FIGADO DE FRANGO,.,"28,236",Todos
Todos Vendedores - 01/07/2026 00:00:00 até 22/09/2026 23:59:59 - NF: Todos,000025,FIGADO BOVINO,.,"241,392",Todos
Todos Vendedores - 01/07/2026 00:00:00 até 22/09/2026 23:59:59 - NF: Todos,M1428-1,FIGADO BANDEIJA,COPACOL,2,Todos
Todos Vendedores - 01/07/2026 00:00:00 até 22/09/2026 23:59:59 - NF: Todos,M1494-1,FERRASPARI GUARANA COM PESSEGO 2L,LEPZ,2,Todos
Todos Vendedores - 01/07/2026 00:00:00 até 22/09/2026 23:59:59 - NF: Todos,M130-1,FERMENTO PO FERMIX DONA BENTA 10G,DONA BENTA,56,Todos
Todos Vendedores - 01/07/2026 00:00:00 até 22/09/2026 23:59:59 - NF: Todos,M129-1,FERMENTO PO DONA BENTA 100G,DONA BENTA,10,Todos
Todos Vendedores - 01/07/2026 00:00:00 até 22/09/2026 23:59:59 - NF: Todos,M731-1,FEIJOADA ENLATADA PRONTA 830G,BORDON,9,Todos
Todos Vendedores - 01/07/2026 00:00:00 até 22/09/2026 23:59:59 - NF: Todos,M2558-1,FEIJAO SOLITO PREMIUM,SOLITO,17,Todos
Todos Vendedores - 01/07/2026 00:00:00 até 22/09/2026 23:59:59 - NF: Todos,7898497680354,FEIJAO SELECTA 1 KG,TEMPERABEM,10,Todos
Todos Vendedores - 01/07/2026 00:00:00 até 22/09/2026 23:59:59 - NF: Todos,M2714-1,FEIJAO PRETO NENE 1KG,NENE,5,Todos
Todos Vendedores - 01/07/2026 00:00:00 até 22/09/2026 23:59:59 - NF: Todos,7896454100037,FEIJAO PRETO JOLI 500G,JOLI ,26,Todos
Todos Vendedores - 01/07/2026 00:00:00 até 22/09/2026 23:59:59 - NF: Todos,M725-1,FEIJAO PRETO 1KG,SOLITO,6,Todos
Todos Vendedores - 01/07/2026 00:00:00 até 22/09/2026 23:59:59 - NF: Todos,M1697-1,FEIJAO PRETO 1 KG,CAMIL,15,Todos
Todos Vendedores - 01/07/2026 00:00:00 até 22/09/2026 23:59:59 - NF: Todos,M2146-1,FEIJAO NENE 1 KG,NENE,4,Todos
Todos Vendedores - 01/07/2026 00:00:00 até 22/09/2026 23:59:59 - NF: Todos,M1302-1,FEIJAO NAMORADO 1KG,NAMORADO,32,Todos
Todos Vendedores - 01/07/2026 00:00:00 até 22/09/2026 23:59:59 - NF: Todos,M2530-1,FEIJAO MAXIMO 1KG,MAXIMO ,21,Todos
Todos Vendedores - 01/07/2026 00:00:00 até 22/09/2026 23:59:59 - NF: Todos,7896062602008,FEIJAO CARIOCA SOLITO,SOLITO,1,Todos
Todos Vendedores - 01/07/2026 00:00:00 até 22/09/2026 23:59:59 - NF: Todos,7898053200040,FEIJÃO CARIOCA 1KG MARAVILHA,MARAVILHA ,20,Todos
Todos Vendedores - 01/07/2026 00:00:00 até 22/09/2026 23:59:59 - NF: Todos,7896006744115,FEIJÃO CARIOCA 1KG,CAMILA,1,Todos
Todos Vendedores - 01/07/2026 00:00:00 até 22/09/2026 23:59:59 - NF: Todos,M2138-1,FEIJAO CALDO NOBRE 1KG,CALDO ,40,Todos
Todos Vendedores - 01/07/2026 00:00:00 até 22/09/2026 23:59:59 - NF: Todos,M1481-1,FEIJAO BRANCO 1KG,GALILEU,12,Todos
Todos Vendedores - 01/07/2026 00:00:00 até 22/09/2026 23:59:59 - NF: Todos,M2664-1,FAZENDO ARTE 80G,FINI,13,Todos
Todos Vendedores - 01/07/2026 00:00:00 até 22/09/2026 23:59:59 - NF: Todos,7898036493063,"FASCINO TRUFATINE 1,5",MEZZANI,2,Todos
Todos Vendedores - 01/07/2026 00:00:00 até 22/09/2026 23:59:59 - NF: Todos,M2237-1,FASCINO TRUFADINHO 1.5,JUNDIA,1,Todos
Todos Vendedores - 01/07/2026 00:00:00 até 22/09/2026 23:59:59 - NF: Todos,7898036493056,"FASCINO TRUFADINHO 1,5L",JUNDIAI ,4,Todos
Todos Vendedores - 01/07/2026 00:00:00 até 22/09/2026 23:59:59 - NF: Todos,7898036493100,"FASCINO TRUFADINGO BIANCO 1,5 L",JUNDIA,3,Todos
Todos Vendedores - 01/07/2026 00:00:00 até 22/09/2026 23:59:59 - NF: Todos,7898036494374,"FASCINO PIPOCA CARAMELIZADA 1,5L",JUNDIA,1,Todos
Todos Vendedores - 01/07/2026 00:00:00 até 22/09/2026 23:59:59 - NF: Todos,7898036490277,FASCINO NATA COM CHOCOLATE 190G,JUNDIAI ,2,Todos
Todos Vendedores - 01/07/2026 00:00:00 até 22/09/2026 23:59:59 - NF: Todos,7898036493117,"FASCINO IOGURTE 1,5L",JUNDIA,2,Todos
Todos Vendedores - 01/07/2026 00:00:00 até 22/09/2026 23:59:59 - NF: Todos,7898036493070,"FASCINO CHOCOLATE COM AVELÃ 1,5L",JUNDIA,3,Todos
Todos Vendedores - 01/07/2026 00:00:00 até 22/09/2026 23:59:59 - NF: Todos,M2156-1,FASCINO CHOC/AVELA 1.5,JUNDIA,1,Todos
Todos Vendedores - 01/07/2026 00:00:00 até 22/09/2026 23:59:59 - NF: Todos,M952-1,FAROFA YOKI CASEIRA 200G MANDIOCA COM COSTELINHA,YOKI,1,Todos
Todos Vendedores - 01/07/2026 00:00:00 até 22/09/2026 23:59:59 - NF: Todos,7896117600584,FAROFA TEMPERADA  CASEIRA TRADICIONAL 350G,DEUSA,4,Todos
Todos Vendedores - 01/07/2026 00:00:00 até 22/09/2026 23:59:59 - NF: Todos,M1739-1,FAROFA PRONTA 400G,KISABOR,77,Todos
Todos Vendedores - 01/07/2026 00:00:00 até 22/09/2026 23:59:59 - NF: Todos,M986-1,FAROFA DE MANDIOCA SABOR TRADICIONAL 400G,DEUSA,13,Todos
Todos Vendedores - 01/07/2026 00:00:00 até 22/09/2026 23:59:59 - NF: Todos,M2208-1,FAROFA DE MANDIOCA SABOR BACON400G,DEUSA,7,Todos
Todos Vendedores - 01/07/2026 00:00:00 até 22/09/2026 23:59:59 - NF: Todos,M1331-1,FAROFA DE MANDIOCA MONJOLINHO 250G,MONJOLINHO,16,Todos
Todos Vendedores - 01/07/2026 00:00:00 até 22/09/2026 23:59:59 - NF: Todos,M2534-1,FAROFA CASEIRA PICANTE 350G,CONDINEW,5,Todos
Todos Vendedores - 01/07/2026 00:00:00 até 22/09/2026 23:59:59 - NF: Todos,M2536-1,FAROFA CASEIRA PEQUI 350G,CONDIN,8,Todos
Todos Vendedores - 01/07/2026 00:00:00 até 22/09/2026 23:59:59 - NF: Todos,M2535-1,FAROFA CASEIRA COSTELA 350G,CONDINEW,12,Todos
Todos Vendedores - 01/07/2026 00:00:00 até 22/09/2026 23:59:59 - NF: Todos,M226-1,FARINHA TRIGO RENATA 1KG,RENATA,1,Todos
Todos Vendedores - 01/07/2026 00:00:00 até 22/09/2026 23:59:59 - NF: Todos,M2314-1,FARINHA TRIGO NITA 1KG PURISSIMA,NITA,1,Todos
Todos Vendedores - 01/07/2026 00:00:00 até 22/09/2026 23:59:59 - NF: Todos,M1530-1,FARINHA TRIGO NITA 1KG,NITA,10,Todos
Todos Vendedores - 01/07/2026 00:00:00 até 22/09/2026 23:59:59 - NF: Todos,M185-1,FARINHA TRIGO NITA 1KG,NITA,2,Todos
Todos Vendedores - 01/07/2026 00:00:00 até 22/09/2026 23:59:59 - NF: Todos,M27-1,FARINHA TRIGO DONA BENTA 1KG,BENTA,36,Todos
Todos Vendedores - 01/07/2026 00:00:00 até 22/09/2026 23:59:59 - NF: Todos,M225-1,FARINHA ROSCA DEUSA 500G,DEUSA,22,Todos
Todos Vendedores - 01/07/2026 00:00:00 até 22/09/2026 23:59:59 - NF: Todos,7896117600034,FARINHA MANDIOCA TEMPERADA BACON 250G,DEUSA,19,Todos
Todos Vendedores - 01/07/2026 00:00:00 até 22/09/2026 23:59:59 - NF: Todos,M128-1,FARINHA MANDIOCA DEUSA 500G,DEUSA,14,Todos
Todos Vendedores - 01/07/2026 00:00:00 até 22/09/2026 23:59:59 - NF: Todos,M663-1,FARINHA MANDIOCA 500G BRANCA GROSSA,DEUSA,46,Todos
Todos Vendedores - 01/07/2026 00:00:00 até 22/09/2026 23:59:59 - NF: Todos,M2209-1,FARINHA MANDIOA TORRADA FINA 500G,DEUSA,9,Todos
Todos Vendedores - 01/07/2026 00:00:00 até 22/09/2026 23:59:59 - NF: Todos,7896022207984,FARINHA DE TRIGO 1KG,RENATA,17,Todos
Todos Vendedores - 01/07/2026 00:00:00 até 22/09/2026 23:59:59 - NF: Todos,M728-1,FARINHA DE ROSCA,PULLMAN,4,Todos
Todos Vendedores - 01/07/2026 00:00:00 até 22/09/2026 23:59:59 - NF: Todos,M620-1,FARINHA DE MILHO BIJU 500G,.,83,Todos
Todos Vendedores - 01/07/2026 00:00:00 até 22/09/2026 23:59:59 - NF: Todos,M619-1,FARINHA DE MILHO BIJU 1KG,.,34,Todos
Todos Vendedores - 01/07/2026 00:00:00 até 22/09/2026 23:59:59 - NF: Todos,M987-1,FARINHA DE MANDIOCA BIJU TEMPERADA PICANHA COM PIMENTA 250G,DEUSA,10,Todos
Todos Vendedores - 01/07/2026 00:00:00 até 22/09/2026 23:59:59 - NF: Todos,M2371-1,FARINHA AVEIA YOKI 170G,YOKI,5,Todos
Todos Vendedores - 01/07/2026 00:00:00 até 22/09/2026 23:59:59 - NF: Todos,7894900050011,FANTA UVA 350ML,FANTA,2,Todos
Todos Vendedores - 01/07/2026 00:00:00 até 22/09/2026 23:59:59 - NF: Todos,7894900051513,FANTA UVA 2L,COCA COLA,45,Todos
Todos Vendedores - 01/07/2026 00:00:00 até 22/09/2026 23:59:59 - NF: Todos,M2128-1,FANTA LARANJA PET RETORNAVEL 2 LITROS,FANTA,6,Todos
Todos Vendedores - 01/07/2026 00:00:00 até 22/09/2026 23:59:59 - NF: Todos,M1422-1,FANTA LARANJA LATA 350ML,FANTA,8,Todos
Todos Vendedores - 01/07/2026 00:00:00 até 22/09/2026 23:59:59 - NF: Todos,7894900031607,FANTA LARANJA 600ml,COCA COLA FEMSA,8,Todos
Todos Vendedores - 01/07/2026 00:00:00 até 22/09/2026 23:59:59 - NF: Todos,M2549-1,FANTA LARANJA 1L,FANTA,12,Todos
Todos Vendedores - 01/07/2026 00:00:00 até 22/09/2026 23:59:59 - NF: Todos,7894900031515,FANTA LARANJA  2L,COCA COLA,77,Todos
Todos Vendedores - 01/07/2026 00:00:00 até 22/09/2026 23:59:59 - NF: Todos,7894900093056,FANTA GUARANA  2L,COCA COLA,1,Todos
Todos Vendedores - 01/07/2026 00:00:00 até 22/09/2026 23:59:59 - NF: Todos,7894900097023,FANTA 350ML,FANTA,1,Todos
Todos Vendedores - 01/07/2026 00:00:00 até 22/09/2026 23:59:59 - NF: Todos,M1983-1,FANDANGOS QUEIJO 85G,ruffles,24,Todos
Todos Vendedores - 01/07/2026 00:00:00 até 22/09/2026 23:59:59 - NF: Todos,M2744-1,FANDANGOS PRESUNTO 85GX15,FANDANGOS,6,Todos
Todos Vendedores - 01/07/2026 00:00:00 até 22/09/2026 23:59:59 - NF: Todos,M1045-1,FANDANGOS PRESUNTO 105G,PEPSICO,1,Todos
Todos Vendedores - 01/07/2026 00:00:00 até 22/09/2026 23:59:59 - NF: Todos,M625-1,FACA REFEICAO PLASTICO 50 UNIDADES,.,1,Todos
Todos Vendedores - 01/07/2026 00:00:00 até 22/09/2026 23:59:59 - NF: Todos,M15-1,EXTRATO TOMATE ELEFANTE 300G,Elefante,134,Todos
Todos Vendedores - 01/07/2026 00:00:00 até 22/09/2026 23:59:59 - NF: Todos,M615-1,ESSENCIA AROMASIL 140ML CITRONELA,.,2,Todos
Todos Vendedores - 01/07/2026 00:00:00 até 22/09/2026 23:59:59 - NF: Todos,7898932297475,ESSENCIA AROMASIL 140ML CAMPESTRE,AROMASIL,3,Todos
Todos Vendedores - 01/07/2026 00:00:00 até 22/09/2026 23:59:59 - NF: Todos,M916-1,ESPONJA WISH MULTI USO,WISH,25,Todos
Todos Vendedores - 01/07/2026 00:00:00 até 22/09/2026 23:59:59 - NF: Todos,7898509280947,ESPONJA SUPER PRO,SUPER PRO ,25,Todos
Todos Vendedores - 01/07/2026 00:00:00 até 22/09/2026 23:59:59 - NF: Todos,7896001004504,ESPONJA ESFREBOM MULTI USO,ESFREBOM,50,Todos
Todos Vendedores - 01/07/2026 00:00:00 até 22/09/2026 23:59:59 - NF: Todos,000123,ESPETO DE PANCETA,.,"3,74",Todos
Todos Vendedores - 01/07/2026 00:00:00 até 22/09/2026 23:59:59 - NF: Todos,000062,ESPETO DE LINGUICA,.,"70,732",Todos
Todos Vendedores - 01/07/2026 00:00:00 até 22/09/2026 23:59:59 - NF: Todos,000094,ESPETO DE FRANGO,.,"68,651",Todos
Todos Vendedores - 01/07/2026 00:00:00 até 22/09/2026 23:59:59 - NF: Todos,000024,ESPETO DE CORACAO,.,"8,998",Todos
Todos Vendedores - 01/07/2026 00:00:00 até 22/09/2026 23:59:59 - NF: Todos,000023,ESPETO DE CAFTA,.,"40,94",Todos
Todos Vendedores - 01/07/2026 00:00:00 até 22/09/2026 23:59:59 - NF: Todos,M1006-1,ESPETO DE BAMBU 25CM 50UND GINA,GINA,25,Todos
Todos Vendedores - 01/07/2026 00:00:00 até 22/09/2026 23:59:59 - NF: Todos,000022,ESPETO BOVINO,.,"119,141",Todos
Todos Vendedores - 01/07/2026 00:00:00 até 22/09/2026 23:59:59 - NF: Todos,M1577-1,ESPETINHO DE QUEIJO COALHI COM GOIABADA,EMPORIO CAIPIRA,10,Todos
Todos Vendedores - 01/07/2026 00:00:00 até 22/09/2026 23:59:59 - NF: Todos,M1217-1,ESPELHO 14 - NIL-LAR,NIL-LAR,2,Todos
Todos Vendedores - 01/07/2026 00:00:00 até 22/09/2026 23:59:59 - NF: Todos,M2673-1,ESFIRRA DE CARNE 500G,A CASA DO SALGADO,10,Todos
Todos Vendedores - 01/07/2026 00:00:00 até 22/09/2026 23:59:59 - NF: Todos,M2661-1,ESFIHA DE CARNE MINI 500 G,A CASA DO SALGADO,1,Todos
Todos Vendedores - 01/07/2026 00:00:00 até 22/09/2026 23:59:59 - NF: Todos,M743-1,ESCOVA OVAL PLASTICO,CLAMAX,3,Todos
Todos Vendedores - 01/07/2026 00:00:00 até 22/09/2026 23:59:59 - NF: Todos,M742-1,ESCOVA OVAL MADEIRA,CLAMAX,1,Todos
Todos Vendedores - 01/07/2026 00:00:00 até 22/09/2026 23:59:59 - NF: Todos,M2151-1,ESCOVA DENTAL NAVY FLESH,NAVY,6,Todos
Todos Vendedores - 01/07/2026 00:00:00 até 22/09/2026 23:59:59 - NF: Todos,7908214702624,ESCOVA DENTAL INFANTIL CLEAN,CLEAN,1,Todos
Todos Vendedores - 01/07/2026 00:00:00 até 22/09/2026 23:59:59 - NF: Todos,M2477-1,ESCOVA DENTAL DENTLIMP ULTRA CLASSIC MACIA,DENTLIMP,15,Todos
Todos Vendedores - 01/07/2026 00:00:00 até 22/09/2026 23:59:59 - NF: Todos,7908214754081,ESCOVA DENTAL CLEAN B,CLEAN B ,6,Todos
Todos Vendedores - 01/07/2026 00:00:00 até 22/09/2026 23:59:59 - NF: Todos,M931-1,ESCOVA DENTAL CLASSIC MACIA-GRANDE,HILLO,7,Todos
Todos Vendedores - 01/07/2026 00:00:00 até 22/09/2026 23:59:59 - NF: Todos,M203-1,ERVILHA PREDILECTA 170G,PREDILECTA,9,Todos
Todos Vendedores - 01/07/2026 00:00:00 até 22/09/2026 23:59:59 - NF: Todos,7898046373423,ERVAS FINAS 06G,CONDINEW,7,Todos
Todos Vendedores - 01/07/2026 00:00:00 até 22/09/2026 23:59:59 - NF: Todos,M2622-1,ENXAGUE BUCAL CLOSEUP 250ML ZERO A RED HOT,CLOSEUP,2,Todos
Todos Vendedores - 01/07/2026 00:00:00 até 22/09/2026 23:59:59 - NF: Todos,M1333-1,ENERGY DRINK FURIA 2L,FURIA,3,Todos
Todos Vendedores - 01/07/2026 00:00:00 até 22/09/2026 23:59:59 - NF: Todos,7897395031626,ENERGETICO TNT ORIGINAL 473ML,TNT,1,Todos
Todos Vendedores - 01/07/2026 00:00:00 até 22/09/2026 23:59:59 - NF: Todos,M1424-1,ENERGETICO MSX 269ML,MSX,4,Todos
Todos Vendedores - 01/07/2026 00:00:00 até 22/09/2026 23:59:59 - NF: Todos,M1500-1,ENERGETICO BALY TRADIONAL 2L,BALY,10,Todos
Todos Vendedores - 01/07/2026 00:00:00 até 22/09/2026 23:59:59 - NF: Todos,M2759-1,ENERGETICO ACAI COM GUARANA 269ML,TNT,1,Todos
Todos Vendedores - 01/07/2026 00:00:00 até 22/09/2026 23:59:59 - NF: Todos,M2760-1,ENERGETICO,TNT,2,Todos
Todos Vendedores - 01/07/2026 00:00:00 até 22/09/2026 23:59:59 - NF: Todos,M2447-1,ENERG MONSTER ULTRA STRAWBERRY,MONSTER,4,Todos
Todos Vendedores - 01/07/2026 00:00:00 até 22/09/2026 23:59:59 - NF: Todos,M63-1,EMPANADO DE FRANGO CONGELADO,CRISPTY CHCKEN,"4,06",Todos
Todos Vendedores - 01/07/2026 00:00:00 até 22/09/2026 23:59:59 - NF: Todos,M1286-1,EISENBAHN 350ML UN,EISENBAHN,3,Todos
Todos Vendedores - 01/07/2026 00:00:00 até 22/09/2026 23:59:59 - NF: Todos,M747-1,DUREPOXI 50G,LOCTITE,15,Todos
Todos Vendedores - 01/07/2026 00:00:00 até 22/09/2026 23:59:59 - NF: Todos,M85-1,"DROPS MENTOS FRUTAS 37,5G",MENTOS,3,Todos
Todos Vendedores - 01/07/2026 00:00:00 até 22/09/2026 23:59:59 - NF: Todos,M1998-1,DROPS HALLS MENTOL,HALLS,7,Todos
Todos Vendedores - 01/07/2026 00:00:00 até 22/09/2026 23:59:59 - NF: Todos,78938830,DROPS HALLS MENTA,HALLS,14,Todos
Todos Vendedores - 01/07/2026 00:00:00 até 22/09/2026 23:59:59 - NF: Todos,M2422-1,DROPS HALLS MELANCIA,HALLS,11,Todos
Todos Vendedores - 01/07/2026 00:00:00 até 22/09/2026 23:59:59 - NF: Todos,78931640,DOVE MEN CARE 30ML,DOVE,1,Todos
Todos Vendedores - 01/07/2026 00:00:00 até 22/09/2026 23:59:59 - NF: Todos,M2101-1,DOVE CONDICIONADOR UV REPAIR 150ML,DOVE,1,Todos
Todos Vendedores - 01/07/2026 00:00:00 até 22/09/2026 23:59:59 - NF: Todos,7891150102552,DOVE CONDICIONADOR HIDRATAÇÃO 190ML,DOVE,2,Todos
Todos Vendedores - 01/07/2026 00:00:00 até 22/09/2026 23:59:59 - NF: Todos,M1041-1,DORITOS NACHO 75G,PEPSICO,31,Todos
Todos Vendedores - 01/07/2026 00:00:00 até 22/09/2026 23:59:59 - NF: Todos,M1048-1,DORITOS NACHO 37G,PEPSICO,30,Todos
Todos Vendedores - 01/07/2026 00:00:00 até 22/09/2026 23:59:59 - NF: Todos,M1034-1,DORITOS NACHO 120G,PEPSICO,26,Todos
Todos Vendedores - 01/07/2026 00:00:00 até 22/09/2026 23:59:59 - NF: Todos,M1047-1,DORITOS DINAM FLAMIN HOT 60G,PEPSICO,15,Todos
Todos Vendedores - 01/07/2026 00:00:00 até 22/09/2026 23:59:59 - NF: Todos,M944-1,DOLCE SABOR LEITE COM COCO,NOPONTO,5,Todos
Todos Vendedores - 01/07/2026 00:00:00 até 22/09/2026 23:59:59 - NF: Todos,M942-1,DOCES ELIS PALITO,.,91,Todos
Todos Vendedores - 01/07/2026 00:00:00 até 22/09/2026 23:59:59 - NF: Todos,M429-1,DOCES DIVERSOS,MARUMAR,308,Todos
Todos Vendedores - 01/07/2026 00:00:00 até 22/09/2026 23:59:59 - NF: Todos,M941-1,DOCE SABOR LEITE COM CHOCOLATE,.,12,Todos
Todos Vendedores - 01/07/2026 00:00:00 até 22/09/2026 23:59:59 - NF: Todos,M789-1,DOCE PASTOSO COM LEITE E GELEIA DE AMEIXA 680G,FRANCHESCO,6,Todos
Todos Vendedores - 01/07/2026 00:00:00 até 22/09/2026 23:59:59 - NF: Todos,M788-1,DOCE PASTOSO COM LEITE 680G,FRANCHESCO,4,Todos
Todos Vendedores - 01/07/2026 00:00:00 até 22/09/2026 23:59:59 - NF: Todos,M2489-1,DOCE PASTOSO COM GELEIA DE PIMENTA 450G,REI DO DOCE ,3,Todos
Todos Vendedores - 01/07/2026 00:00:00 até 22/09/2026 23:59:59 - NF: Todos,M2487-1,DOCE PASTOSO COM COCO 450G,REI DO DOCE ,8,Todos
Todos Vendedores - 01/07/2026 00:00:00 até 22/09/2026 23:59:59 - NF: Todos,M2490-1,DOCE PASTOSO COM CHOCOLATE 450G,REI DO DOCE ,5,Todos
Todos Vendedores - 01/07/2026 00:00:00 até 22/09/2026 23:59:59 - NF: Todos,7896536500342,DOCE DE PESSEGO EXTRA 830G,CATOINHO,10,Todos
Todos Vendedores - 01/07/2026 00:00:00 até 22/09/2026 23:59:59 - NF: Todos,M1430-1,DOCE DE BATATA DOCE,GALVANI,30,Todos
Todos Vendedores - 01/07/2026 00:00:00 até 22/09/2026 23:59:59 - NF: Todos,M1311-1,DOCE DE AMENDOIM GALVANI 90G,GALVANI,78,Todos
Todos Vendedores - 01/07/2026 00:00:00 até 22/09/2026 23:59:59 - NF: Todos,M943-1,DOCE BRIGADEIRO,NOPONTO,21,Todos
Todos Vendedores - 01/07/2026 00:00:00 até 22/09/2026 23:59:59 - NF: Todos,123456,DIVERSOS CONSTRUÇÃO,NIL-LAR,144,Todos
Todos Vendedores - 01/07/2026 00:00:00 até 22/09/2026 23:59:59 - NF: Todos,M984-1,DEUSA FAROFA DE MANDIOCA,DEUSA,2,Todos
Todos Vendedores - 01/07/2026 00:00:00 até 22/09/2026 23:59:59 - NF: Todos,7896117600058,DEUSA FARINHA MANDIOCA BIJU TEMPERADO TRADICIONAL,DEUSA,19,Todos
Todos Vendedores - 01/07/2026 00:00:00 até 22/09/2026 23:59:59 - NF: Todos,7896098900253,DETERGENTE YPE CLEAR,Ype,62,Todos
Todos Vendedores - 01/07/2026 00:00:00 até 22/09/2026 23:59:59 - NF: Todos,7897664130043,DETERGENTE MINUANO 500ML,MINUANO,2,Todos
Todos Vendedores - 01/07/2026 00:00:00 até 22/09/2026 23:59:59 - NF: Todos,M179-1,DETERGENTE LIQUIDO MINUANO 500ML NEUTRO,MINUANO,9,Todos
Todos Vendedores - 01/07/2026 00:00:00 até 22/09/2026 23:59:59 - NF: Todos,M2788-1,DETERGENTE LIMPOL NEUTRO 500ML,LIMPOL ,14,Todos
Todos Vendedores - 01/07/2026 00:00:00 até 22/09/2026 23:59:59 - NF: Todos,7891150064317,DETERGENTE EM PO OMO 800G LAV. PERFEITA,OMO,28,Todos
Todos Vendedores - 01/07/2026 00:00:00 até 22/09/2026 23:59:59 - NF: Todos,M2094-1,DETERGENTE EM PO OMO 700G LAV. PERFEITA,OMO,30,Todos
Todos Vendedores - 01/07/2026 00:00:00 até 22/09/2026 23:59:59 - NF: Todos,M1580-1,DETERGENTE 500ML NEUTRO,SUPREMA,1,Todos
Todos Vendedores - 01/07/2026 00:00:00 até 22/09/2026 23:59:59 - NF: Todos,M11-1,DETERG LIQ.YPE 500ML NEUTRO,Ype,188,Todos
Todos Vendedores - 01/07/2026 00:00:00 até 22/09/2026 23:59:59 - NF: Todos,M305-1,DESODORANTE REXONA ROLL-ON 50ML MEN V8,REXONA,6,Todos
Todos Vendedores - 01/07/2026 00:00:00 até 22/09/2026 23:59:59 - NF: Todos,M2611-1,DESODORANTE REXONA ROLL-ON 50ML BAMBO,REXONA,2,Todos
Todos Vendedores - 01/07/2026 00:00:00 até 22/09/2026 23:59:59 - NF: Todos,M303-1,DESODORANTE REXONA AERO 150ML MEN V8,REXONA,4,Todos
Todos Vendedores - 01/07/2026 00:00:00 até 22/09/2026 23:59:59 - NF: Todos,M302-1,DESODORANTE REXONA AERO 150ML MEN ACTIVE,REXONA,4,Todos
Todos Vendedores - 01/07/2026 00:00:00 até 22/09/2026 23:59:59 - NF: Todos,M2619-1,DESODORANTE REXONA AERO 150ML MEN,REXONA,2,Todos
Todos Vendedores - 01/07/2026 00:00:00 até 22/09/2026 23:59:59 - NF: Todos,M301-1,DESODORANTE REXONA AERO 150ML FEM INVISIBLE,REXONA,5,Todos
Todos Vendedores - 01/07/2026 00:00:00 até 22/09/2026 23:59:59 - NF: Todos,M300-1,DESODORANTE DOVE ROLL-ON 50ML FEM ORIGINAL,DOVE,6,Todos
Todos Vendedores - 01/07/2026 00:00:00 até 22/09/2026 23:59:59 - NF: Todos,M299-1,DESODORANTE DOVE ROLL-ON 50ML FEM GO FRESH ROMA,DOVE,1,Todos
Todos Vendedores - 01/07/2026 00:00:00 até 22/09/2026 23:59:59 - NF: Todos,M297-1,DESODORANTE DOVE AERO 150ML MEN CUIDADO TOTAL,DOVE,5,Todos
Todos Vendedores - 01/07/2026 00:00:00 até 22/09/2026 23:59:59 - NF: Todos,M296-1,DESODORANTE DOVE AERO 150ML FEM ORIGINAL,DOVE,12,Todos
Todos Vendedores - 01/07/2026 00:00:00 até 22/09/2026 23:59:59 - NF: Todos,M2747-1,DESODORANTE DOVE AERO 150ML FEM BEAUTY FINISH*,DOVE,3,Todos
Todos Vendedores - 01/07/2026 00:00:00 até 22/09/2026 23:59:59 - NF: Todos,M269-1,DESINFETANTE URCA 2L LAVANDA ROXO,URCA,2,Todos
Todos Vendedores - 01/07/2026 00:00:00 até 22/09/2026 23:59:59 - NF: Todos,M158-1,DESINFETANTE PINHO BRIL 500ML,PINHO BRIL,7,Todos
Todos Vendedores - 01/07/2026 00:00:00 até 22/09/2026 23:59:59 - NF: Todos,M270-1,DESINFETANTE BUFALO 750ML JASMIM,BUFALO,12,Todos
Todos Vendedores - 01/07/2026 00:00:00 até 22/09/2026 23:59:59 - NF: Todos,M914-1,DESINFETANTE BACTERICIDA LAVANDA 2 LITROS,BUFALO,8,Todos
Todos Vendedores - 01/07/2026 00:00:00 até 22/09/2026 23:59:59 - NF: Todos,7896183301019,DESINF SANOL 2L LAVANDA,SANOL ,2,Todos
Todos Vendedores - 01/07/2026 00:00:00 até 22/09/2026 23:59:59 - NF: Todos,M1806-1,DESINF PINHO BRIL L500P450 P SILVESTRE C,PINHO BRIL,2,Todos
Todos Vendedores - 01/07/2026 00:00:00 até 22/09/2026 23:59:59 - NF: Todos,M1519-1,DESINF BUFALO 2L JASMIM,BUFALO,1,Todos
Todos Vendedores - 01/07/2026 00:00:00 até 22/09/2026 23:59:59 - NF: Todos,M2225-1,DESINF BUFALO 2L HERBAL,BUFALO,2,Todos
Todos Vendedores - 01/07/2026 00:00:00 até 22/09/2026 23:59:59 - NF: Todos,7897664140196,DESIFETANTE LAVANTA MINUANO 500ML,MINUANO,6,Todos
Todos Vendedores - 01/07/2026 00:00:00 até 22/09/2026 23:59:59 - NF: Todos,7897664140219,DESIFETANTE FLORAL 500 ML MINUANO,MINUANO,3,Todos
Todos Vendedores - 01/07/2026 00:00:00 até 22/09/2026 23:59:59 - NF: Todos,M1397-1,DESENGRIPANTE 300ML,GITANES,6,Todos
Todos Vendedores - 01/07/2026 00:00:00 até 22/09/2026 23:59:59 - NF: Todos,M264-1,DESENGORDURANTE AZULIM 500ML,AZULIM,24,Todos
Todos Vendedores - 01/07/2026 00:00:00 até 22/09/2026 23:59:59 - NF: Todos,M412-1,DENTADURAS 80G,FINI,37,Todos
Todos Vendedores - 01/07/2026 00:00:00 até 22/09/2026 23:59:59 - NF: Todos,5,DELIVERY,.,17,Todos
Todos Vendedores - 01/07/2026 00:00:00 até 22/09/2026 23:59:59 - NF: Todos,7894900660357,DEL VALLE MANGA 1L,DEL VALLE,1,Todos
Todos Vendedores - 01/07/2026 00:00:00 até 22/09/2026 23:59:59 - NF: Todos,000021,CUPIM,.,"62,162",Todos
Todos Vendedores - 01/07/2026 00:00:00 até 22/09/2026 23:59:59 - NF: Todos,M1743-1,CRYSTAL ICE LIMAO  275ML,CRYSTAL,23,Todos
Todos Vendedores - 01/07/2026 00:00:00 até 22/09/2026 23:59:59 - NF: Todos,M1744-1,CRYSTAL ICE FRUTAS AMARELAS 275ML,CRYSTAL,2,Todos
Todos Vendedores - 01/07/2026 00:00:00 até 22/09/2026 23:59:59 - NF: Todos,M1554-1,CRYSTAL FRUTAS VERMELHA  275ML,CRYSTAL,11,Todos
Todos Vendedores - 01/07/2026 00:00:00 até 22/09/2026 23:59:59 - NF: Todos,M1191-1,CROCANTISSIMO SALAME C LIMAO 40g BIMBO,BIMBO,7,Todos
Todos Vendedores - 01/07/2026 00:00:00 até 22/09/2026 23:59:59 - NF: Todos,M1194-1,CROCANTISSIMO QUEIJO E CEBOLA 40G BIMBO,BIMBO,2,Todos
Todos Vendedores - 01/07/2026 00:00:00 até 22/09/2026 23:59:59 - NF: Todos,M1193-1,CROCANTISSIMO PEITO DE PERU COM REQUEIJAO 40G BIMBO,BIMBO,2,Todos
Todos Vendedores - 01/07/2026 00:00:00 até 22/09/2026 23:59:59 - NF: Todos,M1190-1,CROCANTISSIMO CHURRASCO 40G BIMBO,BIMBO,1,Todos
Todos Vendedores - 01/07/2026 00:00:00 até 22/09/2026 23:59:59 - NF: Todos,M121-1,CREME LEITE QUATA 200G,QUATA,24,Todos
Todos Vendedores - 01/07/2026 00:00:00 até 22/09/2026 23:59:59 - NF: Todos,M173-1,CREME LEITE PIRACANJUBA 200G,PIRACANJUBA,208,Todos
Todos Vendedores - 01/07/2026 00:00:00 até 22/09/2026 23:59:59 - NF: Todos,M604-1,CREME LEITE MOCOCA 200G,.,68,Todos
Todos Vendedores - 01/07/2026 00:00:00 até 22/09/2026 23:59:59 - NF: Todos,M228-1,CREME LEITE ITALAC 200G,Italac,115,Todos
Todos Vendedores - 01/07/2026 00:00:00 até 22/09/2026 23:59:59 - NF: Todos,M683-1,CREME DENTAL TRIPLE 70G MENTA AMERICANA,CLOSEUP,12,Todos
Todos Vendedores - 01/07/2026 00:00:00 até 22/09/2026 23:59:59 - NF: Todos,M682-1,CREME DENTAL TRIPLE 70G MENTA,CLOSEUP,15,Todos
Todos Vendedores - 01/07/2026 00:00:00 até 22/09/2026 23:59:59 - NF: Todos,M681-1,CREME DENTAL TRIPLE 70G HORTELA,CLOSEUP,5,Todos
Todos Vendedores - 01/07/2026 00:00:00 até 22/09/2026 23:59:59 - NF: Todos,M2630-1,CREME DENTAL ORAL B 70G EXTRA BRANCO,ORAL B ,6,Todos
Todos Vendedores - 01/07/2026 00:00:00 até 22/09/2026 23:59:59 - NF: Todos,7506339363883,CREME DENTAL ORAL B 70G,ORAL B ,15,Todos
Todos Vendedores - 01/07/2026 00:00:00 até 22/09/2026 23:59:59 - NF: Todos,M254-1,CREME DENTAL COLGATE 90G,COLGATE,22,Todos
Todos Vendedores - 01/07/2026 00:00:00 até 22/09/2026 23:59:59 - NF: Todos,M583-1,CREME DE PIMENTA SALSA COM MOSTARDA ALEMAO,.,1,Todos
Todos Vendedores - 01/07/2026 00:00:00 até 22/09/2026 23:59:59 - NF: Todos,M585-1,CREME DE PIMENTA FURIOSO ALEMAO,.,1,Todos
Todos Vendedores - 01/07/2026 00:00:00 até 22/09/2026 23:59:59 - NF: Todos,7896256600780,CREME DE LEITE TIROL 200G,TIROL,41,Todos
Todos Vendedores - 01/07/2026 00:00:00 até 22/09/2026 23:59:59 - NF: Todos,M190-1,CREME CHANTILLY CHANTY MIX AMELIA 200ML,AMELIA,25,Todos
Todos Vendedores - 01/07/2026 00:00:00 até 22/09/2026 23:59:59 - NF: Todos,M40-1,CREME CEBOLA NEILAR 60G,NEILAR,45,Todos
Todos Vendedores - 01/07/2026 00:00:00 até 22/09/2026 23:59:59 - NF: Todos,M199-1,CREME AVELA NUTELLA 140G,NUTELA,11,Todos
Todos Vendedores - 01/07/2026 00:00:00 até 22/09/2026 23:59:59 - NF: Todos,M1513-1,CRAVO 06g,CONDINEW,13,Todos
Todos Vendedores - 01/07/2026 00:00:00 até 22/09/2026 23:59:59 - NF: Todos,M2659-1,COXINHA DE FRANGO  500G,A CASA DO SALGADO,8,Todos
Todos Vendedores - 01/07/2026 00:00:00 até 22/09/2026 23:59:59 - NF: Todos,000115,COXINHA DA ASA,.,"51,149",Todos
Todos Vendedores - 01/07/2026 00:00:00 até 22/09/2026 23:59:59 - NF: Todos,000093,COXINHA DA ASA,.,"281,609",Todos
Todos Vendedores - 01/07/2026 00:00:00 até 22/09/2026 23:59:59 - NF: Todos,000020,COXAO MOLE,.,"438,067",Todos
Todos Vendedores - 01/07/2026 00:00:00 até 22/09/2026 23:59:59 - NF: Todos,000019,COXAO DURO,.,"212,391",Todos
Todos Vendedores - 01/07/2026 00:00:00 até 22/09/2026 23:59:59 - NF: Todos,M2503-1,COXA E SOBRECOXA,SANTA CECILIA,1,Todos
Todos Vendedores - 01/07/2026 00:00:00 até 22/09/2026 23:59:59 - NF: Todos,000092,COXA COM SOBRECOXA,.,"796,753",Todos
Todos Vendedores - 01/07/2026 00:00:00 até 22/09/2026 23:59:59 - NF: Todos,070,COUVE,.,158,Todos
Todos Vendedores - 01/07/2026 00:00:00 até 22/09/2026 23:59:59 - NF: Todos,000126,COSTELINHA SUINA SALGADA,.,"32,867",Todos
Todos Vendedores - 01/07/2026 00:00:00 até 22/09/2026 23:59:59 - NF: Todos,000125,COSTELINHA SUINA,.,"604,051",Todos
Todos Vendedores - 01/07/2026 00:00:00 até 22/09/2026 23:59:59 - NF: Todos,000018,COSTELA DESSOSSADA,.,"3,151",Todos
Todos Vendedores - 01/07/2026 00:00:00 até 22/09/2026 23:59:59 - NF: Todos,000017,COSTELA BOVINA,.,"1160,829",Todos
Todos Vendedores - 01/07/2026 00:00:00 até 22/09/2026 23:59:59 - NF: Todos,M2177-1,CORONA EXTRA 350ML,CORONA,2,Todos
Todos Vendedores - 01/07/2026 00:00:00 até 22/09/2026 23:59:59 - NF: Todos,M1092-1,CORONA EXTRA 330ML,AMBEV,23,Todos
Todos Vendedores - 01/07/2026 00:00:00 até 22/09/2026 23:59:59 - NF: Todos,000091,CORACAO DE FRANGO,.,"130,012",Todos
Todos Vendedores - 01/07/2026 00:00:00 até 22/09/2026 23:59:59 - NF: Todos,742832318976,COPOS DESCARTAVEIS 100 UNIDADES,FONPLAST,11,Todos
Todos Vendedores - 01/07/2026 00:00:00 até 22/09/2026 23:59:59 - NF: Todos,7898965262693,COPO PLASTICO ECONOPOT 300ML BRANCO,ECONOPOT,2,Todos
Todos Vendedores - 01/07/2026 00:00:00 até 22/09/2026 23:59:59 - NF: Todos,M278-1,COPO PLASTICO ECONOPOT 180ML BRANC,ECONOPOT,7,Todos
Todos Vendedores - 01/07/2026 00:00:00 até 22/09/2026 23:59:59 - NF: Todos,M2454-1,COPO PLAST COPOMAIS 300ML TRANS COM 100,COPOMAIS ,1,Todos
Todos Vendedores - 01/07/2026 00:00:00 até 22/09/2026 23:59:59 - NF: Todos,742832318938,COPO DESCARTAVEIS 180ML,FONPLAST,24,Todos
Todos Vendedores - 01/07/2026 00:00:00 até 22/09/2026 23:59:59 - NF: Todos,000124,COPA LOMBO SEM OSSO,.,"26,824",Todos
Todos Vendedores - 01/07/2026 00:00:00 até 22/09/2026 23:59:59 - NF: Todos,M1017-1,CONVENÇÃO UVA 2L,CONVENÇÃO,28,Todos
Todos Vendedores - 01/07/2026 00:00:00 até 22/09/2026 23:59:59 - NF: Todos,M1637-1,CONVENÇAO LIMAO VITTS 2L,CONVENÇÃO,22,Todos
Todos Vendedores - 01/07/2026 00:00:00 até 22/09/2026 23:59:59 - NF: Todos,M1022-1,CONVENÇÃO LIMÃO 2L,CONVENÇÃO,19,Todos
Todos Vendedores - 01/07/2026 00:00:00 até 22/09/2026 23:59:59 - NF: Todos,M1135-1,CONVENCAO GUARANA PET 350ML,CONVENÇÃO,1,Todos
Todos Vendedores - 01/07/2026 00:00:00 até 22/09/2026 23:59:59 - NF: Todos,M1020-1,CONVENÇAO GUARANA 2L,CONVENÇÃO,33,Todos
Todos Vendedores - 01/07/2026 00:00:00 até 22/09/2026 23:59:59 - NF: Todos,M1018-1,CONVENÇÂO FRUTAINA 2L,CONVENÇÃO,29,Todos
Todos Vendedores - 01/07/2026 00:00:00 até 22/09/2026 23:59:59 - NF: Todos,M1019-1,CONVENÇÃO DE LARANJA 2L,CONVENÇÃO,25,Todos
Todos Vendedores - 01/07/2026 00:00:00 até 22/09/2026 23:59:59 - NF: Todos,M1136-1,CONVENCAO ABACAXI PET 350ML,CONVENÇÃO,8,Todos
Todos Vendedores - 01/07/2026 00:00:00 até 22/09/2026 23:59:59 - NF: Todos,M1023-1,CONVENÇÃO ABACAXI 2L,CONVENÇÃO,32,Todos
Todos Vendedores - 01/07/2026 00:00:00 até 22/09/2026 23:59:59 - NF: Todos,000016,CONTRAFILE BOV CHORIZO BASSI,SADIA,"12,57",Todos
Todos Vendedores - 01/07/2026 00:00:00 até 22/09/2026 23:59:59 - NF: Todos,000015,CONTRA FILE GRILL,.,"0,32",Todos
Todos Vendedores - 01/07/2026 00:00:00 até 22/09/2026 23:59:59 - NF: Todos,M87-1,CONTRA FILE,VALENCIO,"4,538",Todos
Todos Vendedores - 01/07/2026 00:00:00 até 22/09/2026 23:59:59 - NF: Todos,000014,CONTRA FILE,.,"987,139",Todos
Todos Vendedores - 01/07/2026 00:00:00 até 22/09/2026 23:59:59 - NF: Todos,M1151-1,CONTINI COQUETEL BIANCO 900ML,CONTINI,2,Todos
Todos Vendedores - 01/07/2026 00:00:00 até 22/09/2026 23:59:59 - NF: Todos,M567-1,CONHAQUE DREHER,.,3,Todos
Todos Vendedores - 01/07/2026 00:00:00 até 22/09/2026 23:59:59 - NF: Todos,M1227-1,CONDICIONADOR SEDA COLAGENO-VITAMINA C 250ML,SEDA,1,Todos
Todos Vendedores - 01/07/2026 00:00:00 até 22/09/2026 23:59:59 - NF: Todos,7891150037465,CONDICIONADOR SEDA CACHOS DEFINIDOS 325ML,SEDA,1,Todos
Todos Vendedores - 01/07/2026 00:00:00 até 22/09/2026 23:59:59 - NF: Todos,M977-1,CONDICIONADOR SEDA BRILHO CERAMIDAS 325ML,SEDA,6,Todos
Todos Vendedores - 01/07/2026 00:00:00 até 22/09/2026 23:59:59 - NF: Todos,M980-1,CONDICIONADOR LISO PERFEITO 325 ML,SEDA,2,Todos
Todos Vendedores - 01/07/2026 00:00:00 até 22/09/2026 23:59:59 - NF: Todos,M2618-1,CONDICIONADOR DOVE 190ML NUTRICAO+TRI-OLEOS,DOVE,2,Todos
Todos Vendedores - 01/07/2026 00:00:00 até 22/09/2026 23:59:59 - NF: Todos,M2096-1,COND SEDA BABOSA-PREB 250ML,SEDA,1,Todos
Todos Vendedores - 01/07/2026 00:00:00 até 22/09/2026 23:59:59 - NF: Todos,7891150099838,COND SEDA 300ML LUMINOUS UV GLYCOL+VITA,SEDA,3,Todos
Todos Vendedores - 01/07/2026 00:00:00 até 22/09/2026 23:59:59 - NF: Todos,M1742-1,COMINHO 20G,CONDINEW,14,Todos
Todos Vendedores - 01/07/2026 00:00:00 até 22/09/2026 23:59:59 - NF: Todos,M897-1,COMFORT FRESCOR INTENSO  500ML,COMFORT,18,Todos
Todos Vendedores - 01/07/2026 00:00:00 até 22/09/2026 23:59:59 - NF: Todos,7891150079991,COMFORT BRISA ELEGANTE 500ML,COMFORT,1,Todos
Todos Vendedores - 01/07/2026 00:00:00 até 22/09/2026 23:59:59 - NF: Todos,7897389300837,COLORIFICO 1KG,.,1,Todos
Todos Vendedores - 01/07/2026 00:00:00 até 22/09/2026 23:59:59 - NF: Todos,M1412-1,COLORIFICO 100G,CONDINEW,43,Todos
Todos Vendedores - 01/07/2026 00:00:00 até 22/09/2026 23:59:59 - NF: Todos,M806-1,COLORIFICO,CONDINEW,50,Todos
Todos Vendedores - 01/07/2026 00:00:00 até 22/09/2026 23:59:59 - NF: Todos,M2365-1,COLA SUPER BONDER 3G ORIGINAL,SUPER BONDE,6,Todos
Todos Vendedores - 01/07/2026 00:00:00 até 22/09/2026 23:59:59 - NF: Todos,090,COENTRO,.,193,Todos
Todos Vendedores - 01/07/2026 00:00:00 até 22/09/2026 23:59:59 - NF: Todos,000598,CODEGUIM,.,"4,682",Todos
Todos Vendedores - 01/07/2026 00:00:00 até 22/09/2026 23:59:59 - NF: Todos,M165-1,COCO RALADO MENINA 100G,MENINA,28,Todos
Todos Vendedores - 01/07/2026 00:00:00 até 22/09/2026 23:59:59 - NF: Todos,M2792-1,COCO RALADO INDIANO 100G,INDIANO,3,Todos
Todos Vendedores - 01/07/2026 00:00:00 até 22/09/2026 23:59:59 - NF: Todos,7898910048051,COCO RALADO INDIANO 100G,INDIANO,31,Todos
Todos Vendedores - 01/07/2026 00:00:00 até 22/09/2026 23:59:59 - NF: Todos,M744-1,COCO RALADO ADOÇADO 50G,INDIANO,3,Todos
Todos Vendedores - 01/07/2026 00:00:00 até 22/09/2026 23:59:59 - NF: Todos,M749-1,COCO RALADO 100G,SOCOCO,10,Todos
Todos Vendedores - 01/07/2026 00:00:00 até 22/09/2026 23:59:59 - NF: Todos,M945-1,COCADA RECHEADA,.,57,Todos
Todos Vendedores - 01/07/2026 00:00:00 até 22/09/2026 23:59:59 - NF: Todos,M778-1,COCADA CREMOSA 680G,FRANCHESCO,3,Todos
Todos Vendedores - 01/07/2026 00:00:00 até 22/09/2026 23:59:59 - NF: Todos,M2488-1,COCADA CREMOSA 450G,REI DO DOCE ,6,Todos
Todos Vendedores - 01/07/2026 00:00:00 até 22/09/2026 23:59:59 - NF: Todos,M1251-1,COCA-COLA ZERO LATA 350ML,COCA COLA,41,Todos
Todos Vendedores - 01/07/2026 00:00:00 até 22/09/2026 23:59:59 - NF: Todos,M2446-1,"COCA ZERO PET 1,5L",COCA COLA FEMSA,5,Todos
Todos Vendedores - 01/07/2026 00:00:00 até 22/09/2026 23:59:59 - NF: Todos,M94-1,COCA COLA ZERO PET 2L,COCA COLA FEMSA,"127,837",Todos
Todos Vendedores - 01/07/2026 00:00:00 até 22/09/2026 23:59:59 - NF: Todos,7894900701609,COCA COLA ZERO 600ML,COCA COLA,41,Todos
Todos Vendedores - 01/07/2026 00:00:00 até 22/09/2026 23:59:59 - NF: Todos,M96-1,Coca Cola Retornável Vidro 1L,COCA COLA FEMSA,113,Todos
Todos Vendedores - 01/07/2026 00:00:00 até 22/09/2026 23:59:59 - NF: Todos,7894900014211,COCA COLA RET 2L,COCA COLA,433,Todos
Todos Vendedores - 01/07/2026 00:00:00 até 22/09/2026 23:59:59 - NF: Todos,78908901,COCA COLA PET 200ml,COCA COLA FEMSA,160,Todos
Todos Vendedores - 01/07/2026 00:00:00 até 22/09/2026 23:59:59 - NF: Todos,7894900027013,COCA COLA ORIGINAL  2L,COCA COLA,283,Todos
Todos Vendedores - 01/07/2026 00:00:00 até 22/09/2026 23:59:59 - NF: Todos,7894900011609,COCA COLA 600ML,COCA COLA,41,Todos
Todos Vendedores - 01/07/2026 00:00:00 até 22/09/2026 23:59:59 - NF: Todos,7894900010015,COCA COLA 350ML,COCA COLA FEMSA,69,Todos
Todos Vendedores - 01/07/2026 00:00:00 até 22/09/2026 23:59:59 - NF: Todos,7894900701593,COCA COLA 3 LITROS ZERO AÇUCAR,COCA COLA,1,Todos
Todos Vendedores - 01/07/2026 00:00:00 até 22/09/2026 23:59:59 - NF: Todos,M1380-1,COCA COLA 2L RETORNAVEL,COA COLA,103,Todos
Todos Vendedores - 01/07/2026 00:00:00 até 22/09/2026 23:59:59 - NF: Todos,M1764-1,COCA COLA 220ML ZERO,COCA COLA,6,Todos
Todos Vendedores - 01/07/2026 00:00:00 até 22/09/2026 23:59:59 - NF: Todos,7894900010398,COCA COLA 220ml,COCA COLA,28,Todos
Todos Vendedores - 01/07/2026 00:00:00 até 22/09/2026 23:59:59 - NF: Todos,M2400-1,COCA COLA 200ML,COCA COLA,22,Todos
Todos Vendedores - 01/07/2026 00:00:00 até 22/09/2026 23:59:59 - NF: Todos,M2131-1,COCA 1L VDRO RETORNAVEL,COCA COLA,33,Todos
Todos Vendedores - 01/07/2026 00:00:00 até 22/09/2026 23:59:59 - NF: Todos,M1871-1,COALA EUCALIPTO 120 ML,COALA,2,Todos
Todos Vendedores - 01/07/2026 00:00:00 até 22/09/2026 23:59:59 - NF: Todos,M1870-1,COALA CAPIM LIMAO 120ML,COALA,3,Todos
Todos Vendedores - 01/07/2026 00:00:00 até 22/09/2026 23:59:59 - NF: Todos,M2632-1,COALA 120ML TALCO,COALA,2,Todos
Todos Vendedores - 01/07/2026 00:00:00 até 22/09/2026 23:59:59 - NF: Todos,M2820-1,COADOR DE CAFE MEDIO,COADOR DO SUL ,4,Todos
Todos Vendedores - 01/07/2026 00:00:00 até 22/09/2026 23:59:59 - NF: Todos,M2621-1,CLOSEUP 250ML,CLOSEUP,3,Todos
Todos Vendedores - 01/07/2026 00:00:00 até 22/09/2026 23:59:59 - NF: Todos,M1866-1,CIGARRO WINSTON BLUE,WINSTON,1,Todos
Todos Vendedores - 01/07/2026 00:00:00 até 22/09/2026 23:59:59 - NF: Todos,M1113-1,CIGARRO ROTHMANS RED,ROTHMANS,66,Todos
Todos Vendedores - 01/07/2026 00:00:00 até 22/09/2026 23:59:59 - NF: Todos,M1114-1,CIGARRO ROTHMANS GLOBAL RED,ROTHMANS,95,Todos
Todos Vendedores - 01/07/2026 00:00:00 até 22/09/2026 23:59:59 - NF: Todos,M1111-1,CIGARRO ROTHMANS GLOBAL,ROTHMANS,239,Todos
Todos Vendedores - 01/07/2026 00:00:00 até 22/09/2026 23:59:59 - NF: Todos,M1110-1,CIGARRO ROTHMANS CORE BLUE,ROTHMANS,258,Todos
Todos Vendedores - 01/07/2026 00:00:00 até 22/09/2026 23:59:59 - NF: Todos,M923-1,CIF CREMOSO 250ML,CIF,8,Todos
Todos Vendedores - 01/07/2026 00:00:00 até 22/09/2026 23:59:59 - NF: Todos,M738-1,CHUVEIRO MAXI DUCHA 5500W,LORENZETTI,2,Todos
Todos Vendedores - 01/07/2026 00:00:00 até 22/09/2026 23:59:59 - NF: Todos,M739-1,CHUVEIRO BELLA DUCHA 4T 6800W,LORENZETTI,1,Todos
Todos Vendedores - 01/07/2026 00:00:00 até 22/09/2026 23:59:59 - NF: Todos,M1364-1,CHURRASQUEIRA PEQUENA PRETA,.,1,Todos
Todos Vendedores - 01/07/2026 00:00:00 até 22/09/2026 23:59:59 - NF: Todos,M1359-1,CHURRASQUEIRA INOX MEDIA,.,1,Todos
Todos Vendedores - 01/07/2026 00:00:00 até 22/09/2026 23:59:59 - NF: Todos,M1362-1,CHURRASQUEIRA COM RODAS G,.,1,Todos
Todos Vendedores - 01/07/2026 00:00:00 até 22/09/2026 23:59:59 - NF: Todos,M1365-1,CHURRASQUEIRA ABAFO PEQUENA,.,1,Todos
Todos Vendedores - 01/07/2026 00:00:00 até 22/09/2026 23:59:59 - NF: Todos,101010,CHURRASQUEIRA  INOX GRANDE,.,1,Todos
Todos Vendedores - 01/07/2026 00:00:00 até 22/09/2026 23:59:59 - NF: Todos,000013,CHULETA,.,"405,464",Todos
Todos Vendedores - 01/07/2026 00:00:00 até 22/09/2026 23:59:59 - NF: Todos,001170,CHUCHU,.,"1,47",Todos
Todos Vendedores - 01/07/2026 00:00:00 até 22/09/2026 23:59:59 - NF: Todos,000599,CHOURICO,.,"26,535",Todos
Todos Vendedores - 01/07/2026 00:00:00 até 22/09/2026 23:59:59 - NF: Todos,000061,CHORIZO,.,"1,78",Todos
Todos Vendedores - 01/07/2026 00:00:00 até 22/09/2026 23:59:59 - NF: Todos,M1141-1,CHOKITO 32G,NESTLE,36,Todos
Todos Vendedores - 01/07/2026 00:00:00 até 22/09/2026 23:59:59 - NF: Todos,7896423470994,CHOCOLATE TWIX 40G ORIGINAL,TWIX,3,Todos
Todos Vendedores - 01/07/2026 00:00:00 até 22/09/2026 23:59:59 - NF: Todos,M2796-1,CHOCOLATE TRENTO BRANCO DARK,TRENTO,1,Todos
Todos Vendedores - 01/07/2026 00:00:00 até 22/09/2026 23:59:59 - NF: Todos,M2275-1,CHOCOLATE TRENTO 29G PISTACHE,TRENTO,2,Todos
Todos Vendedores - 01/07/2026 00:00:00 até 22/09/2026 23:59:59 - NF: Todos,M2507-1,CHOCOLATE TRENTO 29G MILK,TRENTO,11,Todos
Todos Vendedores - 01/07/2026 00:00:00 até 22/09/2026 23:59:59 - NF: Todos,7896306625275,CHOCOLATE TRENTO 29G DARK,TRENTO,24,Todos
Todos Vendedores - 01/07/2026 00:00:00 até 22/09/2026 23:59:59 - NF: Todos,M2278-1,CHOCOLATE TRENTO 29G CARAMELO,TRENTO,10,Todos
Todos Vendedores - 01/07/2026 00:00:00 até 22/09/2026 23:59:59 - NF: Todos,M733-1,CHOCOLATE TRADICIONAL 200G,Apti,10,Todos
Todos Vendedores - 01/07/2026 00:00:00 até 22/09/2026 23:59:59 - NF: Todos,M2321-1,CHOCOLATE NESTLE TAB 80G GALAK,NESTLE,11,Todos
Todos Vendedores - 01/07/2026 00:00:00 até 22/09/2026 23:59:59 - NF: Todos,M2320-1,CHOCOLATE NESTLE TAB 80G AO LEITE,NESTLE,44,Todos
Todos Vendedores - 01/07/2026 00:00:00 até 22/09/2026 23:59:59 - NF: Todos,M2319-1,CHOCOLATE NESTLE SUFLAIR 80G AO LEITE,NESTLE,39,Todos
Todos Vendedores - 01/07/2026 00:00:00 até 22/09/2026 23:59:59 - NF: Todos,M2508-1,CHOCOLATE NESTLE KITKAT,NESTLE,14,Todos
Todos Vendedores - 01/07/2026 00:00:00 até 22/09/2026 23:59:59 - NF: Todos,7891000368572,CHOCOLATE NESTLE 80G MEIO AMARGO 40%,NESTLE,33,Todos
Todos Vendedores - 01/07/2026 00:00:00 até 22/09/2026 23:59:59 - NF: Todos,M1563-1,CHOCOLATE KITKAT LEVE + PAGUE MENOS,KITKAT,1,Todos
Todos Vendedores - 01/07/2026 00:00:00 até 22/09/2026 23:59:59 - NF: Todos,M674-1,CHOCOLATE KITKAT,NESTLE,13,Todos
Todos Vendedores - 01/07/2026 00:00:00 até 22/09/2026 23:59:59 - NF: Todos,M2762-1,CHOCOLATE KITKAT,KITKAT,7,Todos
Todos Vendedores - 01/07/2026 00:00:00 até 22/09/2026 23:59:59 - NF: Todos,M2423-1,CHOCOLATE IOIO MIX,CALDO ,15,Todos
Todos Vendedores - 01/07/2026 00:00:00 até 22/09/2026 23:59:59 - NF: Todos,7899970402807,CHOCOLATE HERSHEYS 82G BRANCO,HERSHEYS,29,Todos
Todos Vendedores - 01/07/2026 00:00:00 até 22/09/2026 23:59:59 - NF: Todos,M227-1,CHOCOLATE GRANULADO DORI 120G,DORI,38,Todos
Todos Vendedores - 01/07/2026 00:00:00 até 22/09/2026 23:59:59 - NF: Todos,M161-1,CHOCOLATE BIS LACTA 100G BRANCO,LACTA,38,Todos
Todos Vendedores - 01/07/2026 00:00:00 até 22/09/2026 23:59:59 - NF: Todos,M162-1,CHOCOLATE BIS LACTA 100G AO LEITE,LACTA,43,Todos
Todos Vendedores - 01/07/2026 00:00:00 até 22/09/2026 23:59:59 - NF: Todos,M2200-1,CHOCOLATE BATON 16G AO LEITE,BATON,1,Todos
Todos Vendedores - 01/07/2026 00:00:00 até 22/09/2026 23:59:59 - NF: Todos,M2407-1,CHOCOLATE AMARGO 73 CACAU,HERSHEYS,2,Todos
Todos Vendedores - 01/07/2026 00:00:00 até 22/09/2026 23:59:59 - NF: Todos,7896025992887,CHINOTTO 269ML,CHINOTTO ,3,Todos
Todos Vendedores - 01/07/2026 00:00:00 até 22/09/2026 23:59:59 - NF: Todos,M804-1,CHIMICHURRI 10G,CONDINEW,61,Todos
Todos Vendedores - 01/07/2026 00:00:00 até 22/09/2026 23:59:59 - NF: Todos,M2199-1,CHICLE TRIDENT TUTTI-FRUTTI,TRIDENT,11,Todos
Todos Vendedores - 01/07/2026 00:00:00 até 22/09/2026 23:59:59 - NF: Todos,M1621-1,CHICLE TRIDENT MORANGO,TRIDENT,11,Todos
Todos Vendedores - 01/07/2026 00:00:00 até 22/09/2026 23:59:59 - NF: Todos,M954-1,CHICLE TRIDENT MENTA,TRIDENT,28,Todos
Todos Vendedores - 01/07/2026 00:00:00 até 22/09/2026 23:59:59 - NF: Todos,M953-1,CHICLE TRIDENT MELANCIA,TRIDENT,34,Todos
Todos Vendedores - 01/07/2026 00:00:00 até 22/09/2026 23:59:59 - NF: Todos,M955-1,CHICLE TRIDENT HORTELA,TRIDENT,26,Todos
Todos Vendedores - 01/07/2026 00:00:00 até 22/09/2026 23:59:59 - NF: Todos,M956-1,CHICLE TRIDENT CANELA,TRIDENT,5,Todos
Todos Vendedores - 01/07/2026 00:00:00 até 22/09/2026 23:59:59 - NF: Todos,M1874-1,CHICKEN CRISPY 300G,SEARA,1,Todos
Todos Vendedores - 01/07/2026 00:00:00 até 22/09/2026 23:59:59 - NF: Todos,080,CHEIRO VERDE,.,384,Todos
Todos Vendedores - 01/07/2026 00:00:00 até 22/09/2026 23:59:59 - NF: Todos,M1981-1,CHEETOS ONDA REQUEIJAO 39G,ruffles,5,Todos
Todos Vendedores - 01/07/2026 00:00:00 até 22/09/2026 23:59:59 - NF: Todos,M1980-1,CHEETOS ONDA REQ 90G,ruffles,23,Todos
Todos Vendedores - 01/07/2026 00:00:00 até 22/09/2026 23:59:59 - NF: Todos,M1978-1,CHEETOS MIX 70G,RUFLLES,21,Todos
Todos Vendedores - 01/07/2026 00:00:00 até 22/09/2026 23:59:59 - NF: Todos,M1979-1,CHEETOS LUA 80G,ruffles,21,Todos
Todos Vendedores - 01/07/2026 00:00:00 até 22/09/2026 23:59:59 - NF: Todos,M1982-1,CHEETOS LUA 34G,ruffles,11,Todos
Todos Vendedores - 01/07/2026 00:00:00 até 22/09/2026 23:59:59 - NF: Todos,7891000252819,CHAMYTO MORANGO 100G,CHAMYTO,6,Todos
Todos Vendedores - 01/07/2026 00:00:00 até 22/09/2026 23:59:59 - NF: Todos,7891000360668,CHAMYTO FRUTAS 100G,CHAMYTO,17,Todos
Todos Vendedores - 01/07/2026 00:00:00 até 22/09/2026 23:59:59 - NF: Todos,M1960-1,CHAMYTO 100G,CHAMYTO,6,Todos
Todos Vendedores - 01/07/2026 00:00:00 até 22/09/2026 23:59:59 - NF: Todos,M915-1,CHAMPIGNON INTEIRO EM CONSERVAS 130G,TOZZI,27,Todos
Todos Vendedores - 01/07/2026 00:00:00 até 22/09/2026 23:59:59 - NF: Todos,M1546-1,CHALISE 750ML VINHO SUAVE,CHELISE,2,Todos
Todos Vendedores - 01/07/2026 00:00:00 até 22/09/2026 23:59:59 - NF: Todos,M240-1,CHA LEAO MATTE 40G SAQUINHO NATURAL,LEAO ,6,Todos
Todos Vendedores - 01/07/2026 00:00:00 até 22/09/2026 23:59:59 - NF: Todos,M2771-1,CHA LEAO MATTE 250G GRANEL NATURAL,MATTE LEAO,2,Todos
Todos Vendedores - 01/07/2026 00:00:00 até 22/09/2026 23:59:59 - NF: Todos,M1030-1,CHÃ LEÃO ERVA-DOCE 16G,MATE LEÃO,9,Todos
Todos Vendedores - 01/07/2026 00:00:00 até 22/09/2026 23:59:59 - NF: Todos,M1184-1,CHA LEAO CAPIM-CIDREIRA 20G,CHA LEAO,7,Todos
Todos Vendedores - 01/07/2026 00:00:00 até 22/09/2026 23:59:59 - NF: Todos,M1031-1,CHA LEÃO CAMOMILA 10G,MATE LEÃO,11,Todos
Todos Vendedores - 01/07/2026 00:00:00 até 22/09/2026 23:59:59 - NF: Todos,M2786-1,CHA LEAO 10G SAQ HORTELA,LEAO ,3,Todos
Todos Vendedores - 01/07/2026 00:00:00 até 22/09/2026 23:59:59 - NF: Todos,M899-1,CERVEJA STELLA ARTOIS 330ML,.,33,Todos
Todos Vendedores - 01/07/2026 00:00:00 até 22/09/2026 23:59:59 - NF: Todos,M1166-1,CERVEJA SPATEN 330ML,SPATEN,8,Todos
Todos Vendedores - 01/07/2026 00:00:00 até 22/09/2026 23:59:59 - NF: Todos,M2441-1,CERVEJA SKOL SEM ALCOOL 350ML,AMBEV,64,Todos
Todos Vendedores - 01/07/2026 00:00:00 até 22/09/2026 23:59:59 - NF: Todos,M824-1,CERVEJA SKOL PILSEN 350ML,SKOL,863,Todos
Todos Vendedores - 01/07/2026 00:00:00 até 22/09/2026 23:59:59 - NF: Todos,7891991307680,CERVEJA SKOL 350ML 12 UNIDADES,SKOL,92,Todos
Todos Vendedores - 01/07/2026 00:00:00 até 22/09/2026 23:59:59 - NF: Todos,M1340-1,CERVEJA SKOL 269 ML 12 UND,SKOL,73,Todos
Todos Vendedores - 01/07/2026 00:00:00 até 22/09/2026 23:59:59 - NF: Todos,M597-1,CERVEJA PETRA 350ML,PETRA,87,Todos
Todos Vendedores - 01/07/2026 00:00:00 até 22/09/2026 23:59:59 - NF: Todos,M849-1,CERVEJA ITAIPAVA SEM ALCOOL 350ML,ITAIPAVA,45,Todos
Todos Vendedores - 01/07/2026 00:00:00 até 22/09/2026 23:59:59 - NF: Todos,M73-1,CERVEJA ITAIPAVA PILSEN 350ML,ITAIPAVA,700,Todos
Todos Vendedores - 01/07/2026 00:00:00 até 22/09/2026 23:59:59 - NF: Todos,M844-1,CERVEJA ITAIPAVA 350 ML 12 UNIDADES,ITAIPAVA,84,Todos
Todos Vendedores - 01/07/2026 00:00:00 até 22/09/2026 23:59:59 - NF: Todos,M2637-1,CERVEJA IMPERIO SEM ALCOOL 330ML,IMPERIO ,26,Todos
Todos Vendedores - 01/07/2026 00:00:00 até 22/09/2026 23:59:59 - NF: Todos,M993-1,CERVEJA IMPERIO PILSEN 350ML,IMPERIO ,122,Todos
Todos Vendedores - 01/07/2026 00:00:00 até 22/09/2026 23:59:59 - NF: Todos,M1138-1,CERVEJA IMPERIO GOLD 269ML,IMPERIO ,2,Todos
Todos Vendedores - 01/07/2026 00:00:00 até 22/09/2026 23:59:59 - NF: Todos,M1169-1,CERVEJA HEINEKEN 330ML LONGNECK 6UN,HEINEKEN,16,Todos
Todos Vendedores - 01/07/2026 00:00:00 até 22/09/2026 23:59:59 - NF: Todos,M841-1,CERVEJA ESCURA CARACU 350ML,CARACU,31,Todos
Todos Vendedores - 01/07/2026 00:00:00 até 22/09/2026 23:59:59 - NF: Todos,M836-1,CERVEJA BUDWEISER LONG NECK 330ML,BUDWEISER,2,Todos
Todos Vendedores - 01/07/2026 00:00:00 até 22/09/2026 23:59:59 - NF: Todos,M1200-1,CERVEJA BUDWEISER LATA 350ML,BUDWEISER,33,Todos
Todos Vendedores - 01/07/2026 00:00:00 até 22/09/2026 23:59:59 - NF: Todos,M866-1,CERVEJA BRAHMA MALZBIER 350ML,BRAHMA,22,Todos
Todos Vendedores - 01/07/2026 00:00:00 até 22/09/2026 23:59:59 - NF: Todos,M860-1,CERVEJA BRAHMA CHOPP 350 ML,BRAHMA,33,Todos
Todos Vendedores - 01/07/2026 00:00:00 até 22/09/2026 23:59:59 - NF: Todos,M865-1,CERVEJA BHAMA DUPLO MALTE 350ML,BRAHMA,74,Todos
Todos Vendedores - 01/07/2026 00:00:00 até 22/09/2026 23:59:59 - NF: Todos,M1028-1,CERVEJA ANTARTICA LATA 350ML,AMBEV,33,Todos
Todos Vendedores - 01/07/2026 00:00:00 até 22/09/2026 23:59:59 - NF: Todos,M869-1,CERVEJA AMSTEL LAFER 350ML,AMSTER ,58,Todos
Todos Vendedores - 01/07/2026 00:00:00 até 22/09/2026 23:59:59 - NF: Todos,M197-1,CEREAL MATINAL NESCAU 120G,NESCAU,14,Todos
Todos Vendedores - 01/07/2026 00:00:00 até 22/09/2026 23:59:59 - NF: Todos,000166,CENOURA,.,"96,76",Todos
Todos Vendedores - 01/07/2026 00:00:00 até 22/09/2026 23:59:59 - NF: Todos,M1976-1,CEBOLITOS 91G,ruffles,26,Todos
Todos Vendedores - 01/07/2026 00:00:00 até 22/09/2026 23:59:59 - NF: Todos,M1977-1,CEBOLITOS 35G,RUFLLES,1,Todos
Todos Vendedores - 01/07/2026 00:00:00 até 22/09/2026 23:59:59 - NF: Todos,000165,CEBOLA,.,"360,47",Todos
Todos Vendedores - 01/07/2026 00:00:00 até 22/09/2026 23:59:59 - NF: Todos,M411-1,CAVEIRA RECHEADA 80G,FINI,3,Todos
Todos Vendedores - 01/07/2026 00:00:00 até 22/09/2026 23:59:59 - NF: Todos,M564-1,CATUABA SELVAGEM,.,21,Todos
Todos Vendedores - 01/07/2026 00:00:00 até 22/09/2026 23:59:59 - NF: Todos,M175-1,CATCHUP QUERO 400G TRADICIONAL,QUERO,53,Todos
Todos Vendedores - 01/07/2026 00:00:00 até 22/09/2026 23:59:59 - NF: Todos,M2617-1,CATCHUP HELLMANNS 380G,HELLMANS ,9,Todos
Todos Vendedores - 01/07/2026 00:00:00 até 22/09/2026 23:59:59 - NF: Todos,M174-1,CATCHUP HEINZ 260G TRADICIONAL,HEINZ,6,Todos
Todos Vendedores - 01/07/2026 00:00:00 até 22/09/2026 23:59:59 - NF: Todos,7896040704625,CASA E PERFUME AGRADABLE 500ML,CASA E PERFUME ,16,Todos
Todos Vendedores - 01/07/2026 00:00:00 até 22/09/2026 23:59:59 - NF: Todos,303030,CARVAO 5KG,.,124,Todos
Todos Vendedores - 01/07/2026 00:00:00 até 22/09/2026 23:59:59 - NF: Todos,151515,"CARVAO 2,5KG",.,162,Todos
Todos Vendedores - 01/07/2026 00:00:00 até 22/09/2026 23:59:59 - NF: Todos,505050,CARVAO 10KG,.,87,Todos
Todos Vendedores - 01/07/2026 00:00:00 até 22/09/2026 23:59:59 - NF: Todos,M2374-1,CARNE SALGADA DE SUINO COM OSSO-RECORTES DE COSTELA-AURORA,AURORA,1,Todos
Todos Vendedores - 01/07/2026 00:00:00 até 22/09/2026 23:59:59 - NF: Todos,000012,CARNE SALGADA CURADA DESSECADA DE BOVINO,JA,"146,799",Todos
Todos Vendedores - 01/07/2026 00:00:00 até 22/09/2026 23:59:59 - NF: Todos,M2474-1,CARNE RESFRIADA DE FRANGO,GTF,1,Todos
Todos Vendedores - 01/07/2026 00:00:00 até 22/09/2026 23:59:59 - NF: Todos,000011,CARNE MOIDA BOVINA,.,"20,433",Todos
Todos Vendedores - 01/07/2026 00:00:00 até 22/09/2026 23:59:59 - NF: Todos,7891010015268,CAREFREE,CAREFREE,6,Todos
Todos Vendedores - 01/07/2026 00:00:00 até 22/09/2026 23:59:59 - NF: Todos,000010,CAPA DE FILE,.,"5,952",Todos
Todos Vendedores - 01/07/2026 00:00:00 até 22/09/2026 23:59:59 - NF: Todos,M1634-1,CANUDO DOCE DE LEITE,LAGO SILVEIRA,17,Todos
Todos Vendedores - 01/07/2026 00:00:00 até 22/09/2026 23:59:59 - NF: Todos,M25-1,CANJICA AMAFIL 500G BRANCA,AMAFIL,28,Todos
Todos Vendedores - 01/07/2026 00:00:00 até 22/09/2026 23:59:59 - NF: Todos,M1152-1,CANELINHA TAVERNA 900ML,TAVERNA,1,Todos
Todos Vendedores - 01/07/2026 00:00:00 até 22/09/2026 23:59:59 - NF: Todos,M797-1,CANELA EM PO 16G,CONDINEW,21,Todos
Todos Vendedores - 01/07/2026 00:00:00 até 22/09/2026 23:59:59 - NF: Todos,M795-1,CANELA CASCA 16G,CONDINEW,17,Todos
Todos Vendedores - 01/07/2026 00:00:00 até 22/09/2026 23:59:59 - NF: Todos,M2299-1,CAMPARI GARRAFA 748ml,CAMPARI,1,Todos
Todos Vendedores - 01/07/2026 00:00:00 até 22/09/2026 23:59:59 - NF: Todos,M796-1,CAMOMILA 6G,CONDINEW,15,Todos
Todos Vendedores - 01/07/2026 00:00:00 até 22/09/2026 23:59:59 - NF: Todos,M216-1,CALDO MAGGI 57G GALINHA,MAGGI,1,Todos
Todos Vendedores - 01/07/2026 00:00:00 até 22/09/2026 23:59:59 - NF: Todos,M289-1,CALDO KNORR 57G GALINHA,KNORR,17,Todos
Todos Vendedores - 01/07/2026 00:00:00 até 22/09/2026 23:59:59 - NF: Todos,M288-1,CALDO KNORR 57G CARNE,KNORR,27,Todos
Todos Vendedores - 01/07/2026 00:00:00 até 22/09/2026 23:59:59 - NF: Todos,M1181-1,CALDO DE LEGUMES 57G,Apti,3,Todos
Todos Vendedores - 01/07/2026 00:00:00 até 22/09/2026 23:59:59 - NF: Todos,M1179-1,CALDO DE COSTELA 57G,Apti,7,Todos
Todos Vendedores - 01/07/2026 00:00:00 até 22/09/2026 23:59:59 - NF: Todos,M1180-1,CALDO DE BACON 57G,Apti,9,Todos
Todos Vendedores - 01/07/2026 00:00:00 até 22/09/2026 23:59:59 - NF: Todos,M24-1,CALDO APTI 57G GALINHA,Apti,12,Todos
Todos Vendedores - 01/07/2026 00:00:00 até 22/09/2026 23:59:59 - NF: Todos,M19-1,CALDO APTI 57G CARNE,Apti,12,Todos
Todos Vendedores - 01/07/2026 00:00:00 até 22/09/2026 23:59:59 - NF: Todos,M1161-1,CAIXA SKOL 269ML 15UND,SKOL,47,Todos
Todos Vendedores - 01/07/2026 00:00:00 até 22/09/2026 23:59:59 - NF: Todos,M1158-1,CAIXA ORIGINAL 269ML 8LATAS,ORIGINAL,49,Todos
Todos Vendedores - 01/07/2026 00:00:00 até 22/09/2026 23:59:59 - NF: Todos,M2223-1,CAIXA ORIGINAL 269ML 15 LATAS,ORIGINAL,67,Todos
Todos Vendedores - 01/07/2026 00:00:00 até 22/09/2026 23:59:59 - NF: Todos,7891991016001,CAIXA ORIGINAL 12 UND LATA 350ML,ORIGINAL,14,Todos
Todos Vendedores - 01/07/2026 00:00:00 até 22/09/2026 23:59:59 - NF: Todos,M1485-1,CAIXA HEINEKEN 350ML 12LATAS,HEINEKEN,14,Todos
Todos Vendedores - 01/07/2026 00:00:00 até 22/09/2026 23:59:59 - NF: Todos,M1159-1,CAIXA HEINEKEN 269ML 8LATAS,HEINEKEN,17,Todos
Todos Vendedores - 01/07/2026 00:00:00 até 22/09/2026 23:59:59 - NF: Todos,17896256600220,CAIXA DE LEITE TIROL,TIROL,3,Todos
Todos Vendedores - 01/07/2026 00:00:00 até 22/09/2026 23:59:59 - NF: Todos,M1581-1,CAIXA CERVEJA IMPERIO PILSEN 12UND 350ML,IMPERIO ,15,Todos
Todos Vendedores - 01/07/2026 00:00:00 até 22/09/2026 23:59:59 - NF: Todos,M1264-1,CAIXA CERVEJA BRAHMA CHOPP 12UND,BRAHMA,6,Todos
Todos Vendedores - 01/07/2026 00:00:00 até 22/09/2026 23:59:59 - NF: Todos,M1674-1,CAIXA C/ 12 - LEITE INTEGRAL,AURORA,2,Todos
Todos Vendedores - 01/07/2026 00:00:00 até 22/09/2026 23:59:59 - NF: Todos,M1610-1,CAIXA BUDWEISER LATA 269ML,BUDWEISER,2,Todos
Todos Vendedores - 01/07/2026 00:00:00 até 22/09/2026 23:59:59 - NF: Todos,M1393-1,CAIXA BHAMA DUPLO MALTE 350ML 12LATAS,BRAHMA,4,Todos
Todos Vendedores - 01/07/2026 00:00:00 até 22/09/2026 23:59:59 - NF: Todos,M1160-1,CAIXA ANTARTICA 350ML 12LATAS,ANTARTICA,3,Todos
Todos Vendedores - 01/07/2026 00:00:00 até 22/09/2026 23:59:59 - NF: Todos,M1545-1,CAFE UNIAO 500G EXTRAFORTE,UNIAO,3,Todos
Todos Vendedores - 01/07/2026 00:00:00 até 22/09/2026 23:59:59 - NF: Todos,M1535-1,CAFE PILAO TRADICIONAL 500G,PILAO,181,Todos
Todos Vendedores - 01/07/2026 00:00:00 até 22/09/2026 23:59:59 - NF: Todos,M1615-1,CAFE PILAO EXTRAFORTE 500G,PILAO,58,Todos
Todos Vendedores - 01/07/2026 00:00:00 até 22/09/2026 23:59:59 - NF: Todos,7896089088656,CAFE PILAO 40G SOLUVEL,PILAO,9,Todos
Todos Vendedores - 01/07/2026 00:00:00 até 22/09/2026 23:59:59 - NF: Todos,M176-1,CAFE CABOCLO 500G TRADICIONAL,CABOCLO,4,Todos
Todos Vendedores - 01/07/2026 00:00:00 até 22/09/2026 23:59:59 - NF: Todos,M187-1,CAFE BRASILEIRO 250G TRADICIONAL,BRASILEIRO,3,Todos
Todos Vendedores - 01/07/2026 00:00:00 até 22/09/2026 23:59:59 - NF: Todos,M723-1,CAFE 500G TRADICIONAL,CAIÇARA,33,Todos
Todos Vendedores - 01/07/2026 00:00:00 até 22/09/2026 23:59:59 - NF: Todos,M722-1,CAFE 500G EXTRAFORTE,CAIÇARA,32,Todos
Todos Vendedores - 01/07/2026 00:00:00 até 22/09/2026 23:59:59 - NF: Todos,M727-1,CAFE 250G TRADICIONAL,CAIÇARA,13,Todos
Todos Vendedores - 01/07/2026 00:00:00 até 22/09/2026 23:59:59 - NF: Todos,M729-1,CAFE 250G EXTRAFORTE,CAIÇARA,31,Todos
Todos Vendedores - 01/07/2026 00:00:00 até 22/09/2026 23:59:59 - NF: Todos,M997-1,CACHAÇA ITUPEVA,.,23,Todos
Todos Vendedores - 01/07/2026 00:00:00 até 22/09/2026 23:59:59 - NF: Todos,M565-1,CACHACA 51,.,13,Todos
Todos Vendedores - 01/07/2026 00:00:00 até 22/09/2026 23:59:59 - NF: Todos,M1377-1,CABARE ICE FRUTAS AMARELA 275ML,CABARE,14,Todos
Todos Vendedores - 01/07/2026 00:00:00 até 22/09/2026 23:59:59 - NF: Todos,7891991298421,BUDWEISER ZERO LONG NECK 330ML,AMBEV,3,Todos
Todos Vendedores - 01/07/2026 00:00:00 até 22/09/2026 23:59:59 - NF: Todos,M1372-1,BUDWEISER ZERO 350ML,BUD,9,Todos
Todos Vendedores - 01/07/2026 00:00:00 até 22/09/2026 23:59:59 - NF: Todos,M1389-1,BUDWEISER LATA 269ML,BUDWEISER,16,Todos
Todos Vendedores - 01/07/2026 00:00:00 até 22/09/2026 23:59:59 - NF: Todos,000009,BUCHO BOVINO,.,"81,912",Todos
Todos Vendedores - 01/07/2026 00:00:00 até 22/09/2026 23:59:59 - NF: Todos,M740-1,BUCHA VEGETAL,QUALLY,9,Todos
Todos Vendedores - 01/07/2026 00:00:00 até 22/09/2026 23:59:59 - NF: Todos,7891164149994,BROCOLIS,AURORA,38,Todos
Todos Vendedores - 01/07/2026 00:00:00 até 22/09/2026 23:59:59 - NF: Todos,M1495-1,BRILHANTE  800G CUIDADO TOTAL,BRILHANTE,9,Todos
Todos Vendedores - 01/07/2026 00:00:00 até 22/09/2026 23:59:59 - NF: Todos,M1431-1,BRAHMA ZERO LATA 350ML,BRAHMA,86,Todos
Todos Vendedores - 01/07/2026 00:00:00 até 22/09/2026 23:59:59 - NF: Todos,M2581-1,BRAHMA CHOPP ZERO LATA 350ML,BRAHMA,5,Todos
Todos Vendedores - 01/07/2026 00:00:00 até 22/09/2026 23:59:59 - NF: Todos,7891000325131,BOMBOM NESTLE 251G ESPECIALIDADES,NESTLE,1,Todos
Todos Vendedores - 01/07/2026 00:00:00 até 22/09/2026 23:59:59 - NF: Todos,7891000457467,BOMBOM NESTLE 220G ESPECIALIDADES,NESTLE,28,Todos
Todos Vendedores - 01/07/2026 00:00:00 até 22/09/2026 23:59:59 - NF: Todos,M116-1,"BOMBOM LACTA  250,6G FAVORITOS",LACTA,19,Todos
Todos Vendedores - 01/07/2026 00:00:00 até 22/09/2026 23:59:59 - NF: Todos,7891000457092,BOMBOM GAROTO 220G SORTIDOS,GAROTO,14,Todos
Todos Vendedores - 01/07/2026 00:00:00 até 22/09/2026 23:59:59 - NF: Todos,M151-1,BOM AR AERO 360ML LAVANDA,AERO,2,Todos
Todos Vendedores - 01/07/2026 00:00:00 até 22/09/2026 23:59:59 - NF: Todos,M2409-1,BOLO SABOR MARMORE 250G,SEVENBOYS,3,Todos
Todos Vendedores - 01/07/2026 00:00:00 até 22/09/2026 23:59:59 - NF: Todos,M2408-1,BOLO SABOR CHOCOLATE 250G,SEVENBOYS,1,Todos
Todos Vendedores - 01/07/2026 00:00:00 até 22/09/2026 23:59:59 - NF: Todos,M554-1,BOLO FRAPE 250G,BIMBO,9,Todos
Todos Vendedores - 01/07/2026 00:00:00 até 22/09/2026 23:59:59 - NF: Todos,M1189-1,BOLO DE LARANJA 250G BIMBO,PULMANN,10,Todos
Todos Vendedores - 01/07/2026 00:00:00 até 22/09/2026 23:59:59 - NF: Todos,M2411-1,BOLO DE LARANJA 250G,SEVENBOYS,1,Todos
Todos Vendedores - 01/07/2026 00:00:00 até 22/09/2026 23:59:59 - NF: Todos,M555-1,BOLO DE GOTAS DE CHOCOLATE 250G,BIMBO,11,Todos
Todos Vendedores - 01/07/2026 00:00:00 até 22/09/2026 23:59:59 - NF: Todos,M1751-1,BOLO DE FRAPE 300G,DLEO,1,Todos
Todos Vendedores - 01/07/2026 00:00:00 até 22/09/2026 23:59:59 - NF: Todos,M1750-1,BOLO DE COCO 300G,DLEO,1,Todos
Todos Vendedores - 01/07/2026 00:00:00 até 22/09/2026 23:59:59 - NF: Todos,M2410-1,BOLO DE COCO 250G,SEVENBOYS,7,Todos
Todos Vendedores - 01/07/2026 00:00:00 até 22/09/2026 23:59:59 - NF: Todos,M1755-1,BOLO DE CHOCOLATE 300G,DLEO,1,Todos
Todos Vendedores - 01/07/2026 00:00:00 até 22/09/2026 23:59:59 - NF: Todos,M403-1,BOLO DE CHOCOLATE 250G PULLMAN,BIMBO,11,Todos
Todos Vendedores - 01/07/2026 00:00:00 até 22/09/2026 23:59:59 - NF: Todos,M1441-1,BOLO CASEIRO CLASSIC BOLOS 500G,CLASSIC BOLOS,54,Todos
Todos Vendedores - 01/07/2026 00:00:00 até 22/09/2026 23:59:59 - NF: Todos,M2660-1,BOLINHA DE QUEIJO 500G,A CASA DO SALGADO,9,Todos
Todos Vendedores - 01/07/2026 00:00:00 até 22/09/2026 23:59:59 - NF: Todos,M1731-1,BOLACHGA CAVAQUINHA 400G,BEM MINERIN,16,Todos
Todos Vendedores - 01/07/2026 00:00:00 até 22/09/2026 23:59:59 - NF: Todos,M1729-1,BOLACHA ENROLADA SIMPLES 400G,BEM MINERIN,9,Todos
Todos Vendedores - 01/07/2026 00:00:00 até 22/09/2026 23:59:59 - NF: Todos,M1732-1,BOLACHA ENROLADA DE COCO 400G,BEM MINERIN,37,Todos
Todos Vendedores - 01/07/2026 00:00:00 até 22/09/2026 23:59:59 - NF: Todos,M1730-1,BOLACHA CAVAQUINHA DE COCO 400G,BEM MINERIN,19,Todos
Todos Vendedores - 01/07/2026 00:00:00 até 22/09/2026 23:59:59 - NF: Todos,000121,BISTECA SUINA,.,"576,267",Todos
Todos Vendedores - 01/07/2026 00:00:00 até 22/09/2026 23:59:59 - NF: Todos,M402-1,BISNAGUITO 300G  PULLMAN,BIMBO,33,Todos
Todos Vendedores - 01/07/2026 00:00:00 até 22/09/2026 23:59:59 - NF: Todos,M2572-1,BISNAGA ARTESANO NA CHAPA 300g,BIMBO,1,Todos
Todos Vendedores - 01/07/2026 00:00:00 até 22/09/2026 23:59:59 - NF: Todos,M2576-1,BISNAGA ARTESANO 300G,BIMBO,1,Todos
Todos Vendedores - 01/07/2026 00:00:00 até 22/09/2026 23:59:59 - NF: Todos,7896061302862,BISCOITO TUCS DIN CRACKERS 320G,TUCS,7,Todos
Todos Vendedores - 01/07/2026 00:00:00 até 22/09/2026 23:59:59 - NF: Todos,M119-1,BISCOITO TUCS DIN CRACKERS 100G,TUCS,49,Todos
Todos Vendedores - 01/07/2026 00:00:00 até 22/09/2026 23:59:59 - NF: Todos,M118-1,BISCOITO TUCS DIN CRACKERS 100G,TUCS,80,Todos
Todos Vendedores - 01/07/2026 00:00:00 até 22/09/2026 23:59:59 - NF: Todos,M2393-1,BISCOITO TRAKINAS MORANGO 126G,TRAKINAS,84,Todos
Todos Vendedores - 01/07/2026 00:00:00 até 22/09/2026 23:59:59 - NF: Todos,M236-1,BISCOITO TRAKINAS 126G CHOCOLATE,TRAKINAS,64,Todos
Todos Vendedores - 01/07/2026 00:00:00 até 22/09/2026 23:59:59 - NF: Todos,M424-1,BISCOITO POVILHO 80G,CAMILA,45,Todos
Todos Vendedores - 01/07/2026 00:00:00 até 22/09/2026 23:59:59 - NF: Todos,M145-1,BISCOITO OREO RECH 90G ORIGINAL BAUNILHA,OREO,49,Todos
Todos Vendedores - 01/07/2026 00:00:00 até 22/09/2026 23:59:59 - NF: Todos,M33-1,BISCOITO NIKITO RECHEADO120G CHOCOLATE,NIKITO,39,Todos
Todos Vendedores - 01/07/2026 00:00:00 até 22/09/2026 23:59:59 - NF: Todos,M2394-1,BISCOITO NIKITO MORANGO 120G,NIKITO,35,Todos
Todos Vendedores - 01/07/2026 00:00:00 até 22/09/2026 23:59:59 - NF: Todos,7891000376768,BISCOITO NEGRESCO 90G BAUNILHA,NEGRESCO,9,Todos
Todos Vendedores - 01/07/2026 00:00:00 até 22/09/2026 23:59:59 - NF: Todos,7896003740226,BISCOITO MARILAN MAIZENA 350G,Marilan,56,Todos
Todos Vendedores - 01/07/2026 00:00:00 até 22/09/2026 23:59:59 - NF: Todos,7896003740240,BISCOITO MARILAN LEITE 350G,Marilan,41,Todos
Todos Vendedores - 01/07/2026 00:00:00 até 22/09/2026 23:59:59 - NF: Todos,M284-1,BISCOITO MARILAN AGUA E SAL 350G,Marilan,44,Todos
Todos Vendedores - 01/07/2026 00:00:00 até 22/09/2026 23:59:59 - NF: Todos,M234-1,BISCOITO MABEL ROSQUINHA 300G LEITE,MABEL,38,Todos
Todos Vendedores - 01/07/2026 00:00:00 até 22/09/2026 23:59:59 - NF: Todos,M233-1,BISCOITO MABEL ROSQUINHA 300G COCO,MABEL,50,Todos
Todos Vendedores - 01/07/2026 00:00:00 até 22/09/2026 23:59:59 - NF: Todos,7896071030014,BISCOITO MABEL ROSQUINHA 300G CHOCOLATE,MABEL,42,Todos
Todos Vendedores - 01/07/2026 00:00:00 até 22/09/2026 23:59:59 - NF: Todos,M2733-1,BISCOITO LOOK 55G FLORESTA NEGRA,LOOK ,12,Todos
Todos Vendedores - 01/07/2026 00:00:00 até 22/09/2026 23:59:59 - NF: Todos,M1855-1,BISCOITO ITAMARATY LOOK 55G CHOCOLATE,ITAMARATY,104,Todos
Todos Vendedores - 01/07/2026 00:00:00 até 22/09/2026 23:59:59 - NF: Todos,835281000599,BISCOITO ITAMARATY LOOK 55G,ITAMARATY,21,Todos
Todos Vendedores - 01/07/2026 00:00:00 até 22/09/2026 23:59:59 - NF: Todos,7898176550367,BISCOITO FOFINHO MORANGO 110G,FOFINHO ,2,Todos
Todos Vendedores - 01/07/2026 00:00:00 até 22/09/2026 23:59:59 - NF: Todos,7898176550312,BISCOITO FOFINHO CHOCOLATE 110G,FOFINHO ,1,Todos
Todos Vendedores - 01/07/2026 00:00:00 até 22/09/2026 23:59:59 - NF: Todos,M1124-1,BISCOITO CAMILLA 200G,CAMILLA,71,Todos
Todos Vendedores - 01/07/2026 00:00:00 até 22/09/2026 23:59:59 - NF: Todos,M238-1,BISCOITO BAUDUCCO WAFER 140G MORANGO,WAFER,44,Todos
Todos Vendedores - 01/07/2026 00:00:00 até 22/09/2026 23:59:59 - NF: Todos,M237-1,BISCOITO BAUDUCCO WAFER 140G CHOCOLATE,WAFER,82,Todos
Todos Vendedores - 01/07/2026 00:00:00 até 22/09/2026 23:59:59 - NF: Todos,M1725-1,BISCOITO BAMBOLE 400G,MESA MINEIRA,3,Todos
Todos Vendedores - 01/07/2026 00:00:00 até 22/09/2026 23:59:59 - NF: Todos,M1759-1,BISCOITO AMENDOA COM CHOCOLATE 200G,DLEO,3,Todos
Todos Vendedores - 01/07/2026 00:00:00 até 22/09/2026 23:59:59 - NF: Todos,M2141-1,BISCOIITO MARILAN LEITE 300G,Marilan,3,Todos
Todos Vendedores - 01/07/2026 00:00:00 até 22/09/2026 23:59:59 - NF: Todos,M1811-1,BISC.PASSATEMPO RECH 130G CHOCOLATE,PASSATEMPO,53,Todos
Todos Vendedores - 01/07/2026 00:00:00 até 22/09/2026 23:59:59 - NF: Todos,M2544-1,BISC.MABEL 300G LEITE,MABEL,13,Todos
Todos Vendedores - 01/07/2026 00:00:00 até 22/09/2026 23:59:59 - NF: Todos,000008,BIFE BOVINO TEMPERADO,.,"307,782",Todos
Todos Vendedores - 01/07/2026 00:00:00 até 22/09/2026 23:59:59 - NF: Todos,000007,BIFE BOVINO EMPANADO,.,"90,866",Todos
Todos Vendedores - 01/07/2026 00:00:00 até 22/09/2026 23:59:59 - NF: Todos,000006,BIFE ANCHO,.,"46,506",Todos
Todos Vendedores - 01/07/2026 00:00:00 até 22/09/2026 23:59:59 - NF: Todos,000005,BIFE A ROLE TEMPERADO,.,"26,159",Todos
Todos Vendedores - 01/07/2026 00:00:00 até 22/09/2026 23:59:59 - NF: Todos,M814-1,BICARBONATO DE SODIO 40G,CONDINEW,21,Todos
Todos Vendedores - 01/07/2026 00:00:00 até 22/09/2026 23:59:59 - NF: Todos,M2790-1,BIC SOLEIL BARBEAR,BIC,4,Todos
Todos Vendedores - 01/07/2026 00:00:00 até 22/09/2026 23:59:59 - NF: Todos,000164,BETERRABA,.,"1,81",Todos
Todos Vendedores - 01/07/2026 00:00:00 até 22/09/2026 23:59:59 - NF: Todos,7896587400035,BELISCÃO 400G,BOLACHAS BRALIA,6,Todos
Todos Vendedores - 01/07/2026 00:00:00 até 22/09/2026 23:59:59 - NF: Todos,7891164029302,BEBIDA SABOR MORANGO COM 15 G DE PROTEINA - 250ML,AURORA,4,Todos
Todos Vendedores - 01/07/2026 00:00:00 até 22/09/2026 23:59:59 - NF: Todos,7891164029319,BEBIDA SABOR CHOCOLATE COM 15 G DE PROTEINA - 250ML,AURORA,11,Todos
Todos Vendedores - 01/07/2026 00:00:00 até 22/09/2026 23:59:59 - NF: Todos,7898016050934,BEBIDA MORANGO 130G,JAMAVA,5,Todos
Todos Vendedores - 01/07/2026 00:00:00 até 22/09/2026 23:59:59 - NF: Todos,7898016050965,BEBIDA LACTEA POLPA MORANGO 470G,JAMAVA,1,Todos
Todos Vendedores - 01/07/2026 00:00:00 até 22/09/2026 23:59:59 - NF: Todos,7891164028695,BEBIDA LACTEA MORANGO 850G,AURORA,17,Todos
Todos Vendedores - 01/07/2026 00:00:00 até 22/09/2026 23:59:59 - NF: Todos,7898016050866,BEBIDA LACTEA MORANGO,JAMAVA,1,Todos
Todos Vendedores - 01/07/2026 00:00:00 até 22/09/2026 23:59:59 - NF: Todos,M2491-1,BEBIDA LACTEA FERM SAB SALADA DE FRUTA - 850GR,AURORA,18,Todos
Todos Vendedores - 01/07/2026 00:00:00 até 22/09/2026 23:59:59 - NF: Todos,7898377661848,BEBIDA CABARE ICE LIMAO 275ML,.,5,Todos
Todos Vendedores - 01/07/2026 00:00:00 até 22/09/2026 23:59:59 - NF: Todos,7897395000509,BEBIDA CABARE ICE FRUTAS VERMELHAS 275ML,.,11,Todos
Todos Vendedores - 01/07/2026 00:00:00 até 22/09/2026 23:59:59 - NF: Todos,M2070-1,BEB MIST CABARE ICE FRAM LN 275ML,CABARE,5,Todos
Todos Vendedores - 01/07/2026 00:00:00 até 22/09/2026 23:59:59 - NF: Todos,M2640-1,BATATA STAR FRITES 2KG,STAR FRITES,5,Todos
Todos Vendedores - 01/07/2026 00:00:00 até 22/09/2026 23:59:59 - NF: Todos,7896004006239,BATATA PRINGLES 109G CREME E CEBOLA,PRINGLES,25,Todos
Todos Vendedores - 01/07/2026 00:00:00 até 22/09/2026 23:59:59 - NF: Todos,M1376-1,BATATA PALITO EASYCHEF 2KG,EASY CHEF,26,Todos
Todos Vendedores - 01/07/2026 00:00:00 até 22/09/2026 23:59:59 - NF: Todos,M2784-1,BATATA PALITO CONGELADA 2KG NOBRE,NOBRE,4,Todos
Todos Vendedores - 01/07/2026 00:00:00 até 22/09/2026 23:59:59 - NF: Todos,M62-1,BATATA PALITO CONGELADA 2KG,CANÇÃO ALIMENTOS,"0,63",Todos
Todos Vendedores - 01/07/2026 00:00:00 até 22/09/2026 23:59:59 - NF: Todos,7891164026707,"BATATA PALITO CONGELADA 1,05KG",AURORA,14,Todos
Todos Vendedores - 01/07/2026 00:00:00 até 22/09/2026 23:59:59 - NF: Todos,7897200607688,"BATATA PALITO 1,1KG",CANÇÃO,2,Todos
Todos Vendedores - 01/07/2026 00:00:00 até 22/09/2026 23:59:59 - NF: Todos,M1328-1,BATATA PALHA PINGOOL 100G,PINGOOL,37,Todos
Todos Vendedores - 01/07/2026 00:00:00 até 22/09/2026 23:59:59 - NF: Todos,LEVEMAIS,BATATA PALHA LEVE MAIS 500G,LEVE MAIS,31,Todos
Todos Vendedores - 01/07/2026 00:00:00 até 22/09/2026 23:59:59 - NF: Todos,M1660-1,BATATA PALHA LEVE + 500G,leve+,9,Todos
Todos Vendedores - 01/07/2026 00:00:00 até 22/09/2026 23:59:59 - NF: Todos,M1185-1,BATATA PALHA 101G,PRATIC LEVE,64,Todos
Todos Vendedores - 01/07/2026 00:00:00 até 22/09/2026 23:59:59 - NF: Todos,M422-1,BATATA PALHA 100G,CRISTAL,1,Todos
Todos Vendedores - 01/07/2026 00:00:00 até 22/09/2026 23:59:59 - NF: Todos,M2529-1,BATATA ECOFRIES 10MM MCCAIN 2KG,ECOFRIES,9,Todos
Todos Vendedores - 01/07/2026 00:00:00 até 22/09/2026 23:59:59 - NF: Todos,000163,BATATA DOCE,.,"0,8",Todos
Todos Vendedores - 01/07/2026 00:00:00 até 22/09/2026 23:59:59 - NF: Todos,M2298-1,BATATA CURCUMA EASYCHEF 2KG, EASYCHEF,3,Todos
Todos Vendedores - 01/07/2026 00:00:00 até 22/09/2026 23:59:59 - NF: Todos,M426-1,BATATA CHIPS 80G,CRISTAL,122,Todos
Todos Vendedores - 01/07/2026 00:00:00 até 22/09/2026 23:59:59 - NF: Todos,M1626-1,BATATA C/ CURCUMA 9MM EASYCHEF 2KG, EASYCHEF,1,Todos
Todos Vendedores - 01/07/2026 00:00:00 até 22/09/2026 23:59:59 - NF: Todos,M702-1,BATATA 104G ORIGINAL,PRINGLES,40,Todos
Todos Vendedores - 01/07/2026 00:00:00 até 22/09/2026 23:59:59 - NF: Todos,000162,BATATA,.,"567,23",Todos
Todos Vendedores - 01/07/2026 00:00:00 até 22/09/2026 23:59:59 - NF: Todos,M856-1,BARBECUE TRADICIONAL 200G,CONDINEW,5,Todos
Todos Vendedores - 01/07/2026 00:00:00 até 22/09/2026 23:59:59 - NF: Todos,M146-1,BARALHO COPAG 139,COPAG,4,Todos
Todos Vendedores - 01/07/2026 00:00:00 até 22/09/2026 23:59:59 - NF: Todos,631911741135,BANHA SUINA POTE 400G,.,36,Todos
Todos Vendedores - 01/07/2026 00:00:00 até 22/09/2026 23:59:59 - NF: Todos,7,BANDEJINHAS 9,.,457,Todos
Todos Vendedores - 01/07/2026 00:00:00 até 22/09/2026 23:59:59 - NF: Todos,8,"BANDEJINHAS 8,00",.,195,Todos
Todos Vendedores - 01/07/2026 00:00:00 até 22/09/2026 23:59:59 - NF: Todos,M2676-1,BAND- AID 40UN,BAND AID,3,Todos
Todos Vendedores - 01/07/2026 00:00:00 até 22/09/2026 23:59:59 - NF: Todos,000004,BANANINHA,.,"0,728",Todos
Todos Vendedores - 01/07/2026 00:00:00 até 22/09/2026 23:59:59 - NF: Todos,7898279790394,BANANAS 80G,FINI,32,Todos
Todos Vendedores - 01/07/2026 00:00:00 até 22/09/2026 23:59:59 - NF: Todos,000151,BANANA PRATA,.,"226,34",Todos
Todos Vendedores - 01/07/2026 00:00:00 até 22/09/2026 23:59:59 - NF: Todos,000150,BANANA NANICA,.,"367,54",Todos
Todos Vendedores - 01/07/2026 00:00:00 até 22/09/2026 23:59:59 - NF: Todos,7896262304351,BALA MENTOS STICK 37,MENTOS,12,Todos
Todos Vendedores - 01/07/2026 00:00:00 até 22/09/2026 23:59:59 - NF: Todos,M2635-1,BALA LUA CHEIA DORI,LUA CHEIA,10,Todos
Todos Vendedores - 01/07/2026 00:00:00 até 22/09/2026 23:59:59 - NF: Todos,7892840822774,BACONZITOS 86G,STELLA,21,Todos
Todos Vendedores - 01/07/2026 00:00:00 até 22/09/2026 23:59:59 - NF: Todos,M1052-1,BACONZITOS 34G,PEPSICO,2,Todos
Todos Vendedores - 01/07/2026 00:00:00 até 22/09/2026 23:59:59 - NF: Todos,000060,BACON,.,"169,356",Todos
Todos Vendedores - 01/07/2026 00:00:00 até 22/09/2026 23:59:59 - NF: Todos,M177-1,AZEITONA VERDE VALE FERTIL 120G FATIADO,VALE FERTIL,72,Todos
Todos Vendedores - 01/07/2026 00:00:00 até 22/09/2026 23:59:59 - NF: Todos,M913-1,AZEITONA VERDE SEM CAROÇO 240G,VALE FERTIL,60,Todos
Todos Vendedores - 01/07/2026 00:00:00 até 22/09/2026 23:59:59 - NF: Todos,M759-1,AZEITONA VERDE COM CAROÇO 240G,VALE FERTIL,3,Todos
Todos Vendedores - 01/07/2026 00:00:00 até 22/09/2026 23:59:59 - NF: Todos,7898622811288,AZEITONA VERDE 250G,PORTOBELLO,3,Todos
Todos Vendedores - 01/07/2026 00:00:00 até 22/09/2026 23:59:59 - NF: Todos,M2540-1,AZEITE OLIVA ANDORINHA 250ML EX.VIRG,OLIVA,5,Todos
Todos Vendedores - 01/07/2026 00:00:00 até 22/09/2026 23:59:59 - NF: Todos,5601216120152,AZEITE DE OLIVA ANDORINHA 500ML,ANDORINHA,9,Todos
Todos Vendedores - 01/07/2026 00:00:00 até 22/09/2026 23:59:59 - NF: Todos,M178-1,AVEIA APTI 150G FLOCOS REGULAR,Apti,14,Todos
Todos Vendedores - 01/07/2026 00:00:00 até 22/09/2026 23:59:59 - NF: Todos,7891164110703,AUROGGETS TRADICIONAL 800G,AURORA,48,Todos
Todos Vendedores - 01/07/2026 00:00:00 até 22/09/2026 23:59:59 - NF: Todos,M2783-1,AUROGGETS 275G,AURORA,9,Todos
Todos Vendedores - 01/07/2026 00:00:00 até 22/09/2026 23:59:59 - NF: Todos,M2708-1,AURO PRO WHEY,AURORA,2,Todos
Todos Vendedores - 01/07/2026 00:00:00 até 22/09/2026 23:59:59 - NF: Todos,M940-1,ATUM RALADO EM OLEO,.,3,Todos
Todos Vendedores - 01/07/2026 00:00:00 até 22/09/2026 23:59:59 - NF: Todos,M939-1,ATUM RALADO AO NATURAL,COQUEIRO,5,Todos
Todos Vendedores - 01/07/2026 00:00:00 até 22/09/2026 23:59:59 - NF: Todos,M1374-1,ATUM RALADO AO NATURAL,GOMES DA COSTA,1,Todos
Todos Vendedores - 01/07/2026 00:00:00 até 22/09/2026 23:59:59 - NF: Todos,M1282-1,ASA,Holambra,2,Todos
Todos Vendedores - 01/07/2026 00:00:00 até 22/09/2026 23:59:59 - NF: Todos,000090,ASA,.,"348,426",Todos
Todos Vendedores - 01/07/2026 00:00:00 até 22/09/2026 23:59:59 - NF: Todos,7896086419774,ARROZ PATEKO 5KG,PATEKO,3,Todos
Todos Vendedores - 01/07/2026 00:00:00 até 22/09/2026 23:59:59 - NF: Todos,M1381-1,ARROZ NAMORADO 5KG,NAMORADO,31,Todos
Todos Vendedores - 01/07/2026 00:00:00 até 22/09/2026 23:59:59 - NF: Todos,M782-1,ARROZ FAMIL 5KG,FAMIL,7,Todos
Todos Vendedores - 01/07/2026 00:00:00 até 22/09/2026 23:59:59 - NF: Todos,M1847-1,ARROZ CAMIL 5KG,CAMIL,10,Todos
Todos Vendedores - 01/07/2026 00:00:00 até 22/09/2026 23:59:59 - NF: Todos,M1281-1,ARROZ CAMIL 1KG,CAMIL,34,Todos
Todos Vendedores - 01/07/2026 00:00:00 até 22/09/2026 23:59:59 - NF: Todos,7898910194680,ARROZ BRANCO SELECT 1KG,SABENE,5,Todos
Todos Vendedores - 01/07/2026 00:00:00 até 22/09/2026 23:59:59 - NF: Todos,7896011906874,ARROZ BRANCO 5KG,BLUE VILLE,9,Todos
Todos Vendedores - 01/07/2026 00:00:00 até 22/09/2026 23:59:59 - NF: Todos,M2775-1,ARROZ BLUE VILLE 1KG,BLUE VILLE,7,Todos
Todos Vendedores - 01/07/2026 00:00:00 até 22/09/2026 23:59:59 - NF: Todos,M1483-1,ARROZ ARROZAL 5KG,ARROZAL,1,Todos
Todos Vendedores - 01/07/2026 00:00:00 até 22/09/2026 23:59:59 - NF: Todos,M790-1,ARROZ 1KG,SOLITO,15,Todos
Todos Vendedores - 01/07/2026 00:00:00 até 22/09/2026 23:59:59 - NF: Todos,M1548-1,AROMASIL LAVANDA 140ML,AROMASIL,7,Todos
Todos Vendedores - 01/07/2026 00:00:00 até 22/09/2026 23:59:59 - NF: Todos,M1547-1,AROMASIL EUCALIPTO 140ML,AROMASIL,4,Todos
Todos Vendedores - 01/07/2026 00:00:00 até 22/09/2026 23:59:59 - NF: Todos,M2461-1,AROMA DE BAUNILHA CEPERA 30ML,CEPERA ,4,Todos
Todos Vendedores - 01/07/2026 00:00:00 até 22/09/2026 23:59:59 - NF: Todos,M2662-1,ARANHA 80G,FINI,2,Todos
Todos Vendedores - 01/07/2026 00:00:00 até 22/09/2026 23:59:59 - NF: Todos,7908228806011,ARANHA 80G,FINI,3,Todos
Todos Vendedores - 01/07/2026 00:00:00 até 22/09/2026 23:59:59 - NF: Todos,M37-1,APARELHO BARBEAR GILLET PRESTOBARBA COM 2 ULTTRA GRIP,GILLET,62,Todos
Todos Vendedores - 01/07/2026 00:00:00 até 22/09/2026 23:59:59 - NF: Todos,M38-1,APARELHO BARBEAR BIC COMFORT 3 ACTION 3L PELE SENSIVEL,BIC,83,Todos
Todos Vendedores - 01/07/2026 00:00:00 até 22/09/2026 23:59:59 - NF: Todos,M404-1,ANA MARIA TRIPLO CHOCOLATE 70G BIMBO,BIMBO,21,Todos
Todos Vendedores - 01/07/2026 00:00:00 até 22/09/2026 23:59:59 - NF: Todos,M405-1,ANA MARIA MORANGO 70G,BIMBO,9,Todos
Todos Vendedores - 01/07/2026 00:00:00 até 22/09/2026 23:59:59 - NF: Todos,M408-1,ANA MARIA GOTAS DE CHOCOLATE 70G,BIMBO,27,Todos
Todos Vendedores - 01/07/2026 00:00:00 até 22/09/2026 23:59:59 - NF: Todos,M406-1,ANA MARIA CHOCOLATE 70G,BIMBO,25,Todos
Todos Vendedores - 01/07/2026 00:00:00 até 22/09/2026 23:59:59 - NF: Todos,M2571-1,ANA MARIA CENOURA 70G,BIMBO,3,Todos
Todos Vendedores - 01/07/2026 00:00:00 até 22/09/2026 23:59:59 - NF: Todos,M553-1,ANA MARIA BAUNILHA 70G,BIMBO,13,Todos
Todos Vendedores - 01/07/2026 00:00:00 até 22/09/2026 23:59:59 - NF: Todos,M1300-1,AMSTEL 350ML C/12UND,AMSTEL,5,Todos
Todos Vendedores - 01/07/2026 00:00:00 até 22/09/2026 23:59:59 - NF: Todos,M1299-1,AMSTEL 269ML 12UND,AMSTEL,13,Todos
Todos Vendedores - 01/07/2026 00:00:00 até 22/09/2026 23:59:59 - NF: Todos,M1175-1,AMSTEL 269ML,AMSTEL,75,Todos
Todos Vendedores - 01/07/2026 00:00:00 até 22/09/2026 23:59:59 - NF: Todos,7898279790431,AMORAS 80G,FINI,53,Todos
Todos Vendedores - 01/07/2026 00:00:00 até 22/09/2026 23:59:59 - NF: Todos,M1001-1,AMIDO DE MILHO MAISCERTA 200G,NEILAR,22,Todos
Todos Vendedores - 01/07/2026 00:00:00 até 22/09/2026 23:59:59 - NF: Todos,M420-1,AMENDOIM SEM PELE 200G,CRISTAL,102,Todos
Todos Vendedores - 01/07/2026 00:00:00 até 22/09/2026 23:59:59 - NF: Todos,M1413-1,AMENDOIM SABOR SALSA E CEBOLA 200G,CRYSTAL,43,Todos
Todos Vendedores - 01/07/2026 00:00:00 até 22/09/2026 23:59:59 - NF: Todos,M421-1,AMENDOIM NOVIDADE 200G,CRISTAL,143,Todos
Todos Vendedores - 01/07/2026 00:00:00 até 22/09/2026 23:59:59 - NF: Todos,M419-1,AMENDOIM JAPONES 200G,CRISTAL,79,Todos
Todos Vendedores - 01/07/2026 00:00:00 até 22/09/2026 23:59:59 - NF: Todos,M418-1,AMENDOIM FRITO 200G,CRISTRAL,77,Todos
Todos Vendedores - 01/07/2026 00:00:00 até 22/09/2026 23:59:59 - NF: Todos,M2442-1,AMENDOIM CROCANTE TRADICIONAL 150,CRISTAL,56,Todos
Todos Vendedores - 01/07/2026 00:00:00 até 22/09/2026 23:59:59 - NF: Todos,121212,AMENDOIM COM CASCA 1KG,AMENDOIM,11,Todos
Todos Vendedores - 01/07/2026 00:00:00 até 22/09/2026 23:59:59 - NF: Todos,M2703-1,AMEIXA LA VIOLETERA SECA 100G,LA VIOLETERA,3,Todos
Todos Vendedores - 01/07/2026 00:00:00 até 22/09/2026 23:59:59 - NF: Todos,M2677-1,AMANCIANTE ASSIM 500ML AZUL,ASSIM,5,Todos
Todos Vendedores - 01/07/2026 00:00:00 até 22/09/2026 23:59:59 - NF: Todos,M2431-1,AMACIANTE YPE 1L CONCENTADO PINK,Ype,7,Todos
Todos Vendedores - 01/07/2026 00:00:00 até 22/09/2026 23:59:59 - NF: Todos,M1883-1,AMACIANTE URCA 2L PRIMAVERA,URCA,7,Todos
Todos Vendedores - 01/07/2026 00:00:00 até 22/09/2026 23:59:59 - NF: Todos,M287-1,AMACIANTE ROUPA COMFORT CONCENTRADO 400ML FRESCOR INTENS,COMFORT,1,Todos
Todos Vendedores - 01/07/2026 00:00:00 até 22/09/2026 23:59:59 - NF: Todos,M2609-1,AMACIANTE ROUPA COMFORT 700ML ENERGIA FLORAL,COMFORT,1,Todos
Todos Vendedores - 01/07/2026 00:00:00 até 22/09/2026 23:59:59 - NF: Todos,M2315-1,AMACIANTE MINUANO 500ML CLASSICO AZUL,MINUANO,7,Todos
Todos Vendedores - 01/07/2026 00:00:00 até 22/09/2026 23:59:59 - NF: Todos,M258-1,AMACIANTE DOWNY 500ML CONCENTRADO BRISA VERAO,DOWNY,9,Todos
Todos Vendedores - 01/07/2026 00:00:00 até 22/09/2026 23:59:59 - NF: Todos,7500435201292,AMACIANTE DOWNY 500ML CONCENT BRISA ELEGANTE,DOWNY,2,Todos
Todos Vendedores - 01/07/2026 00:00:00 até 22/09/2026 23:59:59 - NF: Todos,M2100-1,AMACIANTE COMFORT PURO CUIDADO 500ML,COMFORT,5,Todos
Todos Vendedores - 01/07/2026 00:00:00 até 22/09/2026 23:59:59 - NF: Todos,M184-1,AMACIANTE BABY SOFT 2L CARINHO AZUL,BABY SOFT,27,Todos
Todos Vendedores - 01/07/2026 00:00:00 até 22/09/2026 23:59:59 - NF: Todos,M2478-1,AMACIANTE AZUL CANDURA 2L,CANDURA,2,Todos
Todos Vendedores - 01/07/2026 00:00:00 até 22/09/2026 23:59:59 - NF: Todos,M1225-1,AMACIANTE AMACITEL 2L LUXO TOQUE POESIA AZUL,AMACITEL,1,Todos
Todos Vendedores - 01/07/2026 00:00:00 até 22/09/2026 23:59:59 - NF: Todos,7898953190083,ALHO TRITURADO TEMPERO 200G,.,24,Todos
Todos Vendedores - 01/07/2026 00:00:00 até 22/09/2026 23:59:59 - NF: Todos,M839-1,ALHO PICADO 200G,CONDINEW,5,Todos
Todos Vendedores - 01/07/2026 00:00:00 até 22/09/2026 23:59:59 - NF: Todos,M633-1,ALHO FRITO 80G,.,3,Todos
Todos Vendedores - 01/07/2026 00:00:00 até 22/09/2026 23:59:59 - NF: Todos,M779-1,ALHO EM PASTA 200G,CONDINEW,7,Todos
Todos Vendedores - 01/07/2026 00:00:00 até 22/09/2026 23:59:59 - NF: Todos,000240,ALHO,.,"91,16",Todos
Todos Vendedores - 01/07/2026 00:00:00 até 22/09/2026 23:59:59 - NF: Todos,M251-1,ALGODAO APOLO 25G,APOLO,6,Todos
Todos Vendedores - 01/07/2026 00:00:00 até 22/09/2026 23:59:59 - NF: Todos,060,ALFACE,.,759,Todos
Todos Vendedores - 01/07/2026 00:00:00 até 22/09/2026 23:59:59 - NF: Todos,M776-1,ALECRIM 10G,CONDINEW,16,Todos
Todos Vendedores - 01/07/2026 00:00:00 até 22/09/2026 23:59:59 - NF: Todos,M902-1,"ALCOOLO ETILICO HIDRATADO 92,8 1 LITRO",TAUÍPE,46,Todos
Todos Vendedores - 01/07/2026 00:00:00 até 22/09/2026 23:59:59 - NF: Todos,M1736-1,ALCOOL TAUIPE 70 1L,TAUÍPE,22,Todos
Todos Vendedores - 01/07/2026 00:00:00 até 22/09/2026 23:59:59 - NF: Todos,M1514-1,"ALCOOL TAIUPE 46,2 1L",TAUÍPE,7,Todos
Todos Vendedores - 01/07/2026 00:00:00 até 22/09/2026 23:59:59 - NF: Todos,M2795-1,"ALCOOL LIQUIDO TUPI 500ML 46,2 NEUTRO",TUPI,4,Todos
Todos Vendedores - 01/07/2026 00:00:00 até 22/09/2026 23:59:59 - NF: Todos,M2797-1,ALCOOL LIQUIDO OBBA 1L BICARBONATO,OBBA,1,Todos
Todos Vendedores - 01/07/2026 00:00:00 até 22/09/2026 23:59:59 - NF: Todos,000002,ALCATRA,.,"294,682",Todos
Todos Vendedores - 01/07/2026 00:00:00 até 22/09/2026 23:59:59 - NF: Todos,M1008-1,AGUARDENTE PITU 965ML,PITU,10,Todos
Todos Vendedores - 01/07/2026 00:00:00 até 22/09/2026 23:59:59 - NF: Todos,M996-1,AGUARDENTE JAPI DE CANA,JAPI,1,Todos
Todos Vendedores - 01/07/2026 00:00:00 até 22/09/2026 23:59:59 - NF: Todos,M569-1,AGUARDENTE DE CANA,.,63,Todos
Todos Vendedores - 01/07/2026 00:00:00 até 22/09/2026 23:59:59 - NF: Todos,M792-1,AGUA TONICA ANTARCTICA 350ML,ANTARCTICA,11,Todos
Todos Vendedores - 01/07/2026 00:00:00 até 22/09/2026 23:59:59 - NF: Todos,M156-1,AGUA SANITARIA SUPREMA 2L,SUPREMA,28,Todos
Todos Vendedores - 01/07/2026 00:00:00 até 22/09/2026 23:59:59 - NF: Todos,M36-1,AGUA SANITARIA CANDURA 1L,CANDURA,78,Todos
Todos Vendedores - 01/07/2026 00:00:00 até 22/09/2026 23:59:59 - NF: Todos,M670-1,AGUA SANITARIA 2L,CANDURA,42,Todos
Todos Vendedores - 01/07/2026 00:00:00 até 22/09/2026 23:59:59 - NF: Todos,M947-1,"AGUA NATURAL MINERAL SEM GAS 1,5L",LINDOYA,3,Todos
Todos Vendedores - 01/07/2026 00:00:00 até 22/09/2026 23:59:59 - NF: Todos,7898994957102,AGUA NA CAIXA AGUA MIN S GAS TETRAPAK 500ML,TETRAPAK,1,Todos
Todos Vendedores - 01/07/2026 00:00:00 até 22/09/2026 23:59:59 - NF: Todos,M2466-1,AGUA MONTES CLARO 500ML,MONTES CLARO,11,Todos
Todos Vendedores - 01/07/2026 00:00:00 até 22/09/2026 23:59:59 - NF: Todos,7896008005306,AGUA MINERAL LINDOYA 500ML,LINDOYA,15,Todos
Todos Vendedores - 01/07/2026 00:00:00 até 22/09/2026 23:59:59 - NF: Todos,7896087705302,AGUA MINERAL FERRASPARI C/GAS 510ML,Ferraspari,7,Todos
Todos Vendedores - 01/07/2026 00:00:00 até 22/09/2026 23:59:59 - NF: Todos,M2641-1,AGUA MINERAL FERRASPARI 500 ML,Ferraspari,23,Todos
Todos Vendedores - 01/07/2026 00:00:00 até 22/09/2026 23:59:59 - NF: Todos,M2723-1,"AGUA MINERAL FERRASPARI  1,5L",Ferraspari,1,Todos
Todos Vendedores - 01/07/2026 00:00:00 até 22/09/2026 23:59:59 - NF: Todos,7896089500202,AGUA LINDOYA 510ML,LINDOYA,1,Todos
Todos Vendedores - 01/07/2026 00:00:00 até 22/09/2026 23:59:59 - NF: Todos,M163-1,AGUA DE COCO DUCOCO 1L,DUCOCO,12,Todos
Todos Vendedores - 01/07/2026 00:00:00 até 22/09/2026 23:59:59 - NF: Todos,M1125-1,AGUA DE COCO DUCOCO,DUCOCO,32,Todos
Todos Vendedores - 01/07/2026 00:00:00 até 22/09/2026 23:59:59 - NF: Todos,7896000593764,AGUA DE COCO 180ML,PURO COCO ,1,Todos
Todos Vendedores - 01/07/2026 00:00:00 até 22/09/2026 23:59:59 - NF: Todos,M1512-1,AGUA CRYSTAL 500ML,CRYSTAL,40,Todos
Todos Vendedores - 01/07/2026 00:00:00 até 22/09/2026 23:59:59 - NF: Todos,M1491-1,"AGUA CRYSTAL 1,5L",CRYSTAL,10,Todos
Todos Vendedores - 01/07/2026 00:00:00 até 22/09/2026 23:59:59 - NF: Todos,M1486-1,AGUA COM GAS 510ML,CRYSTAL,29,Todos
Todos Vendedores - 01/07/2026 00:00:00 até 22/09/2026 23:59:59 - NF: Todos,M1401-1,AGUA COM GAS 500ML,LINDOYA,32,Todos
Todos Vendedores - 01/07/2026 00:00:00 até 22/09/2026 23:59:59 - NF: Todos,M1373-1,"AGUA COM GAS 1,5LITROS",POMPEIA,3,Todos
Todos Vendedores - 01/07/2026 00:00:00 até 22/09/2026 23:59:59 - NF: Todos,M1886-1,"AGUA COM GAS 1,5 L FERRASPARI",Ferraspari,18,Todos
Todos Vendedores - 01/07/2026 00:00:00 até 22/09/2026 23:59:59 - NF: Todos,M194-1,ADOCANTE ZERO CAL 100ML,ZERO CAL,7,Todos
Todos Vendedores - 01/07/2026 00:00:00 até 22/09/2026 23:59:59 - NF: Todos,M193-1,ADOCANTE ADOCYL 100ML,ADOCYL,23,Todos
Todos Vendedores - 01/07/2026 00:00:00 até 22/09/2026 23:59:59 - NF: Todos,M1606-1,AÇUCAR REFINADO UNIAO 1KG,UNIAO,15,Todos
Todos Vendedores - 01/07/2026 00:00:00 até 22/09/2026 23:59:59 - NF: Todos,M1532-1,AÇUCAR REFINADO PATEKO 1KG,PATEKO,5,Todos
Todos Vendedores - 01/07/2026 00:00:00 até 22/09/2026 23:59:59 - NF: Todos,M164-1,AÇUCAR REFINADO 1KG,CARAVELAS,144,Todos
Todos Vendedores - 01/07/2026 00:00:00 até 22/09/2026 23:59:59 - NF: Todos,M192-1,ACUCAR DEMERARA CARAVELAS 1KG,CARAVELAS,9,Todos
Todos Vendedores - 01/07/2026 00:00:00 até 22/09/2026 23:59:59 - NF: Todos,M1520-1,ACUCAR CRISTAL COLOMBO 2KG,COLOMBO,51,Todos
Todos Vendedores - 01/07/2026 00:00:00 até 22/09/2026 23:59:59 - NF: Todos,7896508200034,ACUCAR ALTO ALEGRE 1KG,ALTO ALEGRE,79,Todos
Todos Vendedores - 01/07/2026 00:00:00 até 22/09/2026 23:59:59 - NF: Todos,M13-1,ACHOCOLATADO PRONTO TODDYNHO 200ML,Toddynho,67,Todos
Todos Vendedores - 01/07/2026 00:00:00 até 22/09/2026 23:59:59 - NF: Todos,M160-1,ACHOCOLATADO PO TODDY 370G,TODDY,17,Todos
Todos Vendedores - 01/07/2026 00:00:00 até 22/09/2026 23:59:59 - NF: Todos,M196-1,ACHOCOLATADO PO OVOMALTINE 190G FLOCOS CROCANTE,OVOMALTINE,1,Todos
Todos Vendedores - 01/07/2026 00:00:00 até 22/09/2026 23:59:59 - NF: Todos,M101-1,ACHOCOLATADO PO NESCAU 350G,NESCAU,17,Todos
Todos Vendedores - 01/07/2026 00:00:00 até 22/09/2026 23:59:59 - NF: Todos,M2317-1,ACHOCOLATADO PO NESCAU 350G,NESCAU,8,Todos
Todos Vendedores - 01/07/2026 00:00:00 até 22/09/2026 23:59:59 - NF: Todos,7891000379585,ACHOCOLATADO PO NESCAU 200G,NESCAU,15,Todos
Todos Vendedores - 01/07/2026 00:00:00 até 22/09/2026 23:59:59 - NF: Todos,7908494800157,ACHOCOLATADO MILKO 200G,MILKO,2,Todos
Todos Vendedores - 01/07/2026 00:00:00 até 22/09/2026 23:59:59 - NF: Todos,7898080640673,ACHOC PO ITALAC 400G,Italac,10,Todos
Todos Vendedores - 01/07/2026 00:00:00 até 22/09/2026 23:59:59 - NF: Todos,M1228-1,ACENDEDOR MANUAL DE FOGAO,.,1,Todos
Todos Vendedores - 01/07/2026 00:00:00 até 22/09/2026 23:59:59 - NF: Todos,7898910095307,ACENDEDOR CHURRASCO 425G,TUPI,14,Todos
Todos Vendedores - 01/07/2026 00:00:00 até 22/09/2026 23:59:59 - NF: Todos,000048,ACEM COM OSSO,.,"0,51",Todos
Todos Vendedores - 01/07/2026 00:00:00 até 22/09/2026 23:59:59 - NF: Todos,000001,ACEM,.,"1738,378",Todos
Todos Vendedores - 01/07/2026 00:00:00 até 22/09/2026 23:59:59 - NF: Todos,100003,ACEM,VALENCIO,"12,26",Todos
Todos Vendedores - 01/07/2026 00:00:00 até 22/09/2026 23:59:59 - NF: Todos,M774-1,ACAFRAO PURO 20G,CANDINEW,23,Todos
Todos Vendedores - 01/07/2026 00:00:00 até 22/09/2026 23:59:59 - NF: Todos,M250-1,ABSORVENTE INTIMUS GEL COM 8 SUAVE,INTIMUS GEL,29,Todos
Todos Vendedores - 01/07/2026 00:00:00 até 22/09/2026 23:59:59 - NF: Todos,M249-1,ABSORVENTE INTIMUS GEL COM 8 NOTURNO SUAVE,INTIMUS GEL,25,Todos
Todos Vendedores - 01/07/2026 00:00:00 até 22/09/2026 23:59:59 - NF: Todos,000156,ABOBRINHA,.,"1,19",Todos
Todos Vendedores - 01/07/2026 00:00:00 até 22/09/2026 23:59:59 - NF: Todos,000169,ABOBORA CABOTIA,.,"26,17",Todos
Todos Vendedores - 01/07/2026 00:00:00 até 22/09/2026 23:59:59 - NF: Todos,000154,ABACAXI,.,55,Todos
Todos Vendedores - 01/07/2026 00:00:00 até 22/09/2026 23:59:59 - NF: Todos,7896423439120,2 SNIKERS,SNICKERS,9,Todos
